"","calBP","PrDens"
"1",3000,0.0442819245181587
"2",2999,0.0444348067775739
"3",2998,0.0445822220234896
"4",2997,0.044714401166989
"5",2996,0.0448513079896397
"6",2995,0.0449727508191255
"7",2994,0.0450237990110577
"8",2993,0.0450739057336487
"9",2992,0.0451230673446317
"10",2991,0.0451712804009341
"11",2990,0.0452185416614372
"12",2989,0.0452185416614372
"13",2988,0.0452185416614372
"14",2987,0.0452185416614372
"15",2986,0.0452185416614372
"16",2985,0.0452185416614372
"17",2984,0.0452185416614372
"18",2983,0.0452185416614372
"19",2982,0.0452185416614372
"20",2981,0.0452185416614372
"21",2980,0.0452185416614372
"22",2979,0.0452302078980975
"23",2978,0.0452418144112978
"24",2977,0.0452533611564193
"25",2976,0.0452648480896582
"26",2975,0.0452762751680276
"27",2974,0.0453101968563554
"28",2973,0.045343578382268
"29",2972,0.0453764187188966
"30",2971,0.0454087169070785
"31",2970,0.0454404720559023
"32",2969,0.0455003421547327
"33",2968,0.0455586838528595
"34",2967,0.0456154853799718
"35",2966,0.0456707354509877
"36",2965,0.0457244232831256
"37",2964,0.0458111673239854
"38",2963,0.0458917596995913
"39",2962,0.0459662061543555
"40",2961,0.0460345218575752
"41",2960,0.0460967314866579
"42",2959,0.0461528692798863
"43",2958,0.0462029790577981
"44",2957,0.0462471142124022
"45",2956,0.0462853376635924
"46",2955,0.0463177217822789
"47",2954,0.0463500013887073
"48",2953,0.0463663021341645
"49",2952,0.0463763274720016
"50",2951,0.0463702845876863
"51",2950,0.0463692589946098
"52",2949,0.0463698727829912
"53",2948,0.0463680653859084
"54",2947,0.0463638897802561
"55",2946,0.0463574007156829
"56",2945,0.0463486546576441
"57",2944,0.0463457493273129
"58",2943,0.0463426658670622
"59",2942,0.0463394056671991
"60",2941,0.0463359701283945
"61",2940,0.0463323606615556
"62",2939,0.0463341870474013
"63",2938,0.0463359701283945
"64",2937,0.0463377097272212
"65",2936,0.0463394056671991
"66",2935,0.0463410577722817
"67",2934,0.0463426658670622
"68",2933,0.0463442297767777
"69",2932,0.0463457493273129
"70",2931,0.0463472243452043
"71",2930,0.0463486546576441
"72",2929,0.0463453072648137
"73",2928,0.0463400630095324
"74",2927,0.0463329530133802
"75",2926,0.046324009758468
"76",2925,0.0463132670739533
"77",2924,0.0462804330559376
"78",2923,0.0462312872601813
"79",2922,0.0461860656236662
"80",2921,0.0461251454842186
"81",2920,0.046058875983085
"82",2919,0.0460108447868844
"83",2918,0.0459615335702086
"84",2917,0.045911114495723
"85",2916,0.0458597581889893
"86",2915,0.0458076333817034
"87",2914,0.045846607467285
"88",2913,0.0458848196232659
"89",2912,0.045922192823534
"90",2911,0.0459586501127302
"91",2910,0.0459941147001978
"92",2909,0.0460429047097688
"93",2908,0.0460892908613926
"94",2907,0.0461330533607625
"95",2906,0.0461739749734912
"96",2905,0.0462118415601232
"97",2904,0.0462198015966627
"98",2903,0.0462369409707923
"99",2902,0.0462532059716973
"100",2901,0.0462685713582521
"101",2900,0.0462731580211422
"102",2899,0.0462783391535143
"103",2898,0.0462834910018704
"104",2897,0.0462886134070499
"105",2896,0.0462937062096022
"106",2895,0.046298769249807
"107",2894,0.0462852124231024
"108",2893,0.046261095715812
"109",2892,0.0462359863382859
"110",2891,0.0462099374242217
"111",2890,0.0461933033934804
"112",2889,0.0461660282493982
"113",2888,0.0461372769212353
"114",2887,0.0461071229276784
"115",2886,0.0460756405434461
"116",2885,0.0460429047097688
"117",2884,0.0460139050098944
"118",2883,0.0459840877253313
"119",2882,0.0459535009175447
"120",2881,0.045922192823534
"121",2880,0.0458902118125907
"122",2879,0.045846607467285
"123",2878,0.0458020079478489
"124",2877,0.045767107830659
"125",2876,0.0457215147617622
"126",2875,0.0456857498621191
"127",2874,0.0456395414804673
"128",2873,0.0455929700717863
"129",2872,0.0455461503741419
"130",2871,0.0454991961073888
"131",2870,0.0454522198033936
"132",2869,0.0454053326394204
"133",2868,0.0453586442750283
"134",2867,0.0453122626928152
"135",2866,0.0452662940433228
"136",2865,0.0452208424943984
"137",2864,0.0451815768445447
"138",2863,0.0451428521958819
"139",2862,0.0451047340864902
"140",2861,0.0450773103713263
"141",2860,0.0450411352580803
"142",2859,0.0450008003338338
"143",2858,0.0449616268375419
"144",2857,0.0449237018979562
"145",2856,0.0448871096752166
"146",2855,0.0448519312642471
"147",2854,0.044801984153524
"148",2853,0.0447659085566912
"149",2852,0.0447240345267133
"150",2851,0.0446862476208367
"151",2850,0.0446527464571222
"152",2849,0.04462371143881
"153",2848,0.0445993044587485
"154",2847,0.0445796686703302
"155",2846,0.044564928322613
"156",2845,0.0445551886569896
"157",2844,0.0445509549883009
"158",2843,0.0445502939802951
"159",2842,0.0445532362470404
"160",2841,0.0445598032824355
"161",2840,0.0445700075160137
"162",2839,0.0445751086948581
"163",2838,0.0445807922943788
"164",2837,0.0445870579068566
"165",2836,0.0445939048983877
"166",2835,0.0446013324099361
"167",2834,0.044597546151614
"168",2833,0.0445939048983877
"169",2832,0.0445904087786663
"170",2831,0.0445870579068566
"171",2830,0.044583852383328
"172",2829,0.0445764750048514
"173",2828,0.0445700075160137
"174",2827,0.0445644503248534
"175",2826,0.0445598032824355
"176",2825,0.0445560656801209
"177",2824,0.0445542591447597
"178",2823,0.0445527791891764
"179",2822,0.0445516253680507
"180",2821,0.0445507971625721
"181",2820,0.0445502939802951
"182",2819,0.0445501983672267
"183",2818,0.0445501387679336
"184",2817,0.0445501151550046
"185",2816,0.0445501275001158
"186",2815,0.0445501757740294
"187",2814,0.0445502599465934
"188",2813,0.0445503799867414
"189",2812,0.0445505358624924
"190",2811,0.0445507275409496
"191",2810,0.0445509549883009
"192",2809,0.0445507275409496
"193",2808,0.0445505358624924
"194",2807,0.0445503799867414
"195",2806,0.0445502599465934
"196",2805,0.0445501757740294
"197",2804,0.0445452867914749
"198",2803,0.0445404455177305
"199",2802,0.0445356527900312
"200",2801,0.0445309094397314
"201",2800,0.0445262162921623
"202",2799,0.0445223885395353
"203",2798,0.0445194772784633
"204",2797,0.0445174944899118
"205",2796,0.0445164514285968
"206",2795,0.0445163586169122
"207",2794,0.0445270310966419
"208",2793,0.0445407459661395
"209",2792,0.0445574959589894
"210",2791,0.0445772679511792
"211",2790,0.0446000430341219
"212",2789,0.0446303586147375
"213",2788,0.0446635344748118
"214",2787,0.0446995084205291
"215",2786,0.0447382130715393
"216",2785,0.0447795759887769
"217",2784,0.0448330241384527
"218",2783,0.044891194274239
"219",2782,0.0449539355474416
"220",2781,0.0450210817857804
"221",2780,0.0450830770900584
"222",2779,0.0451428794687133
"223",2778,0.0452056538867704
"224",2777,0.0452712981552698
"225",2776,0.0453503848051547
"226",2775,0.045422238285384
"227",2774,0.0454708306347822
"228",2773,0.0455199736401896
"229",2772,0.0455696258365419
"230",2771,0.0456197452395128
"231",2770,0.0456702893731755
"232",2769,0.0457272945636599
"233",2768,0.0457850869980693
"234",2767,0.0458436109527105
"235",2766,0.045902809612864
"236",2765,0.045962625113773
"237",2764,0.0460774129118434
"238",2763,0.0461836670761573
"239",2762,0.0462910483957259
"240",2761,0.0463992471467072
"241",2760,0.0465079477501463
"242",2759,0.0466805984305459
"243",2758,0.0468435936907272
"244",2757,0.047016437543283
"245",2756,0.0471865717966617
"246",2755,0.0473637775791461
"247",2754,0.0475726488700227
"248",2753,0.0477709665395939
"249",2752,0.0479368583467946
"250",2751,0.0480969344945971
"251",2750,0.0482283298965822
"252",2749,0.0483701718991989
"253",2748,0.0484871234630156
"254",2747,0.048577371410846
"255",2746,0.0486300272263113
"256",2745,0.048664746064262
"257",2744,0.0486765111437354
"258",2743,0.0486610329849189
"259",2742,0.048627738840966
"260",2741,0.0485653609508485
"261",2740,0.0485075330338596
"262",2739,0.0484794098123278
"263",2738,0.0484555075299905
"264",2737,0.0484390307643737
"265",2736,0.048444132781194
"266",2735,0.048464063435791
"267",2734,0.0484804608557801
"268",2733,0.0484992351850857
"269",2732,0.0485203612242579
"270",2731,0.0485437981341315
"271",2730,0.0485829591289861
"272",2729,0.0485662127998176
"273",2728,0.0485703836565385
"274",2727,0.0485753723405795
"275",2726,0.0485812599713668
"276",2725,0.0485881315316717
"277",2724,0.0486863058801387
"278",2723,0.0488062969818543
"279",2722,0.0489468875447676
"280",2721,0.0491058663538163
"281",2720,0.0492800613244016
"282",2719,0.0494997083313981
"283",2718,0.0497464071291235
"284",2717,0.0500038867556237
"285",2716,0.0502751097492832
"286",2715,0.0505510777780082
"287",2714,0.0506843234541315
"288",2713,0.0508021648915811
"289",2712,0.0509027733449647
"290",2711,0.0509954928122014
"291",2710,0.0510486852646698
"292",2709,0.0511163979964837
"293",2708,0.0511820010237934
"294",2707,0.0512350468443308
"295",2706,0.051295276685041
"296",2705,0.0513519534347413
"297",2704,0.0513811842607027
"298",2703,0.0513823405895163
"299",2702,0.0513544661646217
"300",2701,0.0512971405666871
"301",2700,0.051220817840999
"302",2699,0.0510929401035799
"303",2698,0.0509320965701055
"304",2697,0.0507406730295004
"305",2696,0.0505319521546588
"306",2695,0.0502896698448495
"307",2694,0.0501542303496053
"308",2693,0.0500192546185069
"309",2692,0.0498851465335188
"310",2691,0.0497522752533053
"311",2690,0.0496209763072303
"312",2689,0.0495330051478518
"313",2688,0.0494507596592184
"314",2687,0.0493544280593596
"315",2686,0.0492540116408362
"316",2685,0.0491496683385674
"317",2684,0.0488802398050556
"318",2683,0.0486128335048509
"319",2682,0.048350484058109
"320",2681,0.0480959716542242
"321",2680,0.0478517796944168
"322",2679,0.0475976511407501
"323",2678,0.0473609945894995
"324",2677,0.0471436729491991
"325",2676,0.046947034281147
"326",2675,0.0467719332846519
"327",2674,0.0467719332846519
"328",2673,0.0467719332846519
"329",2672,0.0467719332846519
"330",2671,0.0467719332846519
"331",2670,0.0467719332846519
"332",2669,0.0468555387581611
"333",2668,0.0469414090388085
"334",2667,0.0470292907044852
"335",2666,0.0471189241469598
"336",2665,0.0472100455606657
"337",2664,0.0472280958726054
"338",2663,0.047246298245297
"339",2662,0.0472646517831326
"340",2661,0.0472831555611791
"341",2660,0.04730180862508
"342",2659,0.0472449461723607
"343",2658,0.0471878720125213
"344",2657,0.0471306550508015
"345",2656,0.0470733669437079
"346",2655,0.0470160819668076
"347",2654,0.0469691670158695
"348",2653,0.0469252265840833
"349",2652,0.0468841583399767
"350",2651,0.0468458625318114
"351",2650,0.046810242024041
"352",2649,0.0467886001410861
"353",2648,0.0467667109815467
"354",2647,0.0467445768606394
"355",2646,0.0467222004450771
"356",2645,0.0466995847691444
"357",2644,0.0468647389736324
"358",2643,0.0470516652416517
"359",2642,0.0472597223281941
"360",2641,0.0474877899553736
"361",2640,0.0477342409379977
"362",2639,0.0481847270349168
"363",2638,0.0486814939989937
"364",2637,0.0492095041947235
"365",2636,0.0497394839605942
"366",2635,0.0502669215799224
"367",2634,0.0506555320394598
"368",2633,0.0509595252949365
"369",2632,0.0511887318482393
"370",2631,0.0513190213515448
"371",2630,0.0513720713203409
"372",2629,0.0513845325851308
"373",2628,0.0513561020068833
"374",2627,0.0512891308367727
"375",2626,0.0511974521449503
"376",2625,0.051074823611065
"377",2624,0.0511456550510249
"378",2623,0.0512166762868134
"379",2622,0.051276859347601
"380",2621,0.0513155507565775
"381",2620,0.0513519534347413
"382",2619,0.0514200494241845
"383",2618,0.0513857176897566
"384",2617,0.0512502826178071
"385",2616,0.0509916087285409
"386",2615,0.0506360780553079
"387",2614,0.0501706904094632
"388",2613,0.0496744153302512
"389",2612,0.0491799758136373
"390",2611,0.0486872496181336
"391",2610,0.0482220856381728
"392",2609,0.0479087402686188
"393",2608,0.047606404244527
"394",2607,0.0473203397382809
"395",2606,0.0470551562170486
"396",2605,0.0468146579445966
"397",2604,0.0469614689168934
"398",2603,0.0471164428717018
"399",2602,0.0472785970919518
"400",2601,0.0474468550117098
"401",2600,0.0476200638432033
"402",2599,0.0479724429247594
"403",2598,0.048350484058109
"404",2597,0.0487460888213696
"405",2596,0.0491496683385674
"406",2595,0.0495406966512265
"407",2594,0.0498012618605211
"408",2593,0.0500520510139195
"409",2592,0.0502896698448495
"410",2591,0.0505108568086743
"411",2590,0.0507028112574109
"412",2589,0.0508312946605373
"413",2588,0.0509480231455709
"414",2587,0.0510522553626182
"415",2586,0.0511433587470761
"416",2585,0.051220817840999
"417",2584,0.0512403849263145
"418",2583,0.0512587981921221
"419",2582,0.051276051282245
"420",2581,0.0512821430993941
"421",2580,0.0512971405666871
"422",2579,0.0512821430993941
"423",2578,0.051276051282245
"424",2577,0.0512587981921221
"425",2576,0.0512403849263145
"426",2575,0.051220817840999
"427",2574,0.0512001041599483
"428",2573,0.0511782519672271
"429",2572,0.0511552701988875
"430",2571,0.0511311686336788
"431",2570,0.0511059578827854
"432",2569,0.0511059578827854
"433",2568,0.0511059578827854
"434",2567,0.0511059578827854
"435",2566,0.0511059578827854
"436",2565,0.0511059578827854
"437",2564,0.0511669016884729
"438",2563,0.051220817840999
"439",2562,0.0512675701223356
"440",2561,0.0512971405666871
"441",2560,0.0513294895630319
"442",2559,0.0513585762703011
"443",2558,0.0513770561871853
"444",2557,0.0513850085530745
"445",2556,0.051382583104893
"446",2555,0.0513699982195512
"447",2554,0.0513299002209078
"448",2553,0.0512899621977598
"449",2552,0.0512502215577585
"450",2551,0.0512107127371364
"451",2550,0.0511714673582885
"452",2549,0.0511838372228995
"453",2548,0.0511940779788774
"454",2547,0.0512021511215077
"455",2546,0.0512080213356903
"456",2545,0.0512116565894336
"457",2544,0.0512088832614776
"458",2543,0.0511851737551182
"459",2542,0.0511402369350088
"460",2541,0.0510843364372136
"461",2540,0.0509976561754242
"462",2539,0.0509351109269888
"463",2538,0.0508543322216893
"464",2537,0.0507549979115848
"465",2536,0.050637018435948
"466",2535,0.0505108568086743
"467",2534,0.0505073466077349
"468",2533,0.0505032099399787
"469",2532,0.0504984793639697
"470",2531,0.050493186276293
"471",2530,0.0504873609354736
"472",2529,0.0505678130528454
"473",2528,0.0506534338985081
"474",2527,0.0507337629042396
"475",2526,0.0508085572920354
"476",2525,0.0508775971602791
"477",2524,0.0508775971602791
"478",2523,0.0508775971602791
"479",2522,0.0508775971602791
"480",2521,0.0508775971602791
"481",2520,0.0508775971602791
"482",2519,0.0508814671190911
"483",2518,0.0508839999051427
"484",2517,0.0508851197026009
"485",2516,0.0508847484987336
"486",2515,0.0508828061426497
"487",2514,0.0508355126486553
"488",2513,0.0507889375433382
"489",2512,0.0507430719798026
"490",2511,0.0506979070698039
"491",2510,0.0506534338985081
"492",2509,0.0506198062505432
"493",2508,0.0505853481851042
"494",2507,0.0505500767495315
"495",2506,0.0505240958269501
"496",2505,0.0504873609354736
"497",2504,0.0503922486226578
"498",2503,0.0502927012963569
"499",2502,0.0501890370663307
"500",2501,0.0500815882307591
"501",2500,0.0499706992781811
"502",2499,0.0497522752533053
"503",2498,0.0495165077999043
"504",2497,0.0492765671699167
"505",2496,0.0490153190139167
"506",2495,0.0487460888213696
"507",2494,0.0483345986529332
"508",2493,0.0479527273313402
"509",2492,0.0476068950127583
"510",2491,0.047301284401025
"511",2490,0.0470380820763018
"512",2489,0.0467886001410861
"513",2488,0.0465761454217815
"514",2487,0.0464027609368714
"515",2486,0.0462689201601758
"516",2485,0.0461736909296579
"517",2484,0.046180605720957
"518",2483,0.0461881286534276
"519",2482,0.0461962374751509
"520",2481,0.0462049106063695
"521",2480,0.0462141270981613
"522",2479,0.0462076736256201
"523",2478,0.0462024702330041
"524",2477,0.0461985760150693
"525",2476,0.0461960525129733
"526",2475,0.046194963872003
"527",2474,0.0462091695463981
"528",2473,0.0462233207672446
"529",2472,0.0462374167268071
"530",2471,0.0462514566617517
"531",2470,0.0462654398504035
"532",2469,0.0462346403574834
"533",2468,0.0462057920629276
"534",2467,0.0461789311726718
"535",2466,0.0461540870985067
"536",2465,0.0461312822512702
"537",2464,0.0461372784764233
"538",2463,0.0461476305133734
"539",2462,0.0461620202695566
"540",2461,0.046180147490304
"541",2460,0.0462017286983435
"542",2459,0.0462111890583227
"543",2458,0.0462155318816591
"544",2457,0.0462244891642509
"545",2456,0.0462378165235658
"546",2455,0.0462552580856982
"547",2454,0.0462592963118235
"548",2453,0.0462637720741448
"549",2452,0.0462686864539018
"550",2451,0.0462740398016068
"551",2450,0.0462798317437807
"552",2449,0.0462588903482051
"553",2448,0.0462381288045032
"554",2447,0.0462175579028863
"555",2446,0.0461971885017264
"556",2445,0.0461770315356527
"557",2444,0.0461939771458478
"558",2443,0.0462109515922259
"559",2442,0.0462279518133348
"560",2441,0.0462449747239816
"561",2440,0.0462620172153644
"562",2439,0.0462761152403597
"563",2438,0.046291428623508
"564",2437,0.0463079041381746
"565",2436,0.0463254896562751
"566",2435,0.0463441341934677
"567",2434,0.0463587825720615
"568",2433,0.0463739780429637
"569",2432,0.0463897004273483
"570",2431,0.0464059299374723
"571",2430,0.0464226471790853
"572",2429,0.04642752994154
"573",2428,0.0464331007255646
"574",2427,0.0464393417302205
"575",2426,0.0464462342473324
"576",2425,0.0464638128939387
"577",2424,0.0464757151175847
"578",2423,0.0464876277659763
"579",2422,0.0464995488903854
"580",2421,0.0465114765227987
"581",2420,0.0465234086778288
"582",2419,0.0465234086778288
"583",2418,0.0465234086778288
"584",2417,0.0465234086778288
"585",2416,0.0465234086778288
"586",2415,0.0465234086778288
"587",2414,0.0465170158484194
"588",2413,0.0465106661030819
"589",2412,0.0465043600718548
"590",2411,0.0464980983895226
"591",2410,0.046491881695634
"592",2409,0.046491881695634
"593",2408,0.046491881695634
"594",2407,0.046491881695634
"595",2406,0.046491881695634
"596",2405,0.046491881695634
"597",2404,0.0464980983895226
"598",2403,0.0465043600718548
"599",2402,0.0465106661030819
"600",2401,0.0465170158484194
"601",2400,0.0465234086778288
"602",2399,0.0465234086778288
"603",2398,0.0465234086778288
"604",2397,0.0465234086778288
"605",2396,0.0465234086778288
"606",2395,0.0465234086778288
"607",2394,0.0465043600718548
"608",2393,0.0464857106345175
"609",2392,0.0464674777631002
"610",2391,0.0464398331526517
"611",2390,0.0464226471790853
"612",2389,0.0464114491053316
"613",2388,0.0464004649587507
"614",2387,0.0463897004273483
"615",2386,0.046379161277064
"616",2385,0.0463688533515859
"617",2384,0.0463897004273483
"618",2383,0.0464114491053316
"619",2382,0.0464340535700253
"620",2381,0.0464674777631002
"621",2380,0.046491881695634
"622",2379,0.0465179501557046
"623",2378,0.046545987009054
"624",2377,0.0465860550763449
"625",2376,0.0466179593682234
"626",2375,0.0466514381839038
"627",2374,0.0466476047223141
"628",2373,0.0466440304419407
"629",2372,0.0466407221967907
"630",2371,0.0466376865945264
"631",2370,0.0466349299722185
"632",2369,0.0466349299722185
"633",2368,0.0466349299722185
"634",2367,0.0466349299722185
"635",2366,0.0466349299722185
"636",2365,0.0466349299722185
"637",2364,0.0467268677392547
"638",2363,0.0468570800844283
"639",2362,0.0469828011990454
"640",2361,0.0470932695749216
"641",2360,0.0472082244621355
"642",2359,0.047435951320835
"643",2358,0.0476750157352094
"644",2357,0.0479021825617179
"645",2356,0.0481245532321608
"646",2355,0.0483395785028312
"647",2354,0.0485710875982969
"648",2353,0.0487845717406953
"649",2352,0.0490021812193106
"650",2351,0.0491757485108211
"651",2350,0.0493393726887047
"652",2349,0.0494978952908849
"653",2348,0.0496294267905739
"654",2347,0.0497568872872427
"655",2346,0.0498731749699614
"656",2345,0.0499684559886468
"657",2344,0.0500226933270001
"658",2343,0.0500534699394394
"659",2342,0.0501037520613947
"660",2341,0.050150401315414
"661",2340,0.0501828889445856
"662",2339,0.0502101137376632
"663",2338,0.0502454443604755
"664",2337,0.05026900602022
"665",2336,0.0502900858324251
"666",2335,0.0503084104194338
"667",2334,0.0503225247402325
"668",2333,0.050333804525469
"669",2332,0.0503419704305885
"670",2331,0.0503467280034954
"671",2330,0.0503477718019842
"672",2329,0.0503452356120178
"673",2328,0.0503391368261774
"674",2327,0.0503292419845513
"675",2326,0.0503153231356817
"676",2325,0.0502971612819791
"677",2324,0.0502886617336791
"678",2323,0.0502794375263632
"679",2322,0.050269476552385
"680",2321,0.0502587671834577
"681",2320,0.0502472983056987
"682",2319,0.0502350213053333
"683",2318,0.0502211920011982
"684",2317,0.0502160467978534
"685",2316,0.0501994724375202
"686",2315,0.0501811911495966
"687",2314,0.0501263075916743
"688",2313,0.0500517767230169
"689",2312,0.0499773145149927
"690",2311,0.0498830289384943
"691",2310,0.0497894137459783
"692",2309,0.0496254797320615
"693",2308,0.0494446897033211
"694",2307,0.0492498610932869
"695",2306,0.0490461314193959
"696",2305,0.0488375095975743
"697",2304,0.0486289604495033
"698",2303,0.0484302887103671
"699",2302,0.0482438831615921
"700",2301,0.048086797368325
"701",2300,0.0479328704055564
"702",2299,0.0478148460329382
"703",2298,0.0477184988105402
"704",2297,0.0476548591138747
"705",2296,0.0476159021359451
"706",2295,0.0476034644742619
"707",2294,0.0476177699565812
"708",2293,0.0476286070088827
"709",2292,0.0476459171855258
"710",2291,0.0476697840503206
"711",2290,0.0477002708623691
"712",2289,0.0477045495392418
"713",2288,0.0477089324116287
"714",2287,0.0477134195362601
"715",2286,0.0477180109649453
"716",2285,0.0477227067445784
"717",2284,0.0477324115197297
"718",2283,0.0477326256275788
"719",2282,0.0477433146542554
"720",2281,0.0477544198179121
"721",2280,0.047765941186374
"722",2279,0.0477488152128997
"723",2278,0.0477326256275788
"724",2277,0.0477275069171452
"725",2276,0.0477134195362601
"726",2275,0.0477002708623691
"727",2274,0.0476732317975374
"728",2273,0.0476512663938396
"729",2272,0.0476343348251619
"730",2271,0.0476223853561287
"731",2270,0.0476153543752766
"732",2269,0.0476036629271106
"733",2268,0.0476084009267887
"734",2267,0.0476191410221629
"735",2266,0.0476357157735548
"736",2265,0.0476579391404141
"737",2264,0.0476711059988816
"738",2263,0.0476856071731747
"739",2262,0.0477014145021298
"740",2261,0.0477184988105402
"741",2260,0.047736829939586
"742",2259,0.047741603912249
"743",2258,0.0477464533760843
"744",2257,0.0477513778323423
"745",2256,0.0477563767787525
"746",2255,0.0477614497095576
"747",2254,0.0477624054386544
"748",2253,0.0477639386933983
"749",2252,0.0477761070326982
"750",2251,0.0477788671766166
"751",2250,0.0477822109329702
"752",2249,0.0478141641445409
"753",2248,0.047858154470293
"754",2247,0.0478938072266156
"755",2246,0.0479310119408193
"756",2245,0.0479798644077529
"757",2244,0.0480366598681532
"758",2243,0.0480959826786789
"759",2242,0.0481576096535083
"760",2241,0.0482116911528952
"761",2240,0.0482778626660195
"762",2239,0.0483554089977661
"763",2238,0.0484346761513954
"764",2237,0.0485153208024082
"765",2236,0.0485970012930507
"766",2235,0.0486797660839902
"767",2234,0.0487323167073259
"768",2233,0.0487849238112178
"769",2232,0.0488375095975743
"770",2231,0.0488899975504973
"771",2230,0.0489423125776389
"772",2229,0.0489631736426502
"773",2228,0.0489839906235165
"774",2227,0.0490047589329482
"775",2226,0.049025474029611
"776",2225,0.0490461314193959
"777",2224,0.0491177906877837
"778",2223,0.0491789842283855
"779",2222,0.049229735066771
"780",2221,0.0492897914677569
"781",2220,0.0493488270205934
"782",2219,0.049387568759676
"783",2218,0.0494257860392649
"784",2217,0.0494634524220674
"785",2216,0.0495005425466665
"786",2215,0.04953703214819
"787",2214,0.0494727799441604
"788",2213,0.0494067446341976
"789",2212,0.0493390628377696
"790",2211,0.0492698811542934
"791",2210,0.0491993557620475
"792",2209,0.0491177906877837
"793",2208,0.0490151234148791
"794",2207,0.0489214120604336
"795",2206,0.0488269978380851
"796",2205,0.0487323167073259
"797",2204,0.0487002715337028
"798",2203,0.048667816957733
"799",2202,0.0486251572569711
"800",2201,0.0486023876432884
"801",2200,0.0485692405585295
"802",2199,0.0485893647687999
"803",2198,0.0486000947292116
"804",2197,0.0486212891676255
"805",2196,0.0486428603395658
"806",2195,0.0486648004656005
"807",2194,0.0486871014776937
"808",2193,0.0487097550203448
"809",2192,0.0487327524520555
"810",2191,0.0487661206662229
"811",2190,0.048789873834261
"812",2189,0.0487569720170031
"813",2188,0.0487338940663396
"814",2187,0.0487105116437693
"815",2186,0.0486868275328882
"816",2185,0.0486628448094921
"817",2184,0.0484948400752829
"818",2183,0.0483398100107408
"819",2182,0.0481800560658786
"820",2181,0.0480271429391312
"821",2180,0.0478732669693631
"822",2179,0.0477357674983991
"823",2178,0.0476004116950144
"824",2177,0.0474888842306908
"825",2176,0.0473928016898209
"826",2175,0.0473141258205258
"827",2174,0.0473215264658898
"828",2173,0.0473310322509218
"829",2172,0.047342636397903
"830",2171,0.0473563296375761
"831",2170,0.0473721001572213
"832",2169,0.0474172311198653
"833",2168,0.047472246063404
"834",2167,0.0475368392337233
"835",2166,0.0476110744698103
"836",2165,0.0476949818782039
"837",2164,0.047588086985457
"838",2163,0.047489662678586
"839",2162,0.0473999975561161
"840",2161,0.0473194566765546
"841",2160,0.0472487624824994
"842",2159,0.0471198391708223
"843",2158,0.0470348438511968
"844",2157,0.046989071781394
"845",2156,0.0470070859239224
"846",2155,0.0470825070458366
"847",2154,0.0472715883643625
"848",2153,0.0475367035051372
"849",2152,0.0478635461271974
"850",2151,0.0482653035793261
"851",2150,0.0487136587344683
"852",2149,0.0491017413193443
"853",2148,0.0495150660756947
"854",2147,0.0499574662588143
"855",2146,0.0504349314404935
"856",2145,0.0509236741760168
"857",2144,0.0512152738610856
"858",2143,0.0515198914576851
"859",2142,0.0518168203314133
"860",2141,0.0521053540222894
"861",2140,0.0524047650792088
"862",2139,0.052377408951363
"863",2138,0.0523500946672946
"864",2137,0.0523228247902667
"865",2136,0.0522956019082271
"866",2135,0.0522684286327775
"867",2134,0.0519542180910692
"868",2133,0.0516340556834423
"869",2132,0.0513187798037484
"870",2131,0.0510003555881048
"871",2130,0.0507106840474406
"872",2129,0.0505589639211608
"873",2128,0.0504085478275637
"874",2127,0.0502496388801653
"875",2126,0.0501030008192314
"876",2125,0.0499579896371873
"877",2124,0.0499100375361703
"878",2123,0.049852476420033
"879",2122,0.0498051223088188
"880",2121,0.0497579758923816
"881",2120,0.0497110423526646
"882",2119,0.0497304714807222
"883",2118,0.0497501097104207
"884",2117,0.0497699547645466
"885",2116,0.0497900043120511
"886",2115,0.0498102559696505
"887",2114,0.0498341949242188
"888",2113,0.0498581841023155
"889",2112,0.0498822228468813
"890",2111,0.0499063105020879
"891",2110,0.0499304464133722
"892",2109,0.0500622046416398
"893",2108,0.0501852149604624
"894",2107,0.0503092779736995
"895",2106,0.0504447104002083
"896",2105,0.0505713899479767
"897",2104,0.0507245482854208
"898",2103,0.0508688445290099
"899",2102,0.0510246344629983
"900",2101,0.0511812956502198
"901",2100,0.0513489381434126
"902",2099,0.0515327983042726
"903",2098,0.0517178691963167
"904",2097,0.051903951777657
"905",2096,0.0520809097115007
"906",2095,0.0522688117879718
"907",2094,0.052510787957952
"908",2093,0.0527423886427625
"909",2092,0.0529835653571521
"910",2091,0.0532238375109866
"911",2090,0.0534630542305657
"912",2089,0.0537020000091689
"913",2088,0.0539409157673479
"914",2087,0.0541893586830916
"915",2086,0.0544274301818537
"916",2085,0.0546642300055798
"917",2084,0.0548486672424762
"918",2083,0.0550323106530042
"919",2082,0.0552151169214464
"920",2081,0.0553970515222337
"921",2080,0.0555655581222102
"922",2079,0.0556195767129556
"923",2078,0.0556734470436442
"924",2077,0.0557271627431474
"925",2076,0.0557807179844427
"926",2075,0.0558341074840005
"927",2074,0.0557038609723342
"928",2073,0.0555729750700127
"929",2072,0.055441465312036
"930",2071,0.0553232154618509
"931",2070,0.055191591644739
"932",2069,0.0550878383076478
"933",2068,0.0549837957668125
"934",2067,0.0548794653781133
"935",2066,0.0547748492383524
"936",2065,0.0546699501977853
"937",2064,0.0548533380339683
"938",2063,0.0550358531201719
"939",2062,0.0552174847015433
"940",2061,0.0553982289112745
"941",2060,0.0555655581222102
"942",2059,0.0557467713529107
"943",2058,0.0559269719694272
"944",2057,0.0560963421916094
"945",2056,0.0562747781243947
"946",2055,0.0564522337280312
"947",2054,0.0565265694666966
"948",2053,0.0566007990203847
"949",2052,0.0566749304859428
"950",2051,0.0567489720763845
"951",2050,0.0568229321108273
"952",2049,0.0568968190043195
"953",2048,0.0569706412575581
"954",2047,0.0570344088061143
"955",2046,0.0571084511095018
"956",2045,0.0571824416749036
"957",2044,0.057373022015012
"958",2043,0.0575725918225305
"959",2042,0.0577712333607731
"960",2041,0.0579690606306628
"961",2040,0.0581661926664456
"962",2039,0.0582403899060557
"963",2038,0.0583143496679212
"964",2037,0.0583880838373317
"965",2036,0.0584616048207323
"966",2035,0.0585349255305018
"967",2034,0.0583395864887077
"968",2033,0.0581435551173427
"969",2032,0.057946691611396
"970",2031,0.0577488630070345
"971",2030,0.0575499436926898
"972",2029,0.0574252103864478
"973",2028,0.0573000198037321
"974",2027,0.057174346153601
"975",2026,0.0570684291429025
"976",2025,0.0569430761978698
"977",2024,0.0570427128778399
"978",2023,0.0571324618071316
"979",2022,0.0572224341347149
"980",2021,0.0573223115830176
"981",2020,0.0574219871935001
"982",2019,0.0576703870950845
"983",2018,0.057917843346291
"984",2017,0.058164591992092
"985",2016,0.058410875529252
"986",2015,0.0586569415415612
"987",2014,0.0589875860760445
"988",2013,0.0593204151245591
"989",2012,0.0596260200478408
"990",2011,0.0599543378005607
"991",2010,0.0602754192311487
"992",2009,0.060688194746694
"993",2008,0.0611065208598793
"994",2007,0.0615214455109526
"995",2006,0.0619545475723256
"996",2005,0.0623956698022234
"997",2004,0.0629282523695575
"998",2003,0.0634735857426045
"999",2002,0.0640322469901484
"1000",2001,0.0646044233112728
"1001",2000,0.0651898641344221
"1002",1999,0.0657222132208339
"1003",1998,0.0662644460785525
"1004",1997,0.0668174227257284
"1005",1996,0.0673785314676082
"1006",1995,0.0679358147110012
"1007",1994,0.0683046742820861
"1008",1993,0.0686824822195676
"1009",1992,0.0690479362621832
"1010",1991,0.0694202299837656
"1011",1990,0.0697781167814685
"1012",1989,0.069993495469358
"1013",1988,0.07021657229311
"1014",1987,0.0704368250081027
"1015",1986,0.0706539552904001
"1016",1985,0.0708676624199399
"1017",1984,0.0708942861695994
"1018",1983,0.0709206696528697
"1019",1982,0.0709468096276883
"1020",1981,0.0709727028853759
"1021",1980,0.0709983462516234
"1022",1979,0.0709072644105854
"1023",1978,0.0708156338335349
"1024",1977,0.0707234755991227
"1025",1976,0.0706308106501255
"1026",1975,0.0705376597849595
"1027",1974,0.0703499827280897
"1028",1973,0.0701606076154437
"1029",1972,0.0699797449128799
"1030",1971,0.0697876836490115
"1031",1970,0.0695944007909534
"1032",1969,0.0694325072996934
"1033",1968,0.0692699552337711
"1034",1967,0.0691068278562745
"1035",1966,0.0689432064716834
"1036",1965,0.0687696136559831
"1037",1964,0.0687050335325775
"1038",1963,0.068640190004271
"1039",1962,0.0685750947892073
"1040",1961,0.0685097595686501
"1041",1960,0.0684441959807535
"1042",1959,0.0683452811982912
"1043",1958,0.068236095940092
"1044",1957,0.0681369195941195
"1045",1956,0.0680374832362186
"1046",1955,0.0679378142165808
"1047",1954,0.0677389203161197
"1048",1953,0.0675507933711086
"1049",1952,0.0673534800328408
"1050",1951,0.0671569091273817
"1051",1950,0.0669611524883129
"1052",1949,0.0668630304241758
"1053",1948,0.0667650549955108
"1054",1947,0.0666672366969961
"1055",1946,0.0665799338860886
"1056",1945,0.0664827732126753
"1057",1944,0.0665151388806001
"1058",1943,0.0665475258910801
"1059",1942,0.0665799338860886
"1060",1941,0.0666123625033705
"1061",1940,0.0666346672793107
"1062",1939,0.0668946067273003
"1063",1938,0.0671560180508341
"1064",1937,0.0674187353484878
"1065",1936,0.0676726139978512
"1066",1935,0.0679378142165808
"1067",1934,0.0685124006177446
"1068",1933,0.069074526746791
"1069",1932,0.0696415611355789
"1070",1931,0.0701788324216437
"1071",1930,0.0707126505027952
"1072",1929,0.0712033737327398
"1073",1928,0.0716794267793356
"1074",1927,0.0721363056527582
"1075",1926,0.0725695890166271
"1076",1925,0.0729760237998095
"1077",1924,0.0731681718293508
"1078",1923,0.0733627574762169
"1079",1922,0.0735394497576934
"1080",1921,0.0737075336207869
"1081",1920,0.073877557392426
"1082",1919,0.0739831922886195
"1083",1918,0.0740854431328374
"1084",1917,0.0741842046308072
"1085",1916,0.0742793729101938
"1086",1915,0.0743708457330827
"1087",1914,0.0743915874762018
"1088",1913,0.0744113969354267
"1089",1912,0.0744302721113747
"1090",1911,0.0744482113029327
"1091",1910,0.0744652131069776
"1092",1909,0.0744812764178726
"1093",1908,0.0744964004267454
"1094",1907,0.0745105846205478
"1095",1906,0.0745238287809006
"1096",1905,0.0745361329827274
"1097",1904,0.0745719558812099
"1098",1903,0.0746062610603957
"1099",1902,0.0746390373024682
"1100",1901,0.0746702738180924
"1101",1900,0.0746999602532623
"1102",1899,0.0747590240990356
"1103",1898,0.074813802939762
"1104",1897,0.0748642211312535
"1105",1896,0.074910206357964
"1106",1895,0.0749516898155928
"1107",1894,0.0749751167485558
"1108",1893,0.0749864362558274
"1109",1892,0.0749856617803831
"1110",1891,0.0749728361927474
"1111",1890,0.0749383246754858
"1112",1889,0.0749262486054845
"1113",1888,0.0748989449304881
"1114",1887,0.074856395520963
"1115",1886,0.0747986277646584
"1116",1885,0.0747257150814231
"1117",1884,0.0746490685759832
"1118",1883,0.0745637963989693
"1119",1882,0.0744700345511304
"1120",1881,0.0743679332015253
"1121",1880,0.0742576562849766
"1122",1879,0.074150469844586
"1123",1878,0.07403476758688
"1124",1877,0.073910710527181
"1125",1876,0.0737784759988891
"1126",1875,0.0736288943033191
"1127",1874,0.0734636480526898
"1128",1873,0.0732921859750159
"1129",1872,0.0731148182873014
"1130",1871,0.0729318601936725
"1131",1870,0.0727436308798845
"1132",1869,0.0725850041596737
"1133",1868,0.072422401168707
"1134",1867,0.0722560053683786
"1135",1866,0.0720860027666656
"1136",1865,0.0719125815487777
"1137",1864,0.0718306993538584
"1138",1863,0.0717475824077077
"1139",1862,0.0716632589705515
"1140",1861,0.0715777578781117
"1141",1860,0.071491108520029
"1142",1859,0.0715880535102265
"1143",1858,0.0716845588284439
"1144",1857,0.0717805922707912
"1145",1856,0.0718761212794189
"1146",1855,0.0719711129665896
"1147",1854,0.0722292398495951
"1148",1853,0.072478308434353
"1149",1852,0.0727176775796882
"1150",1851,0.0729467293023075
"1151",1850,0.0731648716538541
"1152",1849,0.0732859475754901
"1153",1848,0.0734037075092533
"1154",1847,0.0735180546006084
"1155",1846,0.0736288943033191
"1156",1845,0.0737361345110077
"1157",1844,0.0736070114111517
"1158",1843,0.0734727314093688
"1159",1842,0.0733334549415439
"1160",1841,0.0731893473940626
"1161",1840,0.0730405787723075
"1162",1839,0.0727030925284291
"1163",1838,0.0723463815558928
"1164",1837,0.0719723476888828
"1165",1836,0.0715829441959104
"1166",1835,0.0711801575728455
"1167",1834,0.0707202549197449
"1168",1833,0.0702616448418704
"1169",1832,0.0697963339483631
"1170",1831,0.0693377018610327
"1171",1830,0.0688674617628719
"1172",1829,0.068387533864545
"1173",1828,0.0679185903793061
"1174",1827,0.0674522745074179
"1175",1826,0.066990366325776
"1176",1825,0.0665344703966568
"1177",1824,0.0661784154170548
"1178",1823,0.0658269715637614
"1179",1822,0.0654708610246463
"1180",1821,0.0651315036229991
"1181",1820,0.0647984488147768
"1182",1819,0.06456940266264
"1183",1818,0.0643347965150211
"1184",1817,0.0640943637402853
"1185",1816,0.0638683863645651
"1186",1815,0.0636464092810298
"1187",1814,0.063492873806273
"1188",1813,0.0633316305796602
"1189",1812,0.0631829347009868
"1190",1811,0.0630362768049315
"1191",1810,0.0628915442698238
"1192",1809,0.0627909830223245
"1193",1808,0.0626912885356209
"1194",1807,0.0625924477243895
"1195",1806,0.0624944463315604
"1196",1805,0.062397268956103
"1197",1804,0.0623731014535441
"1198",1803,0.062348984156334
"1199",1802,0.0623249167914863
"1200",1801,0.0623008990818341
"1201",1800,0.0622769307460598
"1202",1799,0.0622735091865467
"1203",1798,0.0622701174563482
"1204",1797,0.0622667563291398
"1205",1796,0.0622634265720576
"1206",1795,0.0622601289455221
"1207",1794,0.062283999187853
"1208",1793,0.062307920207418
"1209",1792,0.0623318922959172
"1210",1791,0.0623559157408232
"1211",1790,0.0623799908253504
"1212",1789,0.0623559157408232
"1213",1788,0.0623318922959172
"1214",1787,0.062307920207418
"1215",1786,0.062283999187853
"1216",1785,0.0622601289455221
"1217",1784,0.0620944336356756
"1218",1783,0.0619215987123246
"1219",1782,0.0617610698459663
"1220",1781,0.0616026352381581
"1221",1780,0.0614461625929188
"1222",1779,0.0614239614442274
"1223",1778,0.0614017970688321
"1224",1777,0.061379669043204
"1225",1776,0.061357576940925
"1226",1775,0.0613355203327256
"1227",1774,0.061627787878663
"1228",1773,0.0619275438592576
"1229",1772,0.0622462384585552
"1230",1771,0.0625642281506289
"1231",1770,0.0628915442698238
"1232",1769,0.063250494881811
"1233",1768,0.0636317181725302
"1234",1767,0.0640145168986537
"1235",1766,0.0644199753196312
"1236",1765,0.0648175358588876
"1237",1764,0.0650221461898387
"1238",1763,0.0652296696038714
"1239",1762,0.0654400777332817
"1240",1761,0.0656637490311638
"1241",1760,0.0658803659113348
"1242",1759,0.0657479586821832
"1243",1758,0.0656161141158537
"1244",1757,0.0654752048445443
"1245",1756,0.0653451177057909
"1246",1755,0.0652158046119832
"1247",1754,0.0648028822653549
"1248",1753,0.0644132678158543
"1249",1752,0.0640182973792244
"1250",1751,0.06364651328492
"1251",1750,0.0632765569822816
"1252",1749,0.0628663220283357
"1253",1748,0.0624700753623988
"1254",1747,0.0620869264159608
"1255",1746,0.0617067749294593
"1256",1745,0.0613471965917477
"1257",1744,0.0611686491139848
"1258",1743,0.0609925842169626
"1259",1742,0.0608187932070906
"1260",1741,0.0606470522520632
"1261",1740,0.0604771237339371
"1262",1739,0.0603496899425973
"1263",1738,0.0602235513291386
"1264",1737,0.0600985788565564
"1265",1736,0.0599746361860517
"1266",1735,0.0598421635391556
"1267",1734,0.0597196053317281
"1268",1733,0.0595961537668471
"1269",1732,0.0594716690777657
"1270",1731,0.0593569886477614
"1271",1730,0.0592303903223117
"1272",1729,0.0591036384638178
"1273",1728,0.0589758031993382
"1274",1727,0.0588575413638781
"1275",1726,0.0587186519964784
"1276",1725,0.0585887169838052
"1277",1724,0.0584595723893262
"1278",1723,0.0583293107887701
"1279",1722,0.0581978482775746
"1280",1721,0.0580651042300508
"1281",1720,0.05793100151205
"1282",1719,0.0577785641807462
"1283",1718,0.0576245306392859
"1284",1717,0.0574687102481537
"1285",1716,0.0573109185878145
"1286",1715,0.0571509786834629
"1287",1714,0.0569791891244492
"1288",1713,0.0568045957736514
"1289",1712,0.0566380076404233
"1290",1711,0.0564581482275137
"1291",1710,0.0562754465230267
"1292",1709,0.0559052683640457
"1293",1708,0.0555240217953832
"1294",1707,0.0551318728698111
"1295",1706,0.0547419526265554
"1296",1705,0.0543302737557059
"1297",1704,0.0535723288631183
"1298",1703,0.052795954247157
"1299",1702,0.051987050080734
"1300",1701,0.0511699834722458
"1301",1700,0.050339852704392
"1302",1699,0.0496711928286688
"1303",1698,0.0490024696190409
"1304",1697,0.0483376174494473
"1305",1696,0.0476805314312519
"1306",1695,0.0470263144117194
"1307",1694,0.0468417361913749
"1308",1693,0.0466593865237951
"1309",1692,0.0464793369148574
"1310",1691,0.0463016508759017
"1311",1690,0.0461263836968111
"1312",1689,0.0461298480909782
"1313",1688,0.0461333481251431
"1314",1687,0.0461368832643948
"1315",1686,0.0461404529689265
"1316",1685,0.0461440566941487
"1317",1684,0.0461705395044333
"1318",1683,0.0461971522035857
"1319",1682,0.0462238949243743
"1320",1681,0.0462507677575912
"1321",1680,0.0462777707520318
"1322",1679,0.0463016508759017
"1323",1678,0.04632581552644
"1324",1677,0.0463502662099973
"1325",1676,0.0463750041586267
"1326",1675,0.0464000303296406
"1327",1674,0.0464028966378107
"1328",1673,0.0464058008962933
"1329",1672,0.0464087426616867
"1330",1671,0.0464117214850876
"1331",1670,0.0464147369121782
"1332",1669,0.0464763326990778
"1333",1668,0.0465381122668472
"1334",1667,0.0466000726788856
"1335",1666,0.0466622109600921
"1336",1665,0.0467245240975543
"1337",1664,0.0468810518320534
"1338",1663,0.047038604617784
"1339",1662,0.0471971324632678
"1340",1661,0.0473565840938848
"1341",1660,0.0475169070232301
"1342",1659,0.0477513123645988
"1343",1658,0.0479776539458059
"1344",1657,0.0482057552775326
"1345",1656,0.0484354631477824
"1346",1655,0.0486666189583701
"1347",1654,0.0489016465839286
"1348",1653,0.049136577441607
"1349",1652,0.0493712025099754
"1350",1651,0.0496053168382035
"1351",1650,0.0498387203593007
"1352",1649,0.0500381843113353
"1353",1648,0.0502371598562975
"1354",1647,0.0504355412156689
"1355",1646,0.0506332249142545
"1356",1645,0.0508301100120558
"1357",1644,0.0509298702994628
"1358",1643,0.051029689503117
"1359",1642,0.0511295504189458
"1360",1641,0.0512294357118719
"1361",1640,0.0513293279296634
"1362",1639,0.0513650354257337
"1363",1638,0.0514007832800014
"1364",1637,0.0514365645239825
"1365",1636,0.0514723720948171
"1366",1635,0.0515081988426176
"1367",1634,0.0514063855566162
"1368",1633,0.0513046468384701
"1369",1632,0.0512030141084741
"1370",1631,0.0511015183646365
"1371",1630,0.0510001901327484
"1372",1629,0.050834995150667
"1373",1628,0.0506694594301862
"1374",1627,0.0505036411506244
"1375",1626,0.0503375989488675
"1376",1625,0.0501713918393039
"1377",1624,0.05003834726744
"1378",1623,0.0499052655807683
"1379",1622,0.0497721773124989
"1380",1621,0.0496391130315967
"1381",1620,0.0495061033163077
"1382",1619,0.0492729570749159
"1383",1618,0.0490397822981126
"1384",1617,0.0488067544598572
"1385",1616,0.0485740501617144
"1386",1615,0.0483418466012807
"1387",1614,0.0478201487714264
"1388",1613,0.0472973922219559
"1389",1612,0.046795379768053
"1390",1611,0.0463049039144945
"1391",1610,0.0458273417623046
"1392",1609,0.0455335341922878
"1393",1608,0.0452355574557178
"1394",1607,0.0449539576583485
"1395",1606,0.0446782726095954
"1396",1605,0.0444086969410236
"1397",1604,0.0444577677290502
"1398",1603,0.0445071754841073
"1399",1602,0.0445569221592767
"1400",1601,0.0446070095228386
"1401",1600,0.0446574391573406
"1402",1599,0.0446807804948027
"1403",1598,0.0447042556631523
"1404",1597,0.0447278654232025
"1405",1596,0.0447516104926024
"1406",1595,0.0447754915456134
"1407",1594,0.0444785230457726
"1408",1593,0.0441802603595617
"1409",1592,0.043891091540341
"1410",1591,0.0436203985734009
"1411",1590,0.0433576887095927
"1412",1589,0.0430754999142685
"1413",1588,0.0427926970255511
"1414",1587,0.0425301338452851
"1415",1586,0.0422764217513087
"1416",1585,0.0420312621280027
"1417",1584,0.0418886309100648
"1418",1583,0.0417378899200465
"1419",1582,0.0415902835853996
"1420",1581,0.0414357324622213
"1421",1580,0.0412941121694995
"1422",1579,0.0412020451948423
"1423",1578,0.0411113439117308
"1424",1577,0.0410219701768836
"1425",1576,0.0409338826574451
"1426",1575,0.0408470368654711
"1427",1574,0.0407822638658816
"1428",1573,0.0407177805739675
"1429",1572,0.0406535425309473
"1430",1571,0.0405796543366596
"1431",1570,0.0405159697008602
"1432",1569,0.0404184512981693
"1433",1568,0.0403216752087998
"1434",1567,0.0402255271458255
"1435",1566,0.0401203870606268
"1436",1565,0.040025782186946
"1437",1564,0.0398842714828873
"1438",1563,0.0397330788015219
"1439",1562,0.0395918589712508
"1440",1561,0.0394498992169069
"1441",1560,0.0392970093375261
"1442",1559,0.0392186489632042
"1443",1558,0.0391400993428704
"1444",1557,0.0390612793261632
"1445",1556,0.0389821068276533
"1446",1555,0.0389024989953941
"1447",1554,0.0389821068276533
"1448",1553,0.0390612793261632
"1449",1552,0.0391400993428704
"1450",1551,0.0392186489632042
"1451",1550,0.0392970093375261
"1452",1549,0.0392970093375261
"1453",1548,0.0392970093375261
"1454",1547,0.0392970093375261
"1455",1546,0.0392970093375261
"1456",1545,0.0392970093375261
"1457",1544,0.0391023458059533
"1458",1543,0.0389028945479685
"1459",1542,0.0386977234508563
"1460",1541,0.0384762871390207
"1461",1540,0.0382579493192709
"1462",1539,0.0379597560357393
"1463",1538,0.0376371412816491
"1464",1537,0.0372990303891291
"1465",1536,0.0369543847123814
"1466",1535,0.0365906641423939
"1467",1534,0.0362562374812041
"1468",1533,0.0359064617381652
"1469",1532,0.0355412957234165
"1470",1531,0.0351608987509701
"1471",1530,0.0347656318279803
"1472",1529,0.0344154161870206
"1473",1528,0.0340551522018004
"1474",1527,0.0336762459279959
"1475",1526,0.0332991059106352
"1476",1525,0.0329137080165051
"1477",1524,0.0326462614527111
"1478",1523,0.0323854180291016
"1479",1522,0.0321210997674648
"1480",1521,0.0318439256822777
"1481",1520,0.0315743566704134
"1482",1519,0.0313365014864998
"1483",1518,0.0310967384356267
"1484",1517,0.0308552972351085
"1485",1516,0.030612415960538
"1486",1515,0.0303683403200818
"1487",1514,0.0302281596541971
"1488",1513,0.0300883235095596
"1489",1512,0.0299488866032395
"1490",1511,0.0298099028915161
"1491",1510,0.0296714255064067
"1492",1509,0.0296020228602347
"1493",1508,0.0295326623887401
"1494",1507,0.0294633498693178
"1495",1506,0.0293940910738212
"1496",1505,0.0293248917671837
"1497",1504,0.029360581488138
"1498",1503,0.029396197757768
"1499",1502,0.0294317381625548
"1500",1501,0.0294672003314943
"1501",1500,0.0295025819366762
"1502",1499,0.0295714014160508
"1503",1498,0.0296402655324934
"1504",1497,0.0297091686299278
"1505",1496,0.0297781050490478
"1506",1495,0.0298470691286641
"1507",1494,0.0298470691286641
"1508",1493,0.0298470691286641
"1509",1492,0.0298470691286641
"1510",1491,0.0298470691286641
"1511",1490,0.0298470691286641
"1512",1489,0.0297775897769322
"1513",1488,0.0297079344147361
"1514",1487,0.0296381117116063
"1515",1486,0.0295681305005746
"1516",1485,0.029497999774133
"1517",1484,0.0293951382926839
"1518",1483,0.0292927280377795
"1519",1482,0.029190791580007
"1520",1481,0.0290893510021908
"1521",1480,0.0289884278853577
"1522",1479,0.0288842660731824
"1523",1478,0.0287800418883658
"1524",1477,0.0286757809613027
"1525",1476,0.0285715091996434
"1526",1475,0.0284672527656865
"1527",1474,0.0283680854058857
"1528",1473,0.0282695594023091
"1529",1472,0.0281716935962689
"1530",1471,0.0280745062362034
"1531",1470,0.0279780149688964
"1532",1469,0.0279416231973814
"1533",1468,0.0279052116393982
"1534",1467,0.0278687832089745
"1535",1466,0.0278323408479064
"1536",1465,0.027795887524775
"1537",1464,0.0278323408479064
"1538",1463,0.0278687832089745
"1539",1462,0.0279052116393982
"1540",1461,0.0279416231973814
"1541",1460,0.0279780149688964
"1542",1459,0.0279747793424192
"1543",1458,0.0279715753597352
"1544",1457,0.0279684034264802
"1545",1456,0.0279652639470574
"1546",1455,0.0279621573245142
"1547",1454,0.027862257746964
"1548",1453,0.0277627732238228
"1549",1452,0.0276637213421345
"1550",1451,0.0275651194911708
"1551",1450,0.0274669848537255
"1552",1449,0.0274343800721931
"1553",1448,0.0274018297134076
"1554",1447,0.0273693343975638
"1555",1446,0.0273469114623137
"1556",1445,0.0273145869315859
"1557",1444,0.0274669848537255
"1558",1443,0.0276308032022018
"1559",1442,0.027795887524775
"1560",1441,0.0279621573245142
"1561",1440,0.0281295306014601
"1562",1439,0.028196770250926
"1563",1438,0.0282641677335889
"1564",1437,0.0283317176228392
"1565",1436,0.0283994144620215
"1566",1435,0.0284672527656865
"1567",1434,0.028233178948596
"1568",1433,0.0280016986987868
"1569",1432,0.0277730290646352
"1570",1431,0.027547377699791
"1571",1430,0.0273351327008261
"1572",1429,0.0270126463161316
"1573",1428,0.0266955806554147
"1574",1427,0.0263845781132023
"1575",1426,0.0260802534254763
"1576",1425,0.0257831898091036
"1577",1424,0.0255620865135373
"1578",1423,0.0253470299264474
"1579",1422,0.0251381581890477
"1580",1421,0.024935587876855
"1581",1420,0.0247394140038869
"1582",1419,0.0245109139435389
"1583",1418,0.0242901339706725
"1584",1417,0.0240772973747134
"1585",1416,0.0238626420699975
"1586",1415,0.0236670148259967
"1587",1414,0.0234746599811672
"1588",1413,0.0232926249383878
"1589",1412,0.0231207766126067
"1590",1411,0.0229589377413499
"1591",1410,0.022816948052381
"1592",1409,0.0226608028994803
"1593",1408,0.0225146619419096
"1594",1407,0.0223690250672565
"1595",1406,0.0222434619902208
"1596",1405,0.022127166678529
"1597",1404,0.0220451464342462
"1598",1403,0.0219683261549274
"1599",1402,0.0218965049319517
"1600",1401,0.0218294710853163
"1601",1400,0.0217670030960978
"1602",1399,0.0217520726945578
"1603",1398,0.0217374096160899
"1604",1397,0.0217230101495148
"1605",1396,0.021708870554557
"1606",1395,0.0216949870627918
"1607",1394,0.0217374096160899
"1608",1393,0.0217822045018479
"1609",1392,0.0218294710853163
"1610",1391,0.0218793061459407
"1611",1390,0.0219318036497841
"1612",1389,0.0219776510764349
"1613",1388,0.0220254615229555
"1614",1387,0.0220752842272569
"1615",1386,0.022127166678529
"1616",1385,0.0221811545313357
"1617",1384,0.0221225279866549
"1618",1383,0.0220666751346272
"1619",1382,0.0220134892359865
"1620",1381,0.0219628611268761
"1621",1380,0.0219146795180368
"1622",1379,0.0218388400482787
"1623",1378,0.0217686453017542
"1624",1377,0.0217037712660974
"1625",1376,0.0216438818688769
"1626",1375,0.0215886306892189
"1627",1374,0.0215286765645593
"1628",1373,0.0214646482391301
"1629",1372,0.0214066926759244
"1630",1371,0.0213633093184379
"1631",1370,0.0213238650333354
"1632",1369,0.0212893226832632
"1633",1368,0.0212569307375507
"1634",1367,0.0212261837166783
"1635",1366,0.0211965847818188
"1636",1365,0.0211676481576411
"1637",1364,0.0211446577553804
"1638",1363,0.0211116715590322
"1639",1362,0.0210886066686064
"1640",1361,0.0210649669149029
"1641",1360,0.0210405408419504
"1642",1359,0.0210221657428209
"1643",1358,0.0209927358446332
"1644",1357,0.0209615732794606
"1645",1356,0.0209284388467689
"1646",1355,0.0208931105943176
"1647",1354,0.0208390138692288
"1648",1353,0.0207919370316447
"1649",1352,0.0207410776833975
"1650",1351,0.0206768006689687
"1651",1350,0.0206187917790363
"1652",1349,0.0205778411037222
"1653",1348,0.0205349144442073
"1654",1347,0.0204899828670475
"1655",1346,0.0204430241155084
"1656",1345,0.0203940225504765
"1657",1344,0.0203796454575001
"1658",1343,0.0203651007062943
"1659",1342,0.0203503882246841
"1660",1341,0.0203355079830768
"1661",1340,0.0203204599942471
"1662",1339,0.0203417436799836
"1663",1338,0.0203627484076954
"1664",1337,0.0203834661379792
"1665",1336,0.0204038890230886
"1666",1335,0.0204240094218221
"1667",1334,0.0204591434130692
"1668",1333,0.0204931849676546
"1669",1332,0.0205261383005322
"1670",1331,0.0205580094031663
"1671",1330,0.0205888060582882
"1672",1329,0.0205948372673471
"1673",1328,0.0206008259615352
"1674",1327,0.0206067722291372
"1675",1326,0.0206126761613452
"1676",1325,0.0206185378522614
"1677",1324,0.0205676567322655
"1678",1323,0.0205139372632554
"1679",1322,0.0204573817446736
"1680",1321,0.0203980043192064
"1681",1320,0.0203358305775656
"1682",1319,0.0202419106061108
"1683",1318,0.0201524007903214
"1684",1317,0.0200474674833398
"1685",1316,0.0199367753735517
"1686",1315,0.0198108064663377
"1687",1314,0.0196769753069571
"1688",1313,0.0195376244793136
"1689",1312,0.0193835559496749
"1690",1311,0.0192262981335196
"1691",1310,0.0190754822599302
"1692",1309,0.0188763488620948
"1693",1308,0.0186708894509817
"1694",1307,0.0184605110277502
"1695",1306,0.0182466730623388
"1696",1305,0.018042275096536
"1697",1304,0.0177394200654887
"1698",1303,0.0174324871498182
"1699",1302,0.0171445655758653
"1700",1301,0.0168804352538025
"1701",1300,0.0166340916842481
"1702",1299,0.0164354952722391
"1703",1298,0.0162518939803363
"1704",1297,0.0160847089497591
"1705",1296,0.0159351751947419
"1706",1295,0.0158161280558452
"1707",1294,0.0157646825408355
"1708",1293,0.0157173659265857
"1709",1292,0.0156742481363212
"1710",1291,0.0156460059669399
"1711",1290,0.015612460775694
"1712",1289,0.0155957479169508
"1713",1288,0.0155804212174679
"1714",1287,0.0155569074318868
"1715",1286,0.0155352605616278
"1716",1285,0.015525020870533
"1717",1284,0.0155161642940895
"1718",1283,0.0155087001381998
"1719",1282,0.0155134982560691
"1720",1281,0.0155093971220377
"1721",1280,0.015506739889765
"1722",1279,0.0154964930525133
"1723",1278,0.0155164260317942
"1724",1277,0.0155347739608923
"1725",1276,0.0155618814233869
"1726",1275,0.0156101476925757
"1727",1274,0.015728104275
"1728",1273,0.0158950623355292
"1729",1272,0.0161151311855073
"1730",1271,0.016393626875391
"1731",1270,0.016737316056677
"1732",1269,0.0171370453148854
"1733",1268,0.0176265465182896
"1734",1267,0.0182028410854638
"1735",1266,0.0188676572712524
"1736",1265,0.019641103850671
"1737",1264,0.0199830873098787
"1738",1263,0.020344503852548
"1739",1262,0.0207508247734281
"1740",1261,0.0211548918311872
"1741",1260,0.0215796171663729
"1742",1259,0.0217110830151578
"1743",1258,0.0218444193512026
"1744",1257,0.0219796254433957
"1745",1256,0.0221166993107992
"1746",1255,0.0222556376866514
"1747",1254,0.0221628051341847
"1748",1253,0.0220708006658915
"1749",1252,0.0219796254433957
"1750",1251,0.0218892803696752
"1751",1250,0.0217997660937007
"1752",1249,0.0217110830151578
"1753",1248,0.0216232312892464
"1754",1247,0.0215362108315504
"1755",1246,0.0214500213229748
"1756",1245,0.0213646622147419
"1757",1244,0.021379250654039
"1758",1243,0.0213939766190514
"1759",1242,0.0214088374453906
"1760",1241,0.0214238304569305
"1761",1240,0.0214389529671645
"1762",1239,0.0214664296459738
"1763",1238,0.0214942308497218
"1764",1237,0.021522360117593
"1765",1236,0.0215508210217668
"1766",1235,0.0215796171663729
"1767",1234,0.021637846339562
"1768",1233,0.0216964175369248
"1769",1232,0.0217553225407966
"1770",1231,0.0218145529457452
"1771",1230,0.0218741001667646
"1772",1229,0.0219036195591733
"1773",1228,0.0219334765600015
"1774",1227,0.0219636747681242
"1775",1226,0.0219942178096434
"1776",1225,0.0220251093364748
"1777",1224,0.0220396939539614
"1778",1223,0.0220544045920199
"1779",1222,0.0220692383371456
"1780",1221,0.0220841922727698
"1781",1220,0.0220992634807728
"1782",1219,0.0218589845278742
"1783",1218,0.0216238556051075
"1784",1217,0.0213939766190514
"1785",1216,0.0211694314416387
"1786",1215,0.02095028803424
"1787",1214,0.0204801469691435
"1788",1213,0.0200183466970674
"1789",1212,0.0196079552783021
"1790",1211,0.0192247297295101
"1791",1210,0.0188676572712524
"1792",1209,0.0185241017435156
"1793",1208,0.0182057461066824
"1794",1207,0.0179010959405012
"1795",1206,0.0176302744691745
"1796",1205,0.0173808559448881
"1797",1204,0.0172679088204183
"1798",1203,0.0171481057958418
"1799",1202,0.0170445647529659
"1800",1201,0.0169453385571618
"1801",1200,0.0168502983058311
"1802",1199,0.0168815210482874
"1803",1198,0.0169131995989785
"1804",1197,0.0169453385571618
"1805",1196,0.0169779425812499
"1806",1195,0.0170110163882211
"1807",1194,0.0172297929984027
"1808",1193,0.0174552797024515
"1809",1192,0.0176995196479747
"1810",1191,0.0179635512096689
"1811",1190,0.0182596596798544
"1812",1189,0.0188161791446265
"1813",1188,0.0194477701388269
"1814",1187,0.0201598557097276
"1815",1186,0.0209836616122982
"1816",1185,0.0218741001667646
"1817",1184,0.0233412425604601
"1818",1183,0.0250018757235261
"1819",1182,0.0268185234378847
"1820",1181,0.0287468142101962
"1821",1180,0.030715670810001
"1822",1179,0.032329625790727
"1823",1178,0.0339003392957963
"1824",1177,0.035397221275964
"1825",1176,0.0367945896427277
"1826",1175,0.0380386815917238
"1827",1174,0.0383423228601942
"1828",1173,0.0386215093288867
"1829",1172,0.0388873733056284
"1830",1171,0.0391402434346777
"1831",1170,0.0393805160623468
"1832",1169,0.0393984238453665
"1833",1168,0.0394162107845792
"1834",1167,0.0394338725662026
"1835",1166,0.0394514048468259
"1836",1165,0.0394688032552934
"1837",1164,0.0394871270912367
"1838",1163,0.0395051365306118
"1839",1162,0.0395228420999848
"1840",1161,0.0395402542333613
"1841",1160,0.0395573832644309
"1842",1159,0.0396439353248839
"1843",1158,0.0397291372859466
"1844",1157,0.0398129679063475
"1845",1156,0.039895407137264
"1846",1155,0.0399764361763226
"1847",1154,0.0399431323317304
"1848",1153,0.03990930480518
"1849",1152,0.0398749853615924
"1850",1151,0.0398402053833265
"1851",1150,0.0398049958194982
"1852",1149,0.0397393660336603
"1853",1148,0.0396727849700703
"1854",1147,0.0396052460903682
"1855",1146,0.0395367432565197
"1856",1145,0.0394672707367173
"1857",1144,0.0393427678761544
"1858",1143,0.0392157306527754
"1859",1142,0.0390862063956881
"1860",1141,0.0389542457510813
"1861",1140,0.0388199024951557
"1862",1139,0.0386021311671948
"1863",1138,0.0383755933593903
"1864",1137,0.0381400669062325
"1865",1136,0.0378953628651962
"1866",1135,0.0376413282716483
"1867",1134,0.0372718675952141
"1868",1133,0.0368970195169049
"1869",1132,0.0365056974184344
"1870",1131,0.0360981535333954
"1871",1130,0.035664083220983
"1872",1129,0.0354538960770527
"1873",1128,0.0352393505506925
"1874",1127,0.0350205007468945
"1875",1126,0.0347974127272106
"1876",1125,0.0345701645922874
"1877",1124,0.0346302271274746
"1878",1123,0.0346901135297156
"1879",1122,0.0347498215328247
"1880",1121,0.0348093488896537
"1881",1120,0.0348686933724419
"1882",1119,0.0352207976896082
"1883",1118,0.0355657800443624
"1884",1117,0.0359032079097843
"1885",1116,0.0362438903703296
"1886",1115,0.03656550735255
"1887",1114,0.0369479973711675
"1888",1113,0.0373116794832708
"1889",1112,0.0376567759059575
"1890",1111,0.0379956030321651
"1891",1110,0.038306223668073
"1892",1109,0.0385153779170059
"1893",1108,0.0387182526770178
"1894",1107,0.0389148504210356
"1895",1106,0.039105191356473
"1896",1105,0.0392893131769331
"1897",1104,0.0392714695440757
"1898",1103,0.0392533497731495
"1899",1102,0.0392349439160707
"1900",1101,0.039216241921933
"1901",1100,0.0391972336440278
"1902",1099,0.0391779088472562
"1903",1098,0.0391582572159319
"1904",1097,0.0391382683619786
"1905",1096,0.0391179318335171
"1906",1095,0.0390972371238431
"1907",1094,0.0393250053699479
"1908",1093,0.0395402542333613
"1909",1092,0.0397437923803143
"1910",1091,0.0399364630660762
"1911",1090,0.0401191316490387
"1912",1089,0.0402780620895934
"1913",1088,0.0404216130728729
"1914",1087,0.0405730836357899
"1915",1086,0.0407077342572355
"1916",1085,0.0408375941608404
"1917",1084,0.0407743233802586
"1918",1083,0.0407100119725597
"1919",1082,0.0406323738520347
"1920",1081,0.0405669129667999
"1921",1080,0.0405000381702117
"1922",1079,0.0405428359660023
"1923",1078,0.0405850864929907
"1924",1077,0.0406267839662461
"1925",1076,0.0406679228977529
"1926",1075,0.0407084981066132
"1927",1074,0.0410532505482055
"1928",1073,0.0413460495684464
"1929",1072,0.0416225108870124
"1930",1071,0.0418788517859428
"1931",1070,0.0421321391447436
"1932",1069,0.0424554231283715
"1933",1068,0.0427740192903589
"1934",1067,0.0431034078908819
"1935",1066,0.0434686013828757
"1936",1065,0.04386395597915
"1937",1064,0.0443221322621085
"1938",1063,0.0448455818551742
"1939",1062,0.0454431099759517
"1940",1061,0.0461224125278711
"1941",1060,0.0468900519773864
"1942",1059,0.0476185134186758
"1943",1058,0.0484128503552721
"1944",1057,0.0492958762530332
"1945",1056,0.0502598622290387
"1946",1055,0.0513059343208069
"1947",1054,0.0521858773442673
"1948",1053,0.0531025527611548
"1949",1052,0.0540625752308433
"1950",1051,0.0550528515156498
"1951",1050,0.0561013086320275
"1952",1049,0.0568272706112208
"1953",1048,0.0575699067587411
"1954",1047,0.0583385393686787
"1955",1046,0.0591103192342744
"1956",1045,0.0598930601339178
"1957",1044,0.0600713357551815
"1958",1043,0.060248594509703
"1959",1042,0.0604247641858
"1960",1041,0.0605997738294887
"1961",1040,0.0607735538536788
"1962",1039,0.060686891654085
"1963",1038,0.0606002310539366
"1964",1037,0.0605135762149666
"1965",1036,0.060426931275608
"1966",1035,0.0603403003505873
"1967",1034,0.0600826004354886
"1968",1033,0.0598267524296178
"1969",1032,0.0595728298129417
"1970",1031,0.0593209013394331
"1971",1030,0.05907103117995
"1972",1029,0.0586426522885301
"1973",1028,0.0582137909938087
"1974",1027,0.0577850695541934
"1975",1026,0.0573471895383573
"1976",1025,0.0569212185294984
"1977",1024,0.0561825138144157
"1978",1023,0.0554475705995314
"1979",1022,0.054750956093078
"1980",1021,0.0540625752308433
"1981",1020,0.0533934580089558
"1982",1019,0.0528870668101241
"1983",1018,0.0523934355176437
"1984",1017,0.0519030024486755
"1985",1016,0.0514366821591866
"1986",1015,0.0509839461155484
"1987",1014,0.0506068287517581
"1988",1013,0.0502398902591214
"1989",1012,0.0498831746008757
"1990",1011,0.0495366985386418
"1991",1010,0.0492004534998653
"1992",1009,0.049090640478212
"1993",1008,0.0489819591106154
"1994",1007,0.0488744073955227
"1995",1006,0.0487679830766264
"1996",1005,0.0486626836495796
"1997",1004,0.048801450013737
"1998",1003,0.048942834708247
"1999",1002,0.0490868722518339
"2000",1001,0.0492335963439022
"2001",1000,0.0493830398933202
"2002",999,0.049650654820581
"2003",998,0.0499257082405274
"2004",997,0.0502082904108925
"2005",996,0.0504984847713141
"2006",995,0.0507963673721304
"2007",994,0.0511196001324533
"2008",993,0.0514502049622741
"2009",992,0.0517881295304173
"2010",991,0.0521333045802454
"2011",990,0.0524960427718669
"2012",989,0.0530589815460932
"2013",988,0.0536409119822413
"2014",987,0.054241519573861
"2015",986,0.0548505815910734
"2016",985,0.055487383963073
"2017",984,0.0565132162684338
"2018",983,0.0575534617886225
"2019",982,0.0586229344321183
"2020",981,0.059694669549835
"2021",980,0.0607701378462758
"2022",979,0.0614860362732911
"2023",978,0.0622104898999245
"2024",977,0.0629219619368971
"2025",976,0.0636270707268225
"2026",975,0.0643232415494357
"2027",974,0.0644095046726635
"2028",973,0.0644955822453511
"2029",972,0.0645814691420021
"2030",971,0.0646671602356482
"2031",970,0.0647526503986036
"2032",969,0.065470178464515
"2033",968,0.0661427585772221
"2034",967,0.0668114677779399
"2035",966,0.0674631311787685
"2036",965,0.068094953212776
"2037",964,0.0697957679782193
"2038",963,0.071181068771137
"2039",962,0.0721917426160803
"2040",961,0.072827164264996
"2041",960,0.0731188918660692
"2042",959,0.0731391257761854
"2043",958,0.0729346540379668
"2044",957,0.0725638481798576
"2045",956,0.0720951340443179
"2046",955,0.0715562840320321
"2047",954,0.0714716548414922
"2048",953,0.0713749210342551
"2049",952,0.0712806845549846
"2050",951,0.0711891645740146
"2051",950,0.0711005645336589
"2052",949,0.0711695104578648
"2053",948,0.0712389651270687
"2054",947,0.071308816942629
"2055",946,0.071378951916506
"2056",945,0.0714492537804233
"2057",944,0.0715196041009581
"2058",943,0.0715898824004359
"2059",942,0.0716457750242241
"2060",941,0.0717159317440274
"2061",940,0.0717856340740455
"2062",939,0.0716718158873641
"2063",938,0.0715684637146777
"2064",937,0.071447757265051
"2065",936,0.0713244126257798
"2066",935,0.0711991605043581
"2067",934,0.0707569289404229
"2068",933,0.0703697345025115
"2069",932,0.0700569062952869
"2070",931,0.0698459332309763
"2071",930,0.0697214281860056
"2072",929,0.0696838766531356
"2073",928,0.0698331419267915
"2074",927,0.0701224510581783
"2075",926,0.0705540908779387
"2076",925,0.0711021135866893
"2077",924,0.0717052829837379
"2078",923,0.0723977020416152
"2079",922,0.0731721064368678
"2080",921,0.0740230494480132
"2081",920,0.0749471432219351
"2082",919,0.075592618913028
"2083",918,0.0762699788501951
"2084",917,0.0769793567043309
"2085",916,0.0777212519949785
"2086",915,0.0784964751234105
"2087",914,0.0787381949117365
"2088",913,0.0789831850714334
"2089",912,0.0792467594264176
"2090",911,0.0794988863347499
"2091",910,0.0797543592415343
"2092",909,0.0801754818733242
"2093",908,0.0805962609253657
"2094",907,0.0810366470106602
"2095",906,0.0814864314113753
"2096",905,0.0819329941393408
"2097",904,0.0832059499046736
"2098",903,0.0845424491452179
"2099",902,0.0859612556459275
"2100",901,0.0874231759944144
"2101",900,0.0889561497934185
"2102",899,0.0899894403983379
"2103",898,0.0910582039896665
"2104",897,0.092130899610483
"2105",896,0.0932171388732164
"2106",895,0.0943130624494311
"2107",894,0.093950039088855
"2108",893,0.0935890506986765
"2109",892,0.0932302131669093
"2110",891,0.0928736341454873
"2111",890,0.0925194132082925
"2112",889,0.0921554191558144
"2113",888,0.0917916871737899
"2114",887,0.0914284380858372
"2115",886,0.0910658889344253
"2116",885,0.0906892375935014
"2117",884,0.0914212340656124
"2118",883,0.0921431636708748
"2119",882,0.0928686958603598
"2120",881,0.0935964137051534
"2121",880,0.0943248390384353
"2122",879,0.0945954977172329
"2123",878,0.0948674028243963
"2124",877,0.095140500911873
"2125",876,0.0954147352843388
"2126",875,0.095690045950176
"2127",874,0.094496363767834
"2128",873,0.0933081522287906
"2129",872,0.092130899610483
"2130",871,0.0909695344464527
"2131",870,0.0898158049241362
"2132",869,0.0886843038752094
"2133",868,0.0875987774657903
"2134",867,0.0865417493683708
"2135",866,0.0855151301118394
"2136",865,0.0845037712995551
"2137",864,0.0840566232104391
"2138",863,0.0836163589504833
"2139",862,0.083182995721807
"2140",861,0.082756529845266
"2141",860,0.0823502456684462
"2142",859,0.0822812888831322
"2143",858,0.0822125283659945
"2144",857,0.0821439639953672
"2145",856,0.0820755956390793
"2146",855,0.0820074231546552
"2147",854,0.0819394463895163
"2148",853,0.0818716651811817
"2149",852,0.0818040793574701
"2150",851,0.0817366887367012
"2151",850,0.0816694931278974
"2152",849,0.0816694931278974
"2153",848,0.0816694931278974
"2154",847,0.0816694931278974
"2155",846,0.0816694931278974
"2156",845,0.0816694931278974
"2157",844,0.0819522346109414
"2158",843,0.082238328399646
"2159",842,0.0825277395290575
"2160",841,0.0828204255874224
"2161",840,0.0831038592278887
"2162",839,0.0832338129195803
"2163",838,0.0833646274589817
"2164",837,0.0834963139964564
"2165",836,0.0836288836177228
"2166",835,0.0837623473302033
"2167",834,0.0835561788000245
"2168",833,0.0833518577978733
"2169",832,0.0831493599004273
"2170",831,0.0829486601272743
"2171",830,0.0827637113113513
"2172",829,0.0825410242221268
"2173",828,0.0823202319058128
"2174",827,0.0821013628947238
"2175",826,0.0818844425547728
"2176",825,0.0816694931278974
"2177",824,0.0818716651811817
"2178",823,0.0820755956390793
"2179",822,0.0822812888831322
"2180",821,0.0824760403948055
"2181",820,0.0826861214152251
"2182",819,0.083027693529432
"2183",818,0.0833741408591845
"2184",817,0.0837255386392366
"2185",816,0.0840819559829417
"2186",815,0.0844434551781863
"2187",814,0.0848503492246776
"2188",813,0.0852462899075525
"2189",812,0.0856469381830655
"2190",811,0.0860521292273196
"2191",810,0.0864616788360322
"2192",809,0.0871072468276984
"2193",808,0.0877639829763922
"2194",807,0.0884313914513923
"2195",806,0.0891269047203446
"2196",805,0.0898158049241362
"2197",804,0.091146991587163
"2198",803,0.0924916562685082
"2199",802,0.0938555156824753
"2200",801,0.0952306611698002
"2201",800,0.0966082444476959
"2202",799,0.0980910030081257
"2203",798,0.0995368476025262
"2204",797,0.100950403074892
"2205",796,0.102319018327026
"2206",795,0.103619902115811
"2207",794,0.104712208688562
"2208",793,0.10574501612835
"2209",792,0.106712363063677
"2210",791,0.107609399586258
"2211",790,0.108432541775456
"2212",789,0.108815659128494
"2213",788,0.10917959218771
"2214",787,0.109524296225837
"2215",786,0.109830192208904
"2216",785,0.110137795502526
"2217",784,0.109964348580195
"2218",783,0.109794706783442
"2219",782,0.109619255825147
"2220",781,0.109427770377895
"2221",780,0.109230012774008
"2222",779,0.109255415354926
"2223",778,0.109280585873144
"2224",777,0.109305518301504
"2225",776,0.109330206604614
"2226",775,0.109354644741923
"2227",774,0.109884342835624
"2228",773,0.110378418990071
"2229",772,0.11081786645084
"2230",771,0.111205886372909
"2231",770,0.111546368449282
"2232",769,0.111887362802122
"2233",768,0.112179297950952
"2234",767,0.112418128834267
"2235",766,0.112631280272096
"2236",765,0.112806147623118
"2237",764,0.112837473572821
"2238",763,0.112868915234401
"2239",762,0.112900575316731
"2240",761,0.112932552494883
"2241",760,0.112964941287621
"2242",759,0.112970654477607
"2243",758,0.112976266400966
"2244",757,0.112981777532468
"2245",756,0.112987188356648
"2246",755,0.11299249936776
"2247",754,0.112987188356648
"2248",753,0.112981777532468
"2249",752,0.112976266400966
"2250",751,0.112970654477607
"2251",750,0.112964941287621
"2252",749,0.113008017848974
"2253",748,0.113049012745691
"2254",747,0.11308803556312
"2255",746,0.113125199410152
"2256",745,0.113160620716742
"2257",744,0.11324627491381
"2258",743,0.113324983626266
"2259",742,0.113418245418517
"2260",741,0.113531185971614
"2261",740,0.113637670851348
"2262",739,0.113807750021923
"2263",738,0.113982219470041
"2264",737,0.114178236620673
"2265",736,0.114422766741206
"2266",735,0.114695829584408
"2267",734,0.115088011096984
"2268",733,0.115527392286251
"2269",732,0.116010538432973
"2270",731,0.116531937633762
"2271",730,0.117084224786003
"2272",729,0.117648858375912
"2273",728,0.11823652993916
"2274",727,0.118837631142286
"2275",726,0.119441205253352
"2276",725,0.120035251553195
"2277",724,0.120484071916326
"2278",723,0.12091792121385
"2279",722,0.121300199362344
"2280",721,0.12163852221131
"2281",720,0.121927019782205
"2282",719,0.12213025999032
"2283",718,0.122300076836189
"2284",717,0.122450551551365
"2285",716,0.122570393167491
"2286",715,0.12267847012659
"2287",714,0.122661540158399
"2288",713,0.122643697173021
"2289",712,0.122624944170263
"2290",711,0.122605284370354
"2291",710,0.122584721209539
"2292",709,0.122582907169295
"2293",708,0.122573681829605
"2294",707,0.122557096630172
"2295",706,0.122543261035936
"2296",705,0.122512364887229
"2297",704,0.122419057078732
"2298",703,0.122313237312643
"2299",702,0.12217922530302
"2300",701,0.122051002285867
"2301",700,0.121911760608008
"2302",699,0.121813092152669
"2303",698,0.121709953494215
"2304",697,0.12160252220602
"2305",696,0.121490979288263
"2306",695,0.121375508925459
"2307",694,0.121462472634396
"2308",693,0.121547253261046
"2309",692,0.121629772619971
"2310",691,0.121709953494215
"2311",690,0.121787719693937
"2312",689,0.122005784948625
"2313",688,0.122199485672857
"2314",687,0.122385150015648
"2315",686,0.122526666276016
"2316",685,0.122629125410879
"2317",684,0.122721059375703
"2318",683,0.122718506258374
"2319",682,0.122608010323162
"2320",681,0.122388362293731
"2321",680,0.122112348913642
"2322",679,0.121675175044419
"2323",678,0.121084498613043
"2324",677,0.120348012818718
"2325",676,0.119478647836509
"2326",675,0.118488552324449
"2327",674,0.11741429472711
"2328",673,0.116300255659875
"2329",672,0.115224265252001
"2330",671,0.114195853247648
"2331",670,0.113273645625793
"2332",669,0.112450960564324
"2333",668,0.111801839206074
"2334",667,0.111368558918465
"2335",666,0.111182840095087
"2336",665,0.11125994736437
"2337",664,0.111605962461216
"2338",663,0.112099734040822
"2339",662,0.112666727057467
"2340",661,0.113222009901479
"2341",660,0.113726411358037
"2342",659,0.11412352248602
"2343",658,0.11438936239509
"2344",657,0.114435963869033
"2345",656,0.114224263217644
"2346",655,0.113694106459954
"2347",654,0.112768382205433
"2348",653,0.111597462530118
"2349",652,0.11019891547043
"2350",651,0.108620799315421
"2351",650,0.10688216808491
"2352",649,0.105644256990383
"2353",648,0.104332507967309
"2354",647,0.102963880367074
"2355",646,0.101557046688618
"2356",645,0.100131840446828
"2357",644,0.099709838478748
"2358",643,0.0992906447206491
"2359",642,0.0988747325215355
"2360",641,0.0984625636473722
"2361",640,0.0980545874597809
"2362",639,0.0969489998085519
"2363",638,0.0958697816451977
"2364",637,0.0948162834847331
"2365",636,0.0938194787769843
"2366",635,0.0928761746471298
"2367",634,0.0911125078758703
"2368",633,0.0898198900498236
"2369",632,0.0889819217811154
"2370",631,0.0885905244142681
"2371",630,0.0885389494326893
"2372",629,0.0886380254173397
"2373",628,0.0890123465136893
"2374",627,0.0896025704608589
"2375",626,0.0903745692037862
"2376",625,0.0912540738453853
"2377",624,0.0915765547739056
"2378",623,0.0918971386468349
"2379",622,0.092214126345656
"2380",621,0.0925258934968624
"2381",620,0.0928411215590855
"2382",619,0.092793729696669
"2383",618,0.0927354998526959
"2384",617,0.0926863314305611
"2385",616,0.0926361923346742
"2386",615,0.0925850903764561
"2387",614,0.092423993251883
"2388",613,0.0922628181581935
"2389",612,0.0921017773094924
"2390",611,0.0919410848302021
"2391",610,0.0917809565979774
"2392",609,0.0914107426889241
"2393",608,0.0910475792775142
"2394",607,0.0906942911882747
"2395",606,0.0903537272580739
"2396",605,0.0900287513818928
"2397",604,0.0894614938574333
"2398",603,0.0889845620291528
"2399",602,0.0886174513146823
"2400",601,0.0883360595218241
"2401",600,0.0882449744673208
"2402",599,0.088309378348464
"2403",598,0.0885844248703039
"2404",597,0.0891144556245932
"2405",596,0.0898932216897904
"2406",595,0.0909258329576421
"2407",594,0.0920236302751955
"2408",593,0.0933013673541809
"2409",592,0.0947447767835704
"2410",591,0.0963454923004277
"2411",590,0.0980545874597809
"2412",589,0.099430034500793
"2413",588,0.100840098353236
"2414",587,0.102266710262925
"2415",586,0.103690809649424
"2416",585,0.105092799762757
"2417",584,0.105745819127387
"2418",583,0.10637352620495
"2419",582,0.106974166650011
"2420",581,0.107546241487941
"2421",580,0.108098669689248
"2422",579,0.107546241487941
"2423",578,0.106974166650011
"2424",577,0.10637352620495
"2425",576,0.105745819127387
"2426",575,0.105092799762757
"2427",574,0.102972206792882
"2428",573,0.100861202799207
"2429",572,0.0988202434058894
"2430",571,0.096901767095468
"2431",570,0.09514857924925
"2432",569,0.092957619471421
"2433",568,0.0911446684433399
"2434",567,0.0897529582134048
"2435",566,0.0888042097063561
"2436",565,0.088309378348464
"2437",564,0.0883385127599339
"2438",563,0.0887805962836983
"2439",562,0.0895200835742818
"2440",561,0.0904846142173146
"2441",560,0.0915598233092701
"2442",559,0.0926806828603397
"2443",558,0.0938180750449892
"2444",557,0.0948607055358727
"2445",556,0.0957698857506281
"2446",555,0.0964454462351166
"2447",554,0.0968558973301367
"2448",553,0.0970301140995078
"2449",552,0.0969947184075841
"2450",551,0.0967479597953036
"2451",550,0.0963842793044558
"2452",549,0.0960367821126893
"2453",548,0.0956440811604829
"2454",547,0.0952620174921731
"2455",546,0.0949150076278333
"2456",545,0.0946605916006436
"2457",544,0.0946390254450931
"2458",543,0.0947386012258183
"2459",542,0.0949379367161088
"2460",541,0.0952717693453407
"2461",540,0.0957265998757182
"2462",539,0.0961087813994619
"2463",538,0.0965696606889835
"2464",537,0.0971153879773785
"2465",536,0.0977282273781883
"2466",535,0.0983992154627537
"2467",534,0.0990693844335585
"2468",533,0.0997450406818893
"2469",532,0.100414052978788
"2470",531,0.101064380740611
"2471",530,0.101684316801267
"2472",529,0.102235841049129
"2473",528,0.102767562414761
"2474",527,0.103288584774022
"2475",526,0.103772417799683
"2476",525,0.104210651576519
"2477",524,0.104536914155977
"2478",523,0.104771521503286
"2479",522,0.104910021180985
"2480",521,0.104949482819606
"2481",520,0.104888477185915
"2482",519,0.104830281597852
"2483",518,0.104651112894851
"2484",517,0.10434883134792
"2485",516,0.103923468240449
"2486",515,0.103377194487433
"2487",514,0.10255236890059
"2488",513,0.101616020631958
"2489",512,0.100581705853967
"2490",511,0.099463704509406
"2491",510,0.0982766205109034
"2492",509,0.0966573214817581
"2493",508,0.0949388609412988
"2494",507,0.0931440396128164
"2495",506,0.0913312793829022
"2496",505,0.0895169870519187
"2497",504,0.08731542879066
"2498",503,0.085230089832158
"2499",502,0.0832856559531515
"2500",501,0.0814756561399079
"2501",500,0.0797874121572447
"2502",499,0.0780616201445334
"2503",498,0.0764742745699902
"2504",497,0.0750066864747406
"2505",496,0.0736603115685001
"2506",495,0.0723970289024857
"2507",494,0.0711897292308376
"2508",493,0.0700236658144621
"2509",492,0.06885470094239
"2510",491,0.0676567483443975
"2511",490,0.0664473547334223
"2512",489,0.0657024884685566
"2513",488,0.0649362041322599
"2514",487,0.0641464478779152
"2515",486,0.0633317199449035
"2516",485,0.062491086919727
"2517",484,0.0626119738472581
"2518",483,0.0627321961709447
"2519",482,0.0628517748730257
"2520",481,0.062970731635307
"2521",480,0.0630890888212781
"2522",479,0.0631635077795884
"2523",478,0.063237688261514
"2524",477,0.0633116235235444
"2525",476,0.0633853069516186
"2526",475,0.063458732065772
"2527",474,0.0630657684482936
"2528",473,0.0626670536609045
"2529",472,0.0622484764427292
"2530",471,0.0618394138558102
"2531",470,0.061424974013102
"2532",469,0.0608676600516639
"2533",468,0.0603250364581972
"2534",467,0.0597717293615704
"2535",466,0.0592079658748882
"2536",465,0.0586340432282857
"2537",464,0.0584868848636945
"2538",463,0.0583392012072612
"2539",462,0.058191001674128
"2540",461,0.0580422959231168
"2541",460,0.0578930938547715
"2542",459,0.0576683824039013
"2543",458,0.0574426123325044
"2544",457,0.0572158200470626
"2545",456,0.0569981254901835
"2546",455,0.0567697492100878
"2547",454,0.0558424675712874
"2548",453,0.0549021162465888
"2549",452,0.0539638588080091
"2550",451,0.0530235900551507
"2551",450,0.0520849670931165
"2552",449,0.0508972638067326
"2553",448,0.0497332250022153
"2554",447,0.0485815960975824
"2555",446,0.0474497613669424
"2556",445,0.046345053267215
"2557",444,0.0452726183875601
"2558",443,0.0442602490571966
"2559",442,0.0432969250599275
"2560",441,0.0423870940505082
"2561",440,0.0415341689678492
"2562",439,0.0409235316424855
"2563",438,0.0403571866590748
"2564",437,0.0398384202289641
"2565",436,0.039336033456801
"2566",435,0.0388807937074238
"2567",434,0.0387386413077512
"2568",433,0.038599992215294
"2569",432,0.0384646936024737
"2570",431,0.0383325880171323
"2571",430,0.038203513959393
"2572",429,0.0381528237490753
"2573",428,0.0381026469183873
"2574",427,0.0380529885401709
"2575",426,0.0380038534636672
"2576",425,0.0379552463091388
"2577",424,0.0379353487323669
"2578",423,0.0379155917907721
"2579",422,0.037895964342997
"2580",421,0.0378764553730707
"2581",420,0.0378570539989863
"2582",419,0.0378764553730707
"2583",418,0.037895964342997
"2584",417,0.0379155917907721
"2585",416,0.0379353487323669
"2586",415,0.0379552463091388
"2587",414,0.0381082506540998
"2588",413,0.0382656543918839
"2589",412,0.0384274713351763
"2590",411,0.0385937054664229
"2591",410,0.0387643510844878
"2592",409,0.0389461824927045
"2593",408,0.0391335769226605
"2594",407,0.0393267698611556
"2595",406,0.0395415599669523
"2596",405,0.0397474938860177
"2597",404,0.0399938182929957
"2598",403,0.0402468970176322
"2599",402,0.0405217057873694
"2600",401,0.0407884828084337
"2601",400,0.0410616162269206
"2602",399,0.0411739225312776
"2603",398,0.041262041702663
"2604",397,0.0413514419256682
"2605",396,0.0414421442916591
"2606",395,0.0415341689678492
"2607",394,0.0413706331708489
"2608",393,0.0411846958039457
"2609",392,0.0410272176940574
"2610",391,0.0408720794960824
"2611",390,0.0407192901440234
"2612",389,0.0406187389197898
"2613",388,0.0405041655951891
"2614",387,0.0404059177749192
"2615",386,0.0403087174658515
"2616",385,0.0402125648637159
"2617",384,0.0402605102061497
"2618",383,0.0403087174658515
"2619",382,0.0403571866590748
"2620",381,0.0404059177749192
"2621",380,0.0404549107753447
"2622",379,0.0406187389197898
"2623",378,0.0407699584829023
"2624",377,0.0409235316424855
"2625",376,0.0410794509106382
"2626",375,0.0412377066323448
"2627",374,0.0414966267148619
"2628",373,0.0417344291259837
"2629",372,0.0419762252177751
"2630",371,0.0422218951098901
"2631",370,0.0424713139994473
"2632",369,0.0427500910675916
"2633",368,0.0430357179975156
"2634",367,0.0433281803846671
"2635",366,0.0436274434550807
"2636",365,0.0439334520653006
"2637",364,0.0446062733955376
"2638",363,0.0452981635934639
"2639",362,0.0460231010722136
"2640",361,0.0467485207841718
"2641",360,0.0474870129820577
"2642",359,0.0481453943572019
"2643",358,0.0488159809423674
"2644",357,0.049497314303604
"2645",356,0.0501878614290497
"2646",355,0.0508860293600874
"2647",354,0.0515930554272394
"2648",353,0.0523180829722968
"2649",352,0.0530244101288682
"2650",351,0.0537273118621928
"2651",350,0.0544254420359824
"2652",349,0.0545805761305095
"2653",348,0.0547355121126964
"2654",347,0.0548902354553331
"2655",346,0.055044731789962
"2656",345,0.0551989869112272
"2657",344,0.0547355121126964
"2658",343,0.0542701245106287
"2659",342,0.0538032203831311
"2660",341,0.0533352077520784
"2661",340,0.0528665052090143
"2662",339,0.0519275704799933
"2663",338,0.0509722086410101
"2664",337,0.0500370972575994
"2665",336,0.0491080390731587
"2666",335,0.0481888674240129
"2667",334,0.0470716854032786
"2668",333,0.0459879246529689
"2669",332,0.0449300255951539
"2670",331,0.0439334520653006
"2671",330,0.0429875133558123
"2672",329,0.0420222503992979
"2673",328,0.0410985458407647
"2674",327,0.0402583222506335
"2675",326,0.0395027719069314
"2676",325,0.0388021974642654
"2677",324,0.0382487946602747
"2678",323,0.0377466412741416
"2679",322,0.0372898656704799
"2680",321,0.0368528771428858
"2681",320,0.0364686184011384
"2682",319,0.0361671147314146
"2683",318,0.0358825993284428
"2684",317,0.0356109696746773
"2685",316,0.0353479335185713
"2686",315,0.0350890982226246
"2687",314,0.0348681821836399
"2688",313,0.034639922743723
"2689",312,0.0344024762004441
"2690",311,0.0341542462884429
"2691",310,0.0338939019696166
"2692",309,0.0335824378099045
"2693",308,0.0332538666796066
"2694",307,0.0329058627821212
"2695",306,0.0325366349430616
"2696",305,0.0321449696079687
"2697",304,0.03145478443227
"2698",303,0.0307136033363351
"2699",302,0.029929443185038
"2700",301,0.0291126071821033
"2701",300,0.0282749467474412
"2702",299,0.0275633445701261
"2703",298,0.0268317642440841
"2704",297,0.0261206128143377
"2705",296,0.0254190388163412
"2706",295,0.0247344867714766
"2707",294,0.0244041356710641
"2708",293,0.02408103937069
"2709",292,0.0237657848457082
"2710",291,0.0234588845395124
"2711",290,0.0231607739644202
"2712",289,0.0227569858976389
"2713",288,0.0223613317515276
"2714",287,0.0219953398215505
"2715",286,0.0216480814740636
"2716",285,0.0213198123817733
"2717",284,0.0207930008463344
"2718",283,0.0203049650004152
"2719",282,0.0198831000191235
"2720",281,0.0194996917497094
"2721",280,0.0191457247537296
"2722",279,0.0188200667911608
"2723",278,0.0185039004963883
"2724",277,0.0182129089694511
"2725",276,0.0179245622982157
"2726",275,0.0176212201760866
"2727",274,0.0173103127314481
"2728",273,0.0169788222802639
"2729",272,0.0166235880005695
"2730",271,0.0162424951084962
"2731",270,0.015834421101752
"2732",269,0.0156772084956002
"2733",268,0.015516316123814
"2734",267,0.0153517772007481
"2735",266,0.0151836386825345
"2736",265,0.0150119605459656
"2737",264,0.0148115159760519
"2738",263,0.0146066692866962
"2739",262,0.014397565047251
"2740",261,0.0141843646963066
"2741",260,0.0139672451347259
"2742",259,0.0138321478001401
"2743",258,0.0136954118718588
"2744",257,0.0135356215636374
"2745",256,0.0133976641375481
"2746",255,0.0132580413294369
"2747",254,0.0128264866148657
"2748",253,0.0123841400357214
"2749",252,0.0119328832111571
"2750",251,0.0114746199824334
"2751",250,0.0110024563466359
"2752",249,0.0109715092916614
"2753",248,0.0109405500371026
"2754",247,0.0109095791399192
"2755",246,0.010878597156207
"2756",245,0.0108476046411799
"2757",244,0.0107232639155164
"2758",243,0.01059894742088
"2759",242,0.0104746945483314
"2760",241,0.0103505441291467
"2761",240,0.0102265344113944
"2762",239,0.00981379626488455
"2763",238,0.00941211972622683
"2764",237,0.0090118139366034
"2765",236,0.00859926606774205
"2766",235,0.00820613802370553
"2767",234,0.00860010325185783
"2768",233,0.00901320125537781
"2769",232,0.00941361699977356
"2770",231,0.00981484190574236
"2771",230,0.0102266458871249
"2772",229,0.0106888309684801
"2773",228,0.0111577844478456
"2774",227,0.0116134449754612
"2775",226,0.0120622016957652
"2776",225,0.0125021233904546
"2777",224,0.0131047140826938
"2778",223,0.0137132095459473
"2779",222,0.0142767204107144
"2780",221,0.0148127810164538
"2781",220,0.0153192034426737
"2782",219,0.0157366068558629
"2783",218,0.0161310611973706
"2784",217,0.0165024378732454
"2785",216,0.0168512789252406
"2786",215,0.0171788622162182
"2787",214,0.017348018144963
"2788",213,0.0175228820398195
"2789",212,0.0176855356003492
"2790",211,0.0178455606983044
"2791",210,0.0180038799961385
"2792",209,0.0181311146531785
"2793",208,0.0182567832914089
"2794",207,0.0183813252093173
"2795",206,0.0185052122772975
"2796",205,0.0186289476275947
"2797",204,0.0187858689486009
"2798",203,0.0189344506449804
"2799",202,0.0190877707175645
"2800",201,0.0192467100172378
"2801",200,0.0194121259932638
"2802",199,0.019335454113439
"2803",198,0.0192605046493282
"2804",197,0.0191872005057689
"2805",196,0.0191154613000494
"2806",195,0.019045203674484
"2807",194,0.0188992644742728
"2808",193,0.0187555024316281
"2809",192,0.0186009288529441
"2810",191,0.0184602284187215
"2811",190,0.0183192432671467
"2812",189,0.0183505083047141
"2813",188,0.0183815663153866
"2814",187,0.0184124256518402
"2815",186,0.0184430950227831
"2816",185,0.0184735834952162
"2817",184,0.0184581186675719
"2818",183,0.01844266255675
"2819",182,0.0184272141031666
"2820",181,0.0184117722521408
"2821",180,0.0183963359539824
"2822",179,0.0182886706947551
"2823",178,0.0181823995157749
"2824",177,0.0180770132230653
"2825",176,0.0179720101944006
"2826",175,0.0178669009164168
"2827",174,0.0180048318298241
"2828",173,0.0181408039960091
"2829",172,0.0182755028466779
"2830",171,0.018409660196505
"2831",170,0.0185440504002321
"2832",169,0.0187098088221839
"2833",168,0.0188926429404983
"2834",167,0.019068145352726
"2835",166,0.0192502394733017
"2836",165,0.0194406027232759
"2837",164,0.0196079090976171
"2838",163,0.0197838312730209
"2839",162,0.0199691943892009
"2840",161,0.0201647559318806
"2841",160,0.020371193086207
"2842",159,0.0200790985529102
"2843",158,0.0198083615074495
"2844",157,0.0195567452198524
"2845",156,0.0193217552329499
"2846",155,0.0191007139959769
"2847",154,0.0186040653223765
"2848",153,0.0181408039960091
"2849",152,0.0176629319047956
"2850",151,0.0171386351456442
"2851",150,0.016565174751484
"2852",149,0.0160953210598888
"2853",148,0.015585718773358
"2854",147,0.0150367000949093
"2855",146,0.0144502316987661
"2856",145,0.0138296394972274
"2857",144,0.0132467840750576
"2858",143,0.0126689871565981
"2859",142,0.0120743739561052
"2860",141,0.0114673393141446
"2861",140,0.0108435412054508
"2862",139,0.0104118914692917
"2863",138,0.00997969310939882
"2864",137,0.0095394135091598
"2865",136,0.00911155644051269
"2866",135,0.00868715359665893
"2867",134,0.00813758932469579
"2868",133,0.0076148135693831
"2869",132,0.00710590852118227
"2870",131,0.00661278419382059
"2871",130,0.00613708037589257
"2872",129,0.00618968958277585
"2873",128,0.00624251464066434
"2874",127,0.00629555351765695
"2875",126,0.00634880414371408
"2876",125,0.00640226441068152
"2877",124,0.00672730562184111
"2878",123,0.00705932040352176
"2879",122,0.00739776775283287
"2880",121,0.00774205874284948
"2881",120,0.00809155770500004
"2882",119,0.00829447139425562
"2883",118,0.00849951363926712
"2884",117,0.00872174818757805
"2885",116,0.00893104735585479
"2886",115,0.00914201863738807
"2887",114,0.00981566633044712
"2888",113,0.010504483875188
"2889",112,0.0111813465345891
"2890",111,0.0118630991050272
"2891",110,0.0125217393663285
"2892",109,0.0121944313915041
"2893",108,0.0118630991050272
"2894",107,0.0115284761598101
"2895",106,0.0111813465345891
"2896",105,0.0108435412054508
"2897",104,0.0105664329089397
"2898",103,0.0102884519002068
"2899",102,0.0100100130439632
"2900",101,0.00972215028065309
"2901",100,0.00944485537566309
