"","sites","0","100","200","300","400","500","600","700","800","900","1000","1100","1200","1300","1400","1500","1600","1700","1710","1720","1730","1740","1750","1760","1770","1780","1790","1800","1810","1820","1830","1840","1850","1860","1870","1880","1890","1900","1910","1920","1930","1940","1950","1960","1970","1980","1990","2000"
"1","Bush-Gd_Acopia",0.906474053859711,0.949101448059082,0.993229150772095,1.03867101669312,1.08562970161438,1.13404047489166,1.18309903144836,1.23196029663086,1.28018927574158,1.42529881000519,1.55874192714691,1.61807644367218,1.66287004947662,1.69006156921387,1.69460499286652,1.67141962051392,0.794022440910339,1.07301163673401,1.07033848762512,1.06614136695862,1.06028747558594,1.05317783355713,1.04476571083069,1.03520429134369,1.02433669567108,1.01277005672455,0.999568223953247,0.985508739948273,0.970308184623718,0.954053521156311,1.10381436347961,1.25347673892975,1.42240154743195,1.62230813503265,1.81323266029358,2.12129807472229,2.80724740028381,3.33667039871216,3.6034722328186,3.82117557525635,3.97916889190674,4.09503936767578,3.84448719024658,4.18823909759521,7.45504808425903,7.64400148391724,8.28403949737549,11.0705595016479
"2","Bush-Gd_Huamnmrc",0,0,0,0,0,0,0,0,0,0,0,0,0,0,0,0,0.140874132514,0.289849430322647,0.297065019607544,0.30359959602356,0.309414505958557,0.314551025629044,0.318973064422607,0.322727710008621,0.325610339641571,0.328058570623398,0.329498648643494,0.330347448587418,0.33044508099556,0.329862922430038,0.385827362537384,0.442749381065369,0.507125496864319,0.583466172218323,0.658017158508301,0.775982320308685,1.02792227268219,0,0,0,0,0,0,0,0,0,3.26286888122559,4.3730525970459
"3","Bush-Gd_Miski",0,0,0,0,0,0,0,0,0,0,0,0,0,0,0,0,0.140874132514,0.289849430322647,0.297065019607544,0.30359959602356,0.309414505958557,0.314551025629044,0.318973064422607,0.322727710008621,0.325610339641571,0.328058570623398,0.329498648643494,0.330347448587418,0.33044508099556,0.329862922430038,0.385827362537384,0.442749381065369,0.507125496864319,0.583466172218323,0.658017158508301,0.775982320308685,1.02792227268219,0,0,0,0,0,0,0,0,0,3.26286888122559,4.3730525970459
"4","Bush-Gd_Pacucha",0,0,0,0,0,0,0,0,0,0,0,0,0,0,0,0,0.59514456987381,1.22451376914978,1.25499713420868,1.28260338306427,1.30716943740845,1.32886946201324,1.34755110740662,1.36341309547424,1.37559127807617,1.38593423366547,1.39201807975769,1.39560389518738,1.39601647853851,1.3935569524765,1.62998735904694,1.87046325206757,2.14243006706238,2.46494317054749,2.77989530563354,3.27825736999512,4.34261655807495,5.19486284255981,5.64219284057617,6.0258674621582,6.36446094512939,6.68406820297241,6.31985330581665,6.91704416275024,12.3110218048096,12.6772594451904,13.7913045883179,18.4799957275391
"5","Clm-A-C_Belmir-1",0,0,0,0,0,0,0,0,0,0,0,0,0,0,0,0,0.883461892604828,1.38265335559845,1.5552533864975,1.75553703308105,1.97817254066467,2.22578859329224,0,0,0,0,0,0,0,0,0,0,0,0,0,0,0,0,0,0,5.97388982772827,0,0,4.51129817962646,0,0,4.84790754318237,4.42327404022217
"6","Clm-A-C_Belmir-2",0,0,0,0,0,0,0,0,0,0,0,0,0,0,0,0,0.883461892604828,1.38265335559845,1.5552533864975,1.75553703308105,1.97817254066467,2.22578859329224,0,0,0,0,0,0,0,0,0,0,0,0,0,0,0,0,0,0,5.97388982772827,0,0,4.51129817962646,0,0,4.84790754318237,4.42327404022217
"7","Clm-A-C_Belmir-3",0,0,0,0,0,0,0,0,0,0,0,0,0,0,0,0,0.883461892604828,1.38265335559845,1.5552533864975,1.75553703308105,1.97817254066467,2.22578859329224,0,0,0,0,0,0,0,0,0,0,0,0,0,0,0,0,0,0,5.97388982772827,0,0,4.51129817962646,0,0,4.84790754318237,4.42327404022217
"8","Clm-A-C_Guarne-1",0,0,0,0,0,0,0,0,0,0,0,0,0,0,0,0,0,0,0,0,0,0,0,0,0.0687300786375999,0.0902708172798157,0.114586785435677,0.146618545055389,0.152050390839577,0.13512147963047,0.17743943631649,0.233847931027412,0.295743614435196,0.337796032428741,0.360778212547302,0.457563787698746,0.527593731880188,0.602457284927368,0.683044493198395,0.764955282211304,0.867967367172241,0.825278759002686,0.826950788497925,0,0,0,0,0
"9","Clm-A-C_Guarne-2",0,0,0,0,0,0,0,0,0,0,0,0,0,0,0,0,0,0,0,0,0,0,0,0,0.0687300786375999,0.0902708172798157,0.114586785435677,0.146618545055389,0.152050390839577,0.13512147963047,0.17743943631649,0.233847931027412,0.295743614435196,0.337796032428741,0.360778212547302,0.457563787698746,0.527593731880188,0.602457284927368,0.683044493198395,0.764955282211304,0.867967367172241,0.825278759002686,0.826950788497925,0,0,0,0,0
"10","Clm-A-E_Cucunb-1",2.11507225036621,2.22045254707336,2.32933902740479,2.44225335121155,2.5582160949707,2.67679309844971,2.79765939712524,2.92075037956238,3.04384446144104,3.27940702438354,3.49137306213379,3.99559593200684,4.43755054473877,4.80692005157471,5.0925464630127,13.1617870330811,8.1525182723999,7.33572292327881,8.28761768341064,9.39409160614014,10.6333103179932,12.020806312561,13.5862445831299,15.3903379440308,17.5278205871582,19.4063701629639,20.763298034668,22.3950710296631,20.6641120910645,16.3631839752197,18.2311668395996,20.4301357269287,22.0965538024902,22.0156593322754,20.7009983062744,22.5100631713867,22.6936721801758,22.8717956542969,23.0745944976807,23.2716522216797,23.9002532958984,22.1691722869873,21.898229598999,15.9834794998169,16.1535129547119,16.7559108734131,15.8692102432251,14.110936164856
"11","Clm-A-E_Cucunb-2",2.11507225036621,2.22045254707336,2.32933902740479,2.44225335121155,2.5582160949707,2.67679309844971,2.79765939712524,2.92075037956238,3.04384446144104,3.27940702438354,3.49137306213379,3.99559593200684,4.43755054473877,4.80692005157471,5.0925464630127,13.1617870330811,8.1525182723999,7.33572292327881,8.28761768341064,9.39409160614014,10.6333103179932,12.020806312561,13.5862445831299,15.3903379440308,17.5278205871582,19.4063701629639,20.763298034668,22.3950710296631,20.6641120910645,16.3631839752197,18.2311668395996,20.4301357269287,22.0965538024902,22.0156593322754,20.7009983062744,22.5100631713867,22.6936721801758,22.8717956542969,23.0745944976807,23.2716522216797,23.9002532958984,22.1691722869873,21.898229598999,15.9834794998169,16.1535129547119,16.7559108734131,15.8692102432251,14.110936164856
"12","Clm-A-E_Fuquen-1",0.207142651081085,0.217463210225105,0.228127166628838,0.239185586571693,0.250542551279068,0.262155592441559,0.27399280667305,0.286047875881195,0.298103272914886,0.321173429489136,0.341932624578476,0.391314417123795,0.434597849845886,0.470772624015808,0.498745858669281,1.28901851177216,2.65712451934814,3.62736821174622,4.07441473007202,4.59252643585205,5.16794919967651,5.8072829246521,6.52548980712891,7.34850072860718,8.32506465911865,9.17579460144043,9.7822208404541,10.525691986084,10.0302858352661,8.19771480560303,9.17796325683594,10.3586292266846,11.3286237716675,11.531346321106,11.1185216903687,12.2499113082886,12.6123247146606,13.0135259628296,13.4559373855591,13.9292526245117,14.6638259887695,14.1370859146118,14.4368944168091,10.9596281051636,11.3525524139404,12.0641260147095,11.7127962112427,10.6704921722412
"13","Clm-A-E_Fuquen-2",0.207142651081085,0.217463210225105,0.228127166628838,0.239185586571693,0.250542551279068,0.262155592441559,0.27399280667305,0.286047875881195,0.298103272914886,0.321173429489136,0.341932624578476,0.391314417123795,0.434597849845886,0.470772624015808,0.498745858669281,1.28901851177216,2.65712451934814,3.62736821174622,4.07441473007202,4.59252643585205,5.16794919967651,5.8072829246521,6.52548980712891,7.34850072860718,8.32506465911865,9.17579460144043,9.7822208404541,10.525691986084,10.0302858352661,8.19771480560303,9.17796325683594,10.3586292266846,11.3286237716675,11.531346321106,11.1185216903687,12.2499113082886,12.6123247146606,13.0135259628296,13.4559373855591,13.9292526245117,14.6638259887695,14.1370859146118,14.4368944168091,10.9596281051636,11.3525524139404,12.0641260147095,11.7127962112427,10.6704921722412
"14","Clm-A-E_Fuquen-3",0.207142651081085,0.217463210225105,0.228127166628838,0.239185586571693,0.250542551279068,0.262155592441559,0.27399280667305,0.286047875881195,0.298103272914886,0.321173429489136,0.341932624578476,0.391314417123795,0.434597849845886,0.470772624015808,0.498745858669281,1.28901851177216,2.65712451934814,3.62736821174622,4.07441473007202,4.59252643585205,5.16794919967651,5.8072829246521,6.52548980712891,7.34850072860718,8.32506465911865,9.17579460144043,9.7822208404541,10.525691986084,10.0302858352661,8.19771480560303,9.17796325683594,10.3586292266846,11.3286237716675,11.531346321106,11.1185216903687,12.2499113082886,12.6123247146606,13.0135259628296,13.4559373855591,13.9292526245117,14.6638259887695,14.1370859146118,14.4368944168091,10.9596281051636,11.3525524139404,12.0641260147095,11.7127962112427,10.6704921722412
"15","Clm-A-E_Fuquen-4",0.207142651081085,0.217463210225105,0.228127166628838,0.239185586571693,0.250542551279068,0.262155592441559,0.27399280667305,0.286047875881195,0.298103272914886,0.321173429489136,0.341932624578476,0.391314417123795,0.434597849845886,0.470772624015808,0.498745858669281,1.28901851177216,2.65712451934814,3.62736821174622,4.07441473007202,4.59252643585205,5.16794919967651,5.8072829246521,6.52548980712891,7.34850072860718,8.32506465911865,9.17579460144043,9.7822208404541,10.525691986084,10.0302858352661,8.19771480560303,9.17796325683594,10.3586292266846,11.3286237716675,11.531346321106,11.1185216903687,12.2499113082886,12.6123247146606,13.0135259628296,13.4559373855591,13.9292526245117,14.6638259887695,14.1370859146118,14.4368944168091,10.9596281051636,11.3525524139404,12.0641260147095,11.7127962112427,10.6704921722412
"16","Clm-A-E_Guatvt-1",0.252930223941803,0.265532076358795,0.278553247451782,0.292056053876877,0.30592343211174,0.32010343670845,0.334557175636292,0.349276959896088,0.363997131586075,0.392166793346405,0.417514681816101,0.477812021970749,0.530663013458252,0.574833989143372,0.608990490436554,1.57394802570343,1.93549013137817,2.38057661056519,2.64813995361328,2.95796918869019,3.30082106590271,3.68049359321594,4.10591840744019,4.59298658370972,5.17110586166382,5.66676712036133,6.0092339515686,6.43450117111206,6.10244989395142,4.96930074691772,5.54721641540527,6.24524593353271,6.81634378433228,6.929039478302,6.67571306228638,7.34905385971069,7.56453275680542,7.80591917037964,8.07420635223389,8.36324310302734,8.81033325195312,8.50562000274658,8.69670963287354,6.61208820343018,6.85561609268188,7.29217195510864,7.0866527557373,6.46205282211304
"17","Clm-A-E_Guatvt-2",0.252930223941803,0.265532076358795,0.278553247451782,0.292056053876877,0.30592343211174,0.32010343670845,0.334557175636292,0.349276959896088,0.363997131586075,0.392166793346405,0.417514681816101,0.477812021970749,0.530663013458252,0.574833989143372,0.608990490436554,1.57394802570343,1.93549013137817,2.38057661056519,2.64813995361328,2.95796918869019,3.30082106590271,3.68049359321594,4.10591840744019,4.59298658370972,5.17110586166382,5.66676712036133,6.0092339515686,6.43450117111206,6.10244989395142,4.96930074691772,5.54721641540527,6.24524593353271,6.81634378433228,6.929039478302,6.67571306228638,7.34905385971069,7.56453275680542,7.80591917037964,8.07420635223389,8.36324310302734,8.81033325195312,8.50562000274658,8.69670963287354,6.61208820343018,6.85561609268188,7.29217195510864,7.0866527557373,6.46205282211304
"18","Clm-A-E_Herrer-1",0.60824853181839,0.638862609863281,0.670511364936829,0.703345835208893,0.737085163593292,0.771604835987091,0.806811690330505,0.842687368392944,0.878591179847717,0.946999311447144,1.00864481925964,1.07510709762573,1.13656055927277,1.18731200695038,1.22336494922638,3.09299039840698,5.60833978652954,7.50281476974487,8.50514984130859,9.68019199371338,11.0059785842896,12.5038232803345,14.2141571044922,16.205358505249,18.5979347229004,20.7769927978516,22.4621238708496,24.5185546875,23.4358177185059,19.1927909851074,21.7333164215088,24.7915687561035,27.3564434051514,27.9496421813965,26.9750213623047,29.9152393341064,30.8472862243652,31.7979202270508,32.7838745117188,33.7573356628418,35.326831817627,33.4309234619141,33.5547256469727,24.8282318115234,25.3148078918457,26.4193553924561,25.0966243743896,22.305980682373
"19","Clm-A-E_Herrer-2",0.60824853181839,0.638862609863281,0.670511364936829,0.703345835208893,0.737085163593292,0.771604835987091,0.806811690330505,0.842687368392944,0.878591179847717,0.946999311447144,1.00864481925964,1.07510709762573,1.13656055927277,1.18731200695038,1.22336494922638,3.09299039840698,5.60833978652954,7.50281476974487,8.50514984130859,9.68019199371338,11.0059785842896,12.5038232803345,14.2141571044922,16.205358505249,18.5979347229004,20.7769927978516,22.4621238708496,24.5185546875,23.4358177185059,19.1927909851074,21.7333164215088,24.7915687561035,27.3564434051514,27.9496421813965,26.9750213623047,29.9152393341064,30.8472862243652,31.7979202270508,32.7838745117188,33.7573356628418,35.326831817627,33.4309234619141,33.5547256469727,24.8282318115234,25.3148078918457,26.4193553924561,25.0966243743896,22.305980682373
"20","Clm-A-E_Suesca-1",0.168349280953407,0.176737010478973,0.1854038387537,0.194391250610352,0.203621312975883,0.213059470057487,0.222679823637009,0.232477247714996,0.242274925112724,0.261024534702301,0.277895987033844,0.31802961230278,0.353206992149353,0.382607012987137,0.405341476202011,1.04761302471161,1.85454344749451,2.47076749801636,2.76600527763367,3.10789632797241,3.48691964149475,3.90733575820923,4.3789963722229,4.91906118392944,5.55980682373047,6.11467313766479,6.50573825836182,6.98740816116333,6.6532301902771,5.43523406982422,6.07940244674683,6.85647535324097,7.4951696395874,7.62983703613281,7.35933017730713,8.10843944549561,8.3519344329834,8.62291145324707,8.92255115509033,9.24415302276611,9.73969268798828,9.40275382995605,9.61343574523926,7.30800485610962,7.5764045715332,8.05788898468018,7.82969522476196,7.13856744766235
"21","Clm-A-E_Suesca-2",0.168349280953407,0.176737010478973,0.1854038387537,0.194391250610352,0.203621312975883,0.213059470057487,0.222679823637009,0.232477247714996,0.242274925112724,0.261024534702301,0.277895987033844,0.31802961230278,0.353206992149353,0.382607012987137,0.405341476202011,1.04761302471161,1.85454344749451,2.47076749801636,2.76600527763367,3.10789632797241,3.48691964149475,3.90733575820923,4.3789963722229,4.91906118392944,5.55980682373047,6.11467313766479,6.50573825836182,6.98740816116333,6.6532301902771,5.43523406982422,6.07940244674683,6.85647535324097,7.4951696395874,7.62983703613281,7.35933017730713,8.10843944549561,8.3519344329834,8.62291145324707,8.92255115509033,9.24415302276611,9.73969268798828,9.40275382995605,9.61343574523926,7.30800485610962,7.5764045715332,8.05788898468018,7.82969522476196,7.13856744766235
"22","Clm-A-E_Ubaqu-10",0.47725248336792,0.500947415828705,0.52542644739151,0.550806820392609,0.576867520809174,0.603510439395905,0.630662143230438,0.658307909965515,0.685947000980377,0.738920569419861,0.786563396453857,0.885890007019043,0.97352659702301,1.04666042327881,1.1026383638382,2.83739304542542,2.9841947555542,2.74029207229614,2.99345922470093,3.28535532951355,3.60522270202637,3.95610189437866,4.34574699401855,4.7902250289917,5.31622791290283,5.74461221694946,6.00878381729126,6.3480429649353,5.86587285995483,4.66814374923706,5.14981698989868,5.73136186599731,6.18327808380127,6.20395183563232,5.90343618392944,6.44421005249023,6.57365274429321,6.72718858718872,6.90694618225098,7.10690546035767,7.44534349441528,7.14294910430908,7.268798828125,5.50168704986572,5.68928813934326,6.03835296630859,5.85722970962524,5.33289003372192
"23","Clm-A-E_Ubaqu-11",0.47725248336792,0.500947415828705,0.52542644739151,0.550806820392609,0.576867520809174,0.603510439395905,0.630662143230438,0.658307909965515,0.685947000980377,0.738920569419861,0.786563396453857,0.885890007019043,0.97352659702301,1.04666042327881,1.1026383638382,2.83739304542542,2.9841947555542,2.74029207229614,2.99345922470093,3.28535532951355,3.60522270202637,3.95610189437866,4.34574699401855,4.7902250289917,5.31622791290283,5.74461221694946,6.00878381729126,6.3480429649353,5.86587285995483,4.66814374923706,5.14981698989868,5.73136186599731,6.18327808380127,6.20395183563232,5.90343618392944,6.44421005249023,6.57365274429321,6.72718858718872,6.90694618225098,7.10690546035767,7.44534349441528,7.14294910430908,7.268798828125,5.50168704986572,5.68928813934326,6.03835296630859,5.85722970962524,5.33289003372192
"24","Clm-A-E_Ubaqu-12",0.47725248336792,0.500947415828705,0.52542644739151,0.550806820392609,0.576867520809174,0.603510439395905,0.630662143230438,0.658307909965515,0.685947000980377,0.738920569419861,0.786563396453857,0.885890007019043,0.97352659702301,1.04666042327881,1.1026383638382,2.83739304542542,2.9841947555542,2.74029207229614,2.99345922470093,3.28535532951355,3.60522270202637,3.95610189437866,4.34574699401855,4.7902250289917,5.31622791290283,5.74461221694946,6.00878381729126,6.3480429649353,5.86587285995483,4.66814374923706,5.14981698989868,5.73136186599731,6.18327808380127,6.20395183563232,5.90343618392944,6.44421005249023,6.57365274429321,6.72718858718872,6.90694618225098,7.10690546035767,7.44534349441528,7.14294910430908,7.268798828125,5.50168704986572,5.68928813934326,6.03835296630859,5.85722970962524,5.33289003372192
"25","Clm-A-E_Ubaque-1",0.47725248336792,0.500947415828705,0.52542644739151,0.550806820392609,0.576867520809174,0.603510439395905,0.630662143230438,0.658307909965515,0.685947000980377,0.738920569419861,0.786563396453857,0.885890007019043,0.97352659702301,1.04666042327881,1.1026383638382,2.83739304542542,2.9841947555542,2.74029207229614,2.99345922470093,3.28535532951355,3.60522270202637,3.95610189437866,4.34574699401855,4.7902250289917,5.31622791290283,5.74461221694946,6.00878381729126,6.3480429649353,5.86587285995483,4.66814374923706,5.14981698989868,5.73136186599731,6.18327808380127,6.20395183563232,5.90343618392944,6.44421005249023,6.57365274429321,6.72718858718872,6.90694618225098,7.10690546035767,7.44534349441528,7.14294910430908,7.268798828125,5.50168704986572,5.68928813934326,6.03835296630859,5.85722970962524,5.33289003372192
"26","Clm-A-E_Ubaque-2",0.47725248336792,0.500947415828705,0.52542644739151,0.550806820392609,0.576867520809174,0.603510439395905,0.630662143230438,0.658307909965515,0.685947000980377,0.738920569419861,0.786563396453857,0.885890007019043,0.97352659702301,1.04666042327881,1.1026383638382,2.83739304542542,2.9841947555542,2.74029207229614,2.99345922470093,3.28535532951355,3.60522270202637,3.95610189437866,4.34574699401855,4.7902250289917,5.31622791290283,5.74461221694946,6.00878381729126,6.3480429649353,5.86587285995483,4.66814374923706,5.14981698989868,5.73136186599731,6.18327808380127,6.20395183563232,5.90343618392944,6.44421005249023,6.57365274429321,6.72718858718872,6.90694618225098,7.10690546035767,7.44534349441528,7.14294910430908,7.268798828125,5.50168704986572,5.68928813934326,6.03835296630859,5.85722970962524,5.33289003372192
"27","Clm-A-E_Ubaque-3",0.47725248336792,0.500947415828705,0.52542644739151,0.550806820392609,0.576867520809174,0.603510439395905,0.630662143230438,0.658307909965515,0.685947000980377,0.738920569419861,0.786563396453857,0.885890007019043,0.97352659702301,1.04666042327881,1.1026383638382,2.83739304542542,2.9841947555542,2.74029207229614,2.99345922470093,3.28535532951355,3.60522270202637,3.95610189437866,4.34574699401855,4.7902250289917,5.31622791290283,5.74461221694946,6.00878381729126,6.3480429649353,5.86587285995483,4.66814374923706,5.14981698989868,5.73136186599731,6.18327808380127,6.20395183563232,5.90343618392944,6.44421005249023,6.57365274429321,6.72718858718872,6.90694618225098,7.10690546035767,7.44534349441528,7.14294910430908,7.268798828125,5.50168704986572,5.68928813934326,6.03835296630859,5.85722970962524,5.33289003372192
"28","Clm-A-E_Ubaque-4",0.47725248336792,0.500947415828705,0.52542644739151,0.550806820392609,0.576867520809174,0.603510439395905,0.630662143230438,0.658307909965515,0.685947000980377,0.738920569419861,0.786563396453857,0.885890007019043,0.97352659702301,1.04666042327881,1.1026383638382,2.83739304542542,2.9841947555542,2.74029207229614,2.99345922470093,3.28535532951355,3.60522270202637,3.95610189437866,4.34574699401855,4.7902250289917,5.31622791290283,5.74461221694946,6.00878381729126,6.3480429649353,5.86587285995483,4.66814374923706,5.14981698989868,5.73136186599731,6.18327808380127,6.20395183563232,5.90343618392944,6.44421005249023,6.57365274429321,6.72718858718872,6.90694618225098,7.10690546035767,7.44534349441528,7.14294910430908,7.268798828125,5.50168704986572,5.68928813934326,6.03835296630859,5.85722970962524,5.33289003372192
"29","Clm-A-E_Ubaque-5",0.47725248336792,0.500947415828705,0.52542644739151,0.550806820392609,0.576867520809174,0.603510439395905,0.630662143230438,0.658307909965515,0.685947000980377,0.738920569419861,0.786563396453857,0.885890007019043,0.97352659702301,1.04666042327881,1.1026383638382,2.83739304542542,2.9841947555542,2.74029207229614,2.99345922470093,3.28535532951355,3.60522270202637,3.95610189437866,4.34574699401855,4.7902250289917,5.31622791290283,5.74461221694946,6.00878381729126,6.3480429649353,5.86587285995483,4.66814374923706,5.14981698989868,5.73136186599731,6.18327808380127,6.20395183563232,5.90343618392944,6.44421005249023,6.57365274429321,6.72718858718872,6.90694618225098,7.10690546035767,7.44534349441528,7.14294910430908,7.268798828125,5.50168704986572,5.68928813934326,6.03835296630859,5.85722970962524,5.33289003372192
"30","Clm-A-E_Ubaque-6",0.47725248336792,0.500947415828705,0.52542644739151,0.550806820392609,0.576867520809174,0.603510439395905,0.630662143230438,0.658307909965515,0.685947000980377,0.738920569419861,0.786563396453857,0.885890007019043,0.97352659702301,1.04666042327881,1.1026383638382,2.83739304542542,2.9841947555542,2.74029207229614,2.99345922470093,3.28535532951355,3.60522270202637,3.95610189437866,4.34574699401855,4.7902250289917,5.31622791290283,5.74461221694946,6.00878381729126,6.3480429649353,5.86587285995483,4.66814374923706,5.14981698989868,5.73136186599731,6.18327808380127,6.20395183563232,5.90343618392944,6.44421005249023,6.57365274429321,6.72718858718872,6.90694618225098,7.10690546035767,7.44534349441528,7.14294910430908,7.268798828125,5.50168704986572,5.68928813934326,6.03835296630859,5.85722970962524,5.33289003372192
"31","Clm-A-E_Ubaque-7",0.47725248336792,0.500947415828705,0.52542644739151,0.550806820392609,0.576867520809174,0.603510439395905,0.630662143230438,0.658307909965515,0.685947000980377,0.738920569419861,0.786563396453857,0.885890007019043,0.97352659702301,1.04666042327881,1.1026383638382,2.83739304542542,2.9841947555542,2.74029207229614,2.99345922470093,3.28535532951355,3.60522270202637,3.95610189437866,4.34574699401855,4.7902250289917,5.31622791290283,5.74461221694946,6.00878381729126,6.3480429649353,5.86587285995483,4.66814374923706,5.14981698989868,5.73136186599731,6.18327808380127,6.20395183563232,5.90343618392944,6.44421005249023,6.57365274429321,6.72718858718872,6.90694618225098,7.10690546035767,7.44534349441528,7.14294910430908,7.268798828125,5.50168704986572,5.68928813934326,6.03835296630859,5.85722970962524,5.33289003372192
"32","Clm-A-E_Ubaque-8",0.47725248336792,0.500947415828705,0.52542644739151,0.550806820392609,0.576867520809174,0.603510439395905,0.630662143230438,0.658307909965515,0.685947000980377,0.738920569419861,0.786563396453857,0.885890007019043,0.97352659702301,1.04666042327881,1.1026383638382,2.83739304542542,2.9841947555542,2.74029207229614,2.99345922470093,3.28535532951355,3.60522270202637,3.95610189437866,4.34574699401855,4.7902250289917,5.31622791290283,5.74461221694946,6.00878381729126,6.3480429649353,5.86587285995483,4.66814374923706,5.14981698989868,5.73136186599731,6.18327808380127,6.20395183563232,5.90343618392944,6.44421005249023,6.57365274429321,6.72718858718872,6.90694618225098,7.10690546035767,7.44534349441528,7.14294910430908,7.268798828125,5.50168704986572,5.68928813934326,6.03835296630859,5.85722970962524,5.33289003372192
"33","Clm-A-E_Ubaque-9",0.47725248336792,0.500947415828705,0.52542644739151,0.550806820392609,0.576867520809174,0.603510439395905,0.630662143230438,0.658307909965515,0.685947000980377,0.738920569419861,0.786563396453857,0.885890007019043,0.97352659702301,1.04666042327881,1.1026383638382,2.83739304542542,2.9841947555542,2.74029207229614,2.99345922470093,3.28535532951355,3.60522270202637,3.95610189437866,4.34574699401855,4.7902250289917,5.31622791290283,5.74461221694946,6.00878381729126,6.3480429649353,5.86587285995483,4.66814374923706,5.14981698989868,5.73136186599731,6.18327808380127,6.20395183563232,5.90343618392944,6.44421005249023,6.57365274429321,6.72718858718872,6.90694618225098,7.10690546035767,7.44534349441528,7.14294910430908,7.268798828125,5.50168704986572,5.68928813934326,6.03835296630859,5.85722970962524,5.33289003372192
"34","Clm-A-E_Verjon-1",0.629720449447632,0.661330461502075,0.694004476070404,0.72789853811264,0.762721717357635,0.798344910144806,0.83467161655426,0.871682822704315,0.908715605735779,0.979356110095978,1.04298889636993,1.10200572013855,1.1574342250824,1.20305478572845,1.23464024066925,3.11135292053223,1.96201646327972,1.11980068683624,1.26124966144562,1.42482841014862,1.6079638004303,1.81269454956055,2.04230809211731,2.30644059181213,2.61615800857544,2.88151955604553,3.06284618377686,3.27636575698853,2.8436872959137,2.1116316318512,2.30619502067566,2.52291035652161,2.64404249191284,2.50083756446838,2.20929765701294,2.30958938598633,2.19514346122742,2.06568431854248,1.93037688732147,1.78397941589355,1.67241191864014,1.32746183872223,1.11666166782379,0.646823823451996,0.543921113014221,0.452242851257324,0.319408774375916,0.189243376255035
"35","Clm-A-E_Verjon-2",0.629720449447632,0.661330461502075,0.694004476070404,0.72789853811264,0.762721717357635,0.798344910144806,0.83467161655426,0.871682822704315,0.908715605735779,0.979356110095978,1.04298889636993,1.10200572013855,1.1574342250824,1.20305478572845,1.23464024066925,3.11135292053223,1.96201646327972,1.11980068683624,1.26124966144562,1.42482841014862,1.6079638004303,1.81269454956055,2.04230809211731,2.30644059181213,2.61615800857544,2.88151955604553,3.06284618377686,3.27636575698853,2.8436872959137,2.1116316318512,2.30619502067566,2.52291035652161,2.64404249191284,2.50083756446838,2.20929765701294,2.30958938598633,2.19514346122742,2.06568431854248,1.93037688732147,1.78397941589355,1.67241191864014,1.32746183872223,1.11666166782379,0.646823823451996,0.543921113014221,0.452242851257324,0.319408774375916,0.189243376255035
"36","Clm-A-E_Verjon-3",0.629720449447632,0.661330461502075,0.694004476070404,0.72789853811264,0.762721717357635,0.798344910144806,0.83467161655426,0.871682822704315,0.908715605735779,0.979356110095978,1.04298889636993,1.10200572013855,1.1574342250824,1.20305478572845,1.23464024066925,3.11135292053223,1.96201646327972,1.11980068683624,1.26124966144562,1.42482841014862,1.6079638004303,1.81269454956055,2.04230809211731,2.30644059181213,2.61615800857544,2.88151955604553,3.06284618377686,3.27636575698853,2.8436872959137,2.1116316318512,2.30619502067566,2.52291035652161,2.64404249191284,2.50083756446838,2.20929765701294,2.30958938598633,2.19514346122742,2.06568431854248,1.93037688732147,1.78397941589355,1.67241191864014,1.32746183872223,1.11666166782379,0.646823823451996,0.543921113014221,0.452242851257324,0.319408774375916,0.189243376255035
"37","Cusco_C-PLS-10",0,0,0,0,0,0,0,0,0,0,0,0,0,0,0,0,0.107418172061443,0.221013575792313,0.226515546441078,0.231498226523399,0.235932156443596,0.23984882235527,0.243220686912537,0.246083632111549,0.248281687498093,0.250148475170135,0.251246571540833,0.251893788576126,0.251968234777451,0.251524329185486,0.294197857379913,0.337601572275162,0.386689126491547,0.444899767637253,0.501745760440826,0.591695547103882,0,0,0,0,0,0,0,0,0,0,2.48797559738159,3.3345034122467
"38","Cusco_C-PLS-11",0,0,0,0,0,0,0,0,0,0,0,0,0,0,0,0,0.0952913239598274,0.196062505245209,0.20094333589077,0.205363497138023,0.209296867251396,0.212771371006966,0.215762570500374,0.218302309513092,0.220252215862274,0.221908271312714,0.222882375121117,0.223456531763077,0.223522573709488,0.223128765821457,0.260984718799591,0.299488425254822,0.343034297227859,0.394673347473145,0.445101767778397,0.524896740913391,0,0,0,0,0,0,0,0,0,0,0,2.96040463447571
"39","Cusco_C-PLS-12",0.877437949180603,0.918709754943848,0.961434602737427,1.00543236732483,1.05089890956879,1.09777212142944,1.14527308940887,1.19258391857147,1.23928332328796,1.37976920604706,1.50896382331848,1.56680715084076,1.61060178279877,1.63737142086029,1.64221286773682,1.62018382549286,0.607949912548065,0.729505062103271,0.725504696369171,0.720135390758514,0.713301301002502,0.705348670482635,0.696278035640717,0.686201572418213,0.675217390060425,0.66344940662384,0.650643706321716,0.6371248960495,0.622821629047394,0.607757687568665,0.699620008468628,0.790255904197693,0.89232212305069,1.01267719268799,1.12529075145721,1.30938792228699,1.73567819595337,2.0612325668335,2.21732902526855,2.33674001693726,2.39429306983948,2.39894652366638,2.23057961463928,2.41437649726868,4.29970264434814,4.37840127944946,4.71450519561768,6.27049732208252
"40","Cusco_C-PLS-13",0,0,0,0,0,0,0,0,0,0,0,0,0,0,0,0,0.422766298055649,0.869844377040863,0.891498506069183,0.9111088514328,0.928559541702271,0.943974375724792,0.957244992256165,0.968512713909149,0.97716361284256,0.984510779380798,0.988832473754883,0.991379737854004,0.99167275428772,0.989925622940063,1.15787613391876,1.32870042324066,1.52189445495605,1.75099456310272,1.97472357749939,2.32873940467834,3.08481669425964,3.67843508720398,3.9952712059021,4.26743793487549,4.50909471511841,4.73902940750122,4.48224830627441,4.90669584274292,0,9.00473594665527,9.79653263092041,13.1271820068359
"41","Cusco_Cs-PLS-1",0.406511247158051,0.425669491291046,0.445503801107407,0.465930819511414,0.487041443586349,0.508806884288788,0.530866265296936,0.5528404712677,0.574533998966217,0.639713287353516,0.699666440486908,0.7280153632164,0.749955534934998,0.764058470726013,0.76798152923584,0.759342312812805,0.5469069480896,0.964686989784241,0.984568119049072,1.00210285186768,1.01714169979095,1.02988481521606,1.04022777080536,1.04831385612488,1.05366396903992,1.05739331245422,1.0579913854599,1.056596159935,1.0527868270874,1.04674017429352,1.22134780883789,1.39800071716309,1.59765625,1.83406913280487,2.06293511390686,2.4269380569458,3.21956896781921,3.83952331542969,4.16368436813354,4.43473386764526,4.64716386795044,4.81730222702026,4.53482389450073,4.94872665405273,8.81377220153809,9.04804611206055,9.81355381011963,13.1200189590454
"42","Cusco_Cs-PLS-2",2.45012378692627,2.56559443473816,2.68513989448547,2.80825734138489,2.93549537658691,3.06668019294739,3.19963622093201,3.33207893371582,3.46283054351807,3.85567879676819,4.21702814102173,4.38789319992065,4.52013063430786,4.60513210296631,4.62877702713013,4.5767068862915,1.65253484249115,2.43226790428162,2.47312307357788,2.50761008262634,2.53522038459778,2.55663537979126,2.57159996032715,2.58037996292114,2.58247900009155,2.5793981552124,2.56877183914185,2.55250763893127,2.52992415428162,2.5011932849884,2.90961122512817,3.31943917274475,3.78237581253052,4.32908344268799,4.85007095336914,5.68537902832031,7.57363605499268,9.04514026641846,9.7888355255127,10.3760070800781,10.6896123886108,10.7459087371826,10.0078573226929,10.842490196228,19.3405952453613,19.6874885559082,21.1753025054932,28.1284599304199
"43","Cusco_Cs-PLS-3",0,0,0,0,0,0,0,0,0,0,0,0,0,0,0,0,0.117477484047413,0.241710677742958,0.247727885842323,0.253177165985107,0.258026331663132,0.26230975985527,0.265997380018234,0.269128441810608,0.271532326936722,0.273573964834213,0.274774879217148,0.275482684373856,0.275564104318619,0.275078624486923,0.321748375892639,0.369216680526733,0.422901093959808,0.486562967300415,0.548732399940491,0.647105634212494,0,0,0,0,0,0,0,0,0,0,2.72096514701843,3.64676713943481
"44","Cusco_Cs-PLS-4",0,0,0,0,0,0,0,0,0,0,0,0,0,0,0,0,0.117477484047413,0.241710677742958,0.247727885842323,0.253177165985107,0.258026331663132,0.26230975985527,0.265997380018234,0.269128441810608,0.271532326936722,0.273573964834213,0.274774879217148,0.275482684373856,0.275564104318619,0.275078624486923,0.321748375892639,0.369216680526733,0.422901093959808,0.486562967300415,0.548732399940491,0.647105634212494,0,0,0,0,0,0,0,0,0,0,2.72096514701843,3.64676713943481
"45","Cusco_Cs-PLS-5",0,0,0,0,0,0,0,0,0,0,0,0,0,0,0,0,0.0797863453626633,0.164160922169685,0.168247580528259,0.171948537230492,0.175241902470589,0.178151056170464,0.180655553936958,0.182782053947449,0.184414684772491,0.185801282525063,0.186616897583008,0.187097623944283,0.187152922153473,0.186823204159737,0.218519568443298,0.250758290290833,0.287218749523163,0.330455511808395,0.3726786673069,0.439490139484406,0,0,0,0,0,0,0,0,0,0,0,2.47674894332886
"46","Cusco_Cs-PLS-6",0,0,0,0,0,0,0,0,0,0,0,0,0,0,0,0,0,0,0,0,0,0,0.0830684080719948,0.0840462073683739,0.0847969204187393,0.0854345038533211,0.0858095288276672,0.0860305801033974,0.0860560089349747,0.0859043970704079,0.100478909909725,0.115302801132202,0,0,0,0,0,0,0,0,0,0,0,0,0,0,0,1.13885009288788
"47","Cusco_Cs-PLS-7",0,0,0,0,0,0,0,0,0,0,0,0,0,0,0,0,0.0797863453626633,0.164160922169685,0.168247580528259,0.171948537230492,0.175241902470589,0.178151056170464,0.180655553936958,0.182782053947449,0.184414684772491,0.185801282525063,0.186616897583008,0.187097623944283,0.187152922153473,0.186823204159737,0.218519568443298,0.250758290290833,0.287218749523163,0.330455511808395,0.3726786673069,0.439490139484406,0,0,0,0,0,0,0,0,0,0,0,2.47674894332886
"48","Cusco_Cs-PLS-8",0,0,0,0,0,0,0,0,0,0,0,0,0,0,0,0,0.0797863453626633,0.164160922169685,0.168247580528259,0.171948537230492,0.175241902470589,0.178151056170464,0.180655553936958,0.182782053947449,0.184414684772491,0.185801282525063,0.186616897583008,0.187097623944283,0.187152922153473,0.186823204159737,0.218519568443298,0.250758290290833,0.287218749523163,0.330455511808395,0.3726786673069,0.439490139484406,0,0,0,0,0,0,0,0,0,0,0,2.47674894332886
"49","Cusco_Cs-PLS-9",12.4339962005615,13.0199823379517,13.6266565322876,14.2514591217041,14.8971710205078,15.562912940979,16.2376441955566,16.9097690582275,17.5733051300049,19.5669384002686,21.400728225708,22.2678298950195,22.9389152526855,23.370267868042,23.4902629852295,23.2260150909424,4.68882322311401,4.73567676544189,4.60735034942627,4.47630643844604,4.34198093414307,4.20717477798462,4.07195377349854,3.93677973747253,3.80353021621704,3.67017531394958,3.53778576850891,3.40621328353882,3.27547812461853,3.14501333236694,3.57768964767456,3.99468946456909,4.46378087997437,5.01589822769165,5.51533699035645,6.51048898696899,8.80493068695068,10.386736869812,10.8620576858521,11.1714773178101,11.1756229400635,10.9247922897339,9.97244453430176,10.6624631881714,18.9869060516357,19.0388641357422,20.2892837524414,26.7859745025635
"50","Cusco_Cusc-CH1",0,0,0,0,0,0,0,0,0,0,0,0,0,0,0,0,0.711158215999603,1.46321260929108,1.49963819980621,1.53262579441071,1.56198060512543,1.58791065216064,1.61023390293121,1.62918794155121,1.64374017715454,1.65609920024872,1.66336905956268,1.6676539182663,1.66814684867859,1.665207862854,1.9477264881134,2.23507928848267,2.56006169319153,2.94544339179993,3.32179021835327,3.91729950904846,5.18913841247559,6.18769598007202,6.72066307067871,7.17848968505859,7.58499383926392,7.97177934646606,7.53983449935913,8.25382041931152,14.6933012008667,15.1363840103149,16.475658416748,22.0791320800781
"51","Cusco_Cusc-DP1",0,0,0,0,0,0,0,0,0,0,0,0,0,0,0,0,0.302070200443268,0.621511399745941,0.636983454227448,0.650995194911957,0.663463890552521,0.674477934837341,0.683959901332855,0.692010760307312,0.698191940784454,0.703441560268402,0.706529438495636,0.708349466323853,0.708558857440948,0.707310497760773,0.827312588691711,0.949368000030518,1.087406873703,1.251100897789,1.41095721721649,1.66390466690063,2.20412850379944,2.62827396392822,2.85465621948242,3.04912161827087,3.22178745269775,3.3860776424408,3.20260572433472,3.50587701797485,0,6.42930126190186,6.99642610549927,9.37694358825684
"52","Cusco_Cusc-IA1",0,0,0,0,0,0,0,0,0,0,0,0,0,0,0,0,0.302070200443268,0.621511399745941,0.636983454227448,0.650995194911957,0.663463890552521,0.674477934837341,0.683959901332855,0.692010760307312,0.698191940784454,0.703441560268402,0.706529438495636,0.708349466323853,0.708558857440948,0.707310497760773,0.827312588691711,0.949368000030518,1.087406873703,1.251100897789,1.41095721721649,1.66390466690063,2.20412850379944,2.62827396392822,2.85465621948242,3.04912161827087,3.22178745269775,3.3860776424408,3.20260572433472,3.50587701797485,0,6.42930126190186,6.99642610549927,9.37694358825684
"53","Cusco_Cusc-YC1",0,0,0,0,0,0,0,0,0,0,0,0,0,0,0,0,0.302070200443268,0.621511399745941,0.636983454227448,0.650995194911957,0.663463890552521,0.674477934837341,0.683959901332855,0.692010760307312,0.698191940784454,0.703441560268402,0.706529438495636,0.708349466323853,0.708558857440948,0.707310497760773,0.827312588691711,0.949368000030518,1.087406873703,1.251100897789,1.41095721721649,1.66390466690063,2.20412850379944,2.62827396392822,2.85465621948242,3.04912161827087,3.22178745269775,3.3860776424408,3.20260572433472,3.50587701797485,0,6.42930126190186,6.99642610549927,9.37694358825684
"54","EpNGEO-F_Caricoch",0,0,0,0,0,0,0,0,0,0,0,0,0,0,0,0,0,0,0,0,0,0,0,0,0,0,0,0,0,0,0,0,0,0,0,0,0,0,0,0,0,5.17569160461426,6.06423044204712,8.02115726470947,8.33818531036377,8.1948766708374,9.94234275817871,10.3271951675415
"55","EpNGEO-F_Chiriacu1",0,0,0,0,0,0,0,0,0,0,0,0,0,0,0,0,0,0,0,0,0,0,0,0,0,0,0,0,0,0,0,0,0,0,0,0,0,0,0,0,0,5.17569160461426,6.06423044204712,8.02115726470947,8.33818531036377,8.1948766708374,9.94234275817871,10.3271951675415
"56","EpNGEO-F_Cubilche1",0.0531569197773933,0.0550867356359959,0.0570445284247398,0.0590249784290791,0.0610243901610374,0.0630283579230309,0.0650253221392632,0.067001149058342,0.0689385756850243,0.0785660296678543,0.0875326469540596,0.0937277302145958,0,0.103975795209408,0.107885502278805,0.110849909484386,0.920611619949341,1.82011222839355,1.91008198261261,1.99437248706818,2.0768346786499,2.15829133987427,2.23881673812866,2.36622309684753,2.44432258605957,2.51815557479858,2.59497404098511,2.67240977287292,2.74516201019287,2.818110704422,3.67565274238586,4.37700891494751,5.0688271522522,5.72061204910278,6.37255239486694,7.28135299682617,8.00143432617188,8.798415184021,10.0957183837891,11.168194770813,12.1686820983887,17.6903686523438,20.7029590606689,27.3582019805908,28.4155654907227,27.9093647003174,33.8504295349121,35.1465530395508
"57","EpNGEO-F_Cuicocha1",0.0485663041472435,0.0503294616937637,0.0521181784570217,0.0539275966584682,0.0557543411850929,0.057585246860981,0.0594097524881363,0.0612149499356747,0.0629850551486015,0.0717810913920403,0.0799733549356461,0,0,0,0,0.101276941597462,0,0,0,0,0,0,0,0,0,0,0,0,0,0,1.9810962677002,2.35786914825439,2.72933435440063,3.07909369468689,3.42886114120483,3.91676068305969,4.30307388305664,4.73073673248291,5.42738389968872,6.00315761566162,6.54030704498291,9.50707721710205,11.1263236999512,14.7036867141724,15.2730932235718,15.0021438598633,18.1963119506836,18.8943920135498
"58","EpNGEO-F_Cunrro1",0.0531569197773933,0.0550867356359959,0.0570445284247398,0.0590249784290791,0.0610243901610374,0.0630283579230309,0.0650253221392632,0.067001149058342,0.0689385756850243,0.0785660296678543,0.0875326469540596,0.0937277302145958,0,0.103975795209408,0.107885502278805,0.110849909484386,0.920611619949341,1.82011222839355,1.91008198261261,1.99437248706818,2.0768346786499,2.15829133987427,2.23881673812866,2.36622309684753,2.44432258605957,2.51815557479858,2.59497404098511,2.67240977287292,2.74516201019287,2.818110704422,3.67565274238586,4.37700891494751,5.0688271522522,5.72061204910278,6.37255239486694,7.28135299682617,8.00143432617188,8.798415184021,10.0957183837891,11.168194770813,12.1686820983887,17.6903686523438,20.7029590606689,27.3582019805908,28.4155654907227,27.9093647003174,33.8504295349121,35.1465530395508
"59","EpNGEO-F_Huarmcch1",0,0,0,0,0,0,0,0,0,0,0,0,0,0,0,0,0,0,0,0,0,0,0,0,0,0,0,0,0,0,0,0,0,0,0,0,0,0,0,0,0,5.17569160461426,6.06423044204712,8.02115726470947,8.33818531036377,8.1948766708374,9.94234275817871,10.3271951675415
"60","EpNGEO-F_SanPablo",0.0613386631011963,0.0635655149817467,0.0658246427774429,0.0681099146604538,0.0704170688986778,0.0727294832468033,0.0750338137149811,0.0773137584328651,0.0795493796467781,0.0906586647033691,0.101005397737026,0.108154013752937,0.1145049482584,0.119979426264763,0.124490894377232,0.127911582589149,0,0,0,0,1.76556622982025,1.83426344394684,1.90197646617889,1.97150933742523,2.03760671615601,2.10000395774841,2.16471886634827,2.22974991798401,2.29064750671387,2.35145950317383,3.06660652160645,3.65109872817993,4.22767019271851,4.77021884918213,5.3125467300415,6.06884860992432,6.66666841506958,7.32762241363525,8.40474891662598,9.29231452941895,10.1173439025879,14.712085723877,17.1717433929443,22.6401615142822,23.4616222381592,23.0006408691406,27.8720607757568,28.8994960784912
"61","EpNGEO-F_Yahurcch",0.319316893815994,0.330880403518677,0.342610388994217,0.354474872350693,0.366451650857925,0.378454267978668,0.39041331410408,0.402244031429291,0.413842737674713,0.471600323915482,0.525383055210114,0.561385691165924,0.593089997768402,0.62011331319809,0.642036855220795,0.658233880996704,0.999154388904572,1.27936315536499,1.34994697570801,1.41646409034729,1.48144888877869,1.54515588283539,1.60733008384705,1.6700439453125,1.72853600978851,1.78224790096283,1.83596992492676,1.88768351078033,1.93330371379852,1.97597122192383,2.56253457069397,3.03310918807983,3.49750709533691,3.92424893379211,4.34630012512207,4.94220638275146,5.39207649230957,5.88027858734131,6.6968240737915,7.3273777961731,7.86940813064575,11.5205030441284,12.7328395843506,15.9751091003418,15.7006750106812,14.6979990005493,17.4135322570801,17.3974342346191
"62","EpNGEO-F_Yambo1",0.072368212044239,0.0749954804778099,0.0776608288288116,0.0803570300340652,0.0830790475010872,0.0858072638511658,0.0885259434580803,0.0912158489227295,0.0938534736633301,0.106960363686085,0.119167573750019,0.127601608633995,0.135094538331032,0.141553401947021,0.146876096725464,0.150911867618561,0.673914313316345,0,0,1.3411830663681,1.39458000659943,1.44709086418152,1.49875771999359,1.55180299282074,1.60210251808167,1.64947044849396,1.69865095615387,1.74808287620544,1.79429268836975,1.84046852588654,2.39846181869507,2.85374307632446,3.30253291130066,3.72443342208862,4.14596939086914,4.73430109024048,5.19876718521118,5.71234941482544,6.55021381378174,7.24015331268311,7.88132047653198,11.4585189819336,13.3504610061646,17.5997161865234,18.2460479736328,17.8933620452881,21.6869049072266,22.4961605072021
"63","EpNGEO-F_Yanacoch1",0,0,0,0,0,0,0,0,0,0,0,0,0,0,0,0,0,0,0,0,0,0,0,0,0,0,0,0,0,0,0,0,0,0,0,0,0,0,0,0,0,5.17569160461426,6.06423044204712,8.02115726470947,8.33818531036377,8.1948766708374,9.94234275817871,10.3271951675415
"64","EpNGEO-J_Colta-22",0,0,0,0,0,0,0,0,0,0,0,0,0,0,0,0,0,0,0,0,0,0,0,0,0,0,0,0,0,0.92757910490036,1.2102233171463,1.44153022766113,1.66989207267761,1.88500225543976,2.10018658638,2.40014743804932,2.6376051902771,2.90016913414001,3.32763671875,3.68016719818115,4.00791645050049,5.83033657073975,6.7934193611145,8.95744132995605,9.28986549377441,9.09116744995117,11.01722240448,11.4225797653198
"65","EpNGEO-J_DsChrrrs1",0.149429634213448,0.15485455095768,0.160358101129532,0.165925353765488,0.171545907855034,0.177179276943207,0.182792946696281,0.188347205519676,0.193793505430222,0.220857292413712,0.246063381433487,0.263478428125381,0.278950184583664,0.292286783456802,0.303277373313904,0.311610639095306,0.261455982923508,0.300375729799271,0.300433099269867,0.299735456705093,0.299003690481186,0.298390656709671,0.297936409711838,0.298094540834427,0.298081606626511,0.29791995882988,0.298493683338165,0.299513518810272,0.300398916006088,0.301710367202759,0.385790824890137,0.451412230730057,0.515032827854156,0.573492288589478,0.631411015987396,0.714272558689117,0.777831673622131,0.848550736904144,0.96718043088913,1.06349992752075,1.15261363983154,1.67062151432037,1.94287931919098,2.5551917552948,2.64402794837952,2.59365463256836,3.1434862613678,3.2601900100708
"66","EpNGEO-J_Estrllsc1",0.156144708395004,0.161813408136368,0.167564287781715,0.173381716012955,0.179254844784737,0.185141369700432,0.191007301211357,0.196811154484749,0.202502205967903,0.230782181024551,0.257120996713638,0.275318622589111,0.291485667228699,0.305421590805054,0.316906064748764,0.325613796710968,0.189376890659332,0.148139491677284,0.141647070646286,0.134676039218903,0.127630412578583,0.120600588619709,0.113628633320332,0.106903165578842,0.100158289074898,0.0934529453516006,0.0870970413088799,0.0810069069266319,0.0750511810183525,0.0694086700677872,0.0815088376402855,0.0875739082694054,0.0921328961849213,0.0944517552852631,0.0959341749548912,0.100516736507416,0.101267993450165,0.10238903015852,0.108729772269726,0.111339882016182,0.112471550703049,0.156822085380554,0.163711696863174,0.196013182401657,0.186393603682518,0.176125451922417,0.20902793109417,0.209693983197212
"67","EpNGEO-J_Fondocch1",0.166119277477264,0.1721500903368,0.17826834321022,0.184457391500473,0.190705701708794,0.196968242526054,0.203208893537521,0.209383517503738,0.215438097715378,0.245524615049362,0.273545950651169,0.292906045913696,0.310105860233307,0.324932008981705,0.337150096893311,0.346414089202881,0.199096500873566,0.152901545166969,0.148257628083229,0.14287631213665,0.137166798114777,0.131218835711479,0.125075042247772,0.118944205343723,0.112534016370773,0.105910383164883,0.099430687725544,0.0930118337273598,0.0865145847201347,0.0801587402820587,0.0940840393304825,0.100802093744278,0.105592124164104,0.107447683811188,0.108049847185612,0.111852310597897,0.110873006284237,0.10989736020565,0.114151850342751,0.113724261522293,0.111149705946445,0.152433380484581,0.14722053706646,0.16177299618721,0.139480948448181,0.1253781914711,0.144370689988136,0.136915042996407
"68","EpNGEO-J_Jigeno1",0.156144708395004,0.161813408136368,0.167564287781715,0.173381716012955,0.179254844784737,0.185141369700432,0.191007301211357,0.196811154484749,0.202502205967903,0.230782181024551,0.257120996713638,0.275318622589111,0.291485667228699,0.305421590805054,0.316906064748764,0.325613796710968,0.189376890659332,0.148139491677284,0.141647070646286,0.134676039218903,0.127630412578583,0.120600588619709,0.113628633320332,0.106903165578842,0.100158289074898,0.0934529453516006,0.0870970413088799,0.0810069069266319,0.0750511810183525,0.0694086700677872,0.0815088376402855,0.0875739082694054,0.0921328961849213,0.0944517552852631,0.0959341749548912,0.100516736507416,0.101267993450165,0.10238903015852,0.108729772269726,0.111339882016182,0.112471550703049,0.156822085380554,0.163711696863174,0.196013182401657,0.186393603682518,0.176125451922417,0.20902793109417,0.209693983197212
"69","EpNGEO-J_Kuyuk1",0,0,0,0,0,0,0,0,0,0,0,0,0,0,0,0,0,0,0,0,0,0,0,0,0,0,0,0,0,0,0,0,0,0,0,0,0,0,0,0,0,0,0,0,0,0,0,0
"70","EpNGEO-J_Llaviucu",0.13882315158844,0.143863007426262,0.148975938558578,0.154148027300835,0.159369632601738,0.164603143930435,0.169818356633186,0.174978375434875,0.180038094520569,0.205180898308754,0.228597864508629,0.244776785373688,0.259150385856628,0.271540343761444,0.281750828027725,0.289492607116699,0.35938161611557,0.509351372718811,0.518387138843536,0.526380956172943,0.534470736980438,0.542878448963165,0.551625609397888,0.561516582965851,0.571042120456696,0.580161809921265,0.590541779994965,0.601601481437683,0.61213231086731,0.623217403888702,0.807069301605225,0.955273151397705,1.100790143013,1.237065076828,1.37317180633545,0,0,0,2.15579080581665,2.3815643787384,2.59208989143372,3.76545143127441,4.403395652771,5.81605195999146,6.03139734268188,5.92773532867432,7.19609451293945,7.47014093399048
"71","EpNGEO-J_Marmlcch1",0.166119277477264,0.1721500903368,0.17826834321022,0.184457391500473,0.190705701708794,0.196968242526054,0.203208893537521,0.209383517503738,0.215438097715378,0.245524615049362,0.273545950651169,0.292906045913696,0.310105860233307,0.324932008981705,0.337150096893311,0.346414089202881,0.199096500873566,0.152901545166969,0.148257628083229,0.14287631213665,0.137166798114777,0.131218835711479,0.125075042247772,0.118944205343723,0.112534016370773,0.105910383164883,0.099430687725544,0.0930118337273598,0.0865145847201347,0.0801587402820587,0.0940840393304825,0.100802093744278,0.105592124164104,0.107447683811188,0.108049847185612,0.111852310597897,0.110873006284237,0.10989736020565,0.114151850342751,0.113724261522293,0.111149705946445,0.152433380484581,0.14722053706646,0.16177299618721,0.139480948448181,0.1253781914711,0.144370689988136,0.136915042996407
"72","EpNGEO-J_Pi√±an1",0,0,0,0,0,0,0,0,0,0,0,0,0,0,0,0,0,0,0,0,0,0,0,0,0,0,0,0,0,0,0,0,0,0,0,0,0,0,0,0,0,0,0,0,0,0,0,0
"73","JunnPln_HgpCv,in",0,0,0,0,0,0,0,0,0,0,0,0,0,0,0,0,0.634743750095367,1.30598926544189,1.3385009765625,1.36794400215149,1.3941445350647,1.41728854179382,1.43721306324005,1.45413053035736,1.46711909770966,1.47815012931824,1.48463881015778,1.48846328258514,1.48890316486359,1.48628008365631,1.73844182491302,1.99491834640503,2.28498101234436,2.62895321846008,2.96486139297485,3.49638271331787,4.63156175613403,5.52282381057739,5.99852323532104,6.40715551376343,6.76998090744019,7.11520576477051,6.72967338562012,7.36694145202637,0,13.5175619125366,14.7069053649902,19.7078742980957
"74","JunnPln_HgpCv,ot",0,0,0,0,0,0,0,0,0,0,0,0,0,0,0,0,0.634743750095367,1.30598926544189,1.3385009765625,1.36794400215149,1.3941445350647,1.41728854179382,1.43721306324005,1.45413053035736,1.46711909770966,1.47815012931824,1.48463881015778,1.48846328258514,1.48890316486359,1.48628008365631,1.73844182491302,1.99491834640503,2.28498101234436,2.62895321846008,2.96486139297485,3.49638271331787,4.63156175613403,5.52282381057739,5.99852323532104,6.40715551376343,6.76998090744019,7.11520576477051,6.72967338562012,7.36694145202637,0,13.5175619125366,14.7069053649902,19.7078742980957
"75","JunnPln_J11,GK251",0,0,0,0,0,0,0,0,0,0,0,0,0,0,0,0,0.391643732786179,0.805809497833252,0.825869560241699,0.844036221504211,0.860202252864838,0.874482274055481,0.886776030063629,0.897214233875275,0.90522825717926,0.912034630775452,0.916038155555725,0.918397903442383,0.91866934299469,0.917050838470459,1.07263743877411,1.23088610172272,1.40985798835754,1.62209248542786,1.8293514251709,2.15730595588684,2.85772347450256,3.40764164924622,3.70115351676941,3.95328426361084,4.17715120315552,4.39015865325928,4.15228128433228,4.54548215866089,0,8.33579635620117,9.0710916519165,12.1575088500977
"76","JunnPln_J11,GK252",0,0,0,0,0,0,0,0,0,0,0,0,0,0,0,0,0.391643732786179,0.805809497833252,0.825869560241699,0.844036221504211,0.860202252864838,0.874482274055481,0.886776030063629,0.897214233875275,0.90522825717926,0.912034630775452,0.916038155555725,0.918397903442383,0.91866934299469,0.917050838470459,1.07263743877411,1.23088610172272,1.40985798835754,1.62209248542786,1.8293514251709,2.15730595588684,2.85772347450256,3.40764164924622,3.70115351676941,3.95328426361084,4.17715120315552,4.39015865325928,4.15228128433228,4.54548215866089,0,8.33579635620117,9.0710916519165,12.1575088500977
"77","JunnPln_J11,GK253",0,0,0,0,0,0,0,0,0,0,0,0,0,0,0,0,0.391643732786179,0.805809497833252,0.825869560241699,0.844036221504211,0.860202252864838,0.874482274055481,0.886776030063629,0.897214233875275,0.90522825717926,0.912034630775452,0.916038155555725,0.918397903442383,0.91866934299469,0.917050838470459,1.07263743877411,1.23088610172272,1.40985798835754,1.62209248542786,1.8293514251709,2.15730595588684,2.85772347450256,3.40764164924622,3.70115351676941,3.95328426361084,4.17715120315552,4.39015865325928,4.15228128433228,4.54548215866089,0,8.33579635620117,9.0710916519165,12.1575088500977
"78","JunnPln_J13,Qd.A1",0,0,0,0,0,0,0,0,0,0,0,0,0,0,0,0,0.391643732786179,0.805809497833252,0.825869560241699,0.844036221504211,0.860202252864838,0.874482274055481,0.886776030063629,0.897214233875275,0.90522825717926,0.912034630775452,0.916038155555725,0.918397903442383,0.91866934299469,0.917050838470459,1.07263743877411,1.23088610172272,1.40985798835754,1.62209248542786,1.8293514251709,2.15730595588684,2.85772347450256,3.40764164924622,3.70115351676941,3.95328426361084,4.17715120315552,4.39015865325928,4.15228128433228,4.54548215866089,0,8.33579635620117,9.0710916519165,12.1575088500977
"79","JunnPln_Jn10,TdS1",0.537578940391541,0.562914192676544,0.589143514633179,0.61615663766861,0.644073724746704,0.672856867313385,0.702028632164001,0.731087744235992,0.759775757789612,0.845970153808594,0.925233244895935,0.962721645832062,0.9917351603508,1.01038479804993,1.0155725479126,1.0041481256485,1.07007193565369,1.98932874202728,2.02634572982788,2.05928015708923,2.08785033226013,2.11241841316223,2.13274836540222,2.14914417266846,2.16040539741516,2.1691529750824,2.17187428474426,2.17114043235779,2.16595983505249,2.15675234794617,2.51808571815491,2.88466143608093,3.29913258552551,3.79053711891174,4.26899766921997,5.0267186164856,6.64757823944092,7.91838312149048,8.59330654144287,9.18627166748047,9.71125507354736,10.2044286727905,9.66263771057129,10.5842437744141,18.8708057403564,19.3882865905762,21.0157089233398,28.113618850708
"80","JunnPln_Jn10,TdS2",0.537578940391541,0.562914192676544,0.589143514633179,0.61615663766861,0.644073724746704,0.672856867313385,0.702028632164001,0.731087744235992,0.759775757789612,0.845970153808594,0.925233244895935,0.962721645832062,0.9917351603508,1.01038479804993,1.0155725479126,1.0041481256485,1.07007193565369,1.98932874202728,2.02634572982788,2.05928015708923,2.08785033226013,2.11241841316223,2.13274836540222,2.14914417266846,2.16040539741516,2.1691529750824,2.17187428474426,2.17114043235779,2.16595983505249,2.15675234794617,2.51808571815491,2.88466143608093,3.29913258552551,3.79053711891174,4.26899766921997,5.0267186164856,6.64757823944092,7.91838312149048,8.59330654144287,9.18627166748047,9.71125507354736,10.2044286727905,9.66263771057129,10.5842437744141,18.8708057403564,19.3882865905762,21.0157089233398,28.113618850708
"81","JunnPln_Jn14,PR.1",0,0,0,0,0,0,0,0,0,0,0,0.101419694721699,0.104476176202297,0.106440849602222,0.106987372040749,0.105783842504025,0.530365884304047,1.09123122692108,1.11839663982391,1.1429979801178,1.16489017009735,1.18422830104828,1.20087647438049,1.21501195430756,1.22586464881897,1.23508179187775,1.24050343036652,1.24369895458221,1.24406659603119,1.24187481403351,1.45257091522217,1.66687214374542,1.90923666954041,2.19664573669434,2.47731685638428,2.92143440246582,3.86994314193726,4.61464548110962,5.01212024688721,5.35355710983276,5.65671873092651,5.94517469406128,5.63368654251099,6.16818952560425,10.9847211837769,11.3090534210205,12.2951784133911,16.4712429046631
"82","JunnPln_Jn7,SPdP1",0,0,0,0,0,0,0,0,0,0,0,0.103632211685181,0.106755368411541,0.108762912452221,0.109321355819702,0.108091570436954,0,0,0,0,0,0,0,0,0,0,0,0,0,0,0,0,0,0,0,0,0,0,0,0,0,0,0.174905389547348,0.192344650626183,0.346127361059189,0.350234657526016,0.370800256729126,0.490365207195282
"83","JunnPln_Jnn12,Ch1",0,0,0,0,0,0,0,0,0,0,0,0,0,0,0,0,0,0,0,0,0,0,0,0,0,0,0,0,0,0,0,0,0,0,0,0,0,0,0,0,0,0,0,0,0,0,0,0
"84","JunnPln_Jnn1,CR.1",0.884574770927429,0.926263391971588,0.969423234462738,1.01387274265289,1.05980980396271,1.10717177391052,1.15517330169678,1.20298945903778,1.25019490718842,1.39202606678009,1.52248501777649,1.58417272567749,1.63191485404968,1.66260313987732,1.67113971710205,1.65234065055847,0.273330986499786,0.212960928678513,0.197092816233635,0,0,0,0,0,0,0,0,0,0,0,0,0,0,0.0698300153017044,0.0694188997149467,0.0730379447340965,0.0947873666882515,0.10034367442131,0.0866983681917191,0.0728542059659958,0.0576982758939266,0.0422678552567959,0.0272021871060133,0.0206529926508665,0.0416620746254921,0.0308047272264957,0,0
"85","JunnPln_Jnn2,Wrs1",0.142458721995354,0.149172574281693,0.156123369932175,0.163281857967377,0.170679897069931,0.178307443857193,0.186037972569466,0.193738654255867,0.20134100317955,0.224182575941086,0.245192676782608,0.255127340555191,0.262816101312637,0.267758369445801,0.269133180379868,0.266105651855469,0.491183191537857,0.954339385032654,0.975751578807831,0.994944930076599,1.01179206371307,1.02645540237427,1.0388263463974,1.04906046390533,1.05655169487,1.06263709068298,1.06555795669556,1.06661093235016,1.06530785560608,1.06186938285828,1.24074184894562,1.42235386371613,1.62768733501434,1.8711017370224,2.1082649230957,2.48442220687866,3.2913990020752,3.92196226119995,4.25373840332031,4.53794193267822,4.789146900177,5.02753305435181,4.75090503692627,5.19769620895386,9.25523281097412,9.52998161315918,10.3652009963989,13.886905670166
"86","JunnPln_Jnn2,Wrs2",0.142458721995354,0.149172574281693,0.156123369932175,0.163281857967377,0.170679897069931,0.178307443857193,0.186037972569466,0.193738654255867,0.20134100317955,0.224182575941086,0.245192676782608,0.255127340555191,0.262816101312637,0.267758369445801,0.269133180379868,0.266105651855469,0.491183191537857,0.954339385032654,0.975751578807831,0.994944930076599,1.01179206371307,1.02645540237427,1.0388263463974,1.04906046390533,1.05655169487,1.06263709068298,1.06555795669556,1.06661093235016,1.06530785560608,1.06186938285828,1.24074184894562,1.42235386371613,1.62768733501434,1.8711017370224,2.1082649230957,2.48442220687866,3.2913990020752,3.92196226119995,4.25373840332031,4.53794193267822,4.789146900177,5.02753305435181,4.75090503692627,5.19769620895386,9.25523281097412,9.52998161315918,10.3652009963989,13.886905670166
"87","JunnPln_Jnn2,Wrs3",0.142458721995354,0.149172574281693,0.156123369932175,0.163281857967377,0.170679897069931,0.178307443857193,0.186037972569466,0.193738654255867,0.20134100317955,0.224182575941086,0.245192676782608,0.255127340555191,0.262816101312637,0.267758369445801,0.269133180379868,0.266105651855469,0.491183191537857,0.954339385032654,0.975751578807831,0.994944930076599,1.01179206371307,1.02645540237427,1.0388263463974,1.04906046390533,1.05655169487,1.06263709068298,1.06555795669556,1.06661093235016,1.06530785560608,1.06186938285828,1.24074184894562,1.42235386371613,1.62768733501434,1.8711017370224,2.1082649230957,2.48442220687866,3.2913990020752,3.92196226119995,4.25373840332031,4.53794193267822,4.789146900177,5.02753305435181,4.75090503692627,5.19769620895386,9.25523281097412,9.52998161315918,10.3652009963989,13.886905670166
"88","JunnPln_Jnn3,sp21",0.142458721995354,0.149172574281693,0.156123369932175,0.163281857967377,0.170679897069931,0.178307443857193,0.186037972569466,0.193738654255867,0.20134100317955,0.224182575941086,0.245192676782608,0.255127340555191,0.262816101312637,0.267758369445801,0.269133180379868,0.266105651855469,0.491183191537857,0.954339385032654,0.975751578807831,0.994944930076599,1.01179206371307,1.02645540237427,1.0388263463974,1.04906046390533,1.05655169487,1.06263709068298,1.06555795669556,1.06661093235016,1.06530785560608,1.06186938285828,1.24074184894562,1.42235386371613,1.62768733501434,1.8711017370224,2.1082649230957,2.48442220687866,3.2913990020752,3.92196226119995,4.25373840332031,4.53794193267822,4.789146900177,5.02753305435181,4.75090503692627,5.19769620895386,9.25523281097412,9.52998161315918,10.3652009963989,13.886905670166
"89","JunnPln_Jnn4,Ons1",0,0,0,0,0,0,0,0,0,0,0,0,0,0,0,0,0.0463960692286491,0.0954602062702179,0.0978366136550903,0.0999887362122536,0.101903840899467,0.103595525026321,0.105051897466183,0.106288462877274,0.107237853109837,0.108044162392616,0.108518436551094,0.108797989785671,0.108830146491528,0.108638405799866,0.127069965004921,0.145816907286644,0.167018800973892,0,0,0,0,0,0,0,0,0,0,0,0,0,0,1.44023907184601
"90","JunnPln_Jnn4,Ons2",0,0,0,0,0,0,0,0,0,0,0,0,0,0,0,0,0.0463960692286491,0.0954602062702179,0.0978366136550903,0.0999887362122536,0.101903840899467,0.103595525026321,0.105051897466183,0.106288462877274,0.107237853109837,0.108044162392616,0.108518436551094,0.108797989785671,0.108830146491528,0.108638405799866,0.127069965004921,0.145816907286644,0.167018800973892,0,0,0,0,0,0,0,0,0,0,0,0,0,0,1.44023907184601
"91","JunnPln_Jnn5,Cns1",0,0,0,0,0,0,0,0,0,0,0,0,0,0,0,0,0.0463960692286491,0.0954602062702179,0.0978366136550903,0.0999887362122536,0.101903840899467,0.103595525026321,0.105051897466183,0.106288462877274,0.107237853109837,0.108044162392616,0.108518436551094,0.108797989785671,0.108830146491528,0.108638405799866,0.127069965004921,0.145816907286644,0.167018800973892,0,0,0,0,0,0,0,0,0,0,0,0,0,0,1.44023907184601
"92","JunnPln_Jnn5,Cns2",0,0,0,0,0,0,0,0,0,0,0,0,0,0,0,0,0.0463960692286491,0.0954602062702179,0.0978366136550903,0.0999887362122536,0.101903840899467,0.103595525026321,0.105051897466183,0.106288462877274,0.107237853109837,0.108044162392616,0.108518436551094,0.108797989785671,0.108830146491528,0.108638405799866,0.127069965004921,0.145816907286644,0.167018800973892,0,0,0,0,0,0,0,0,0,0,0,0,0,0,1.44023907184601
"93","JunnPln_Jnn6,CR.1",4.77599334716797,5.00107860565186,5.23410654067993,5.47409820556641,5.7221212387085,5.97783803939819,6.23700761795044,6.49517679214478,6.75004863739014,7.5158224105835,8.22019577026367,8.55326080322266,8.8110294342041,8.97672176361084,9.02281284332275,8.92131233215332,2.33878517150879,2.92548203468323,2.87049031257629,2.81615257263184,2.76193809509277,2.70883703231812,2.65654110908508,2.605224609375,2.55441904067993,2.50519132614136,2.45520424842834,2.40605497360229,2.3568639755249,2.30763339996338,2.66039347648621,3.01225852966309,3.40993690490723,3.88167548179626,4.33269691467285,5.06706094741821,6.69860601425171,7.92852354049683,8.51364517211914,9.00827026367188,9.43682670593262,9.84195995330811,9.25655937194824,10.0962944030762,17.9901485443115,18.484842300415,20.0615673065186,26.8403644561768
"94","JunnPln_Jnn6,CR.2",4.77599334716797,5.00107860565186,5.23410654067993,5.47409820556641,5.7221212387085,5.97783803939819,6.23700761795044,6.49517679214478,6.75004863739014,7.5158224105835,8.22019577026367,8.55326080322266,8.8110294342041,8.97672176361084,9.02281284332275,8.92131233215332,2.33878517150879,2.92548203468323,2.87049031257629,2.81615257263184,2.76193809509277,2.70883703231812,2.65654110908508,2.605224609375,2.55441904067993,2.50519132614136,2.45520424842834,2.40605497360229,2.3568639755249,2.30763339996338,2.66039347648621,3.01225852966309,3.40993690490723,3.88167548179626,4.33269691467285,5.06706094741821,6.69860601425171,7.92852354049683,8.51364517211914,9.00827026367188,9.43682670593262,9.84195995330811,9.25655937194824,10.0962944030762,17.9901485443115,18.484842300415,20.0615673065186,26.8403644561768
"95","JunnPln_Jnn8,UpB1",0.629121243953705,0.658770740032196,0.689466595649719,0.721079647541046,0.753750681877136,0.787435114383698,0.821574449539185,0.855581939220428,0.889155149459839,0.990027248859406,1.08278775215149,1.12665987014771,1.16061401367188,1.18243944644928,1.18851065635681,1.17514073848724,0.603556573390961,0.993309855461121,1.00321042537689,1.01149833202362,1.01802051067352,1.02300894260406,1.02635180950165,1.02818667888641,1.02804708480835,1.02698624134064,1.02353131771088,1.01877129077911,1.0122789144516,1.00421690940857,1.1692521572113,1.33602571487427,1.52451872825623,1.74793982505798,1.9644889831543,2.30790853500366,3.04437947273254,3.62055063247681,3.9242217540741,4.20006084442139,4.4432258605957,4.66738080978394,4.42696475982666,4.85349941253662,8.67248630523682,8.87560558319092,9.56511974334717,12.7603406906128
"96","JunnPln_Jnn8,UpB2",0.629121243953705,0.658770740032196,0.689466595649719,0.721079647541046,0.753750681877136,0.787435114383698,0.821574449539185,0.855581939220428,0.889155149459839,0.990027248859406,1.08278775215149,1.12665987014771,1.16061401367188,1.18243944644928,1.18851065635681,1.17514073848724,0.603556573390961,0.993309855461121,1.00321042537689,1.01149833202362,1.01802051067352,1.02300894260406,1.02635180950165,1.02818667888641,1.02804708480835,1.02698624134064,1.02353131771088,1.01877129077911,1.0122789144516,1.00421690940857,1.1692521572113,1.33602571487427,1.52451872825623,1.74793982505798,1.9644889831543,2.30790853500366,3.04437947273254,3.62055063247681,3.9242217540741,4.20006084442139,4.4432258605957,4.66738080978394,4.42696475982666,4.85349941253662,8.67248630523682,8.87560558319092,9.56511974334717,12.7603406906128
"97","JunnPln_Jnn9,dbS1",0.644836246967316,0.675226390361786,0.7066890001297,0.739091753959656,0.77257889509201,0.807104766368866,0.842096865177155,0.876953780651093,0.911365628242493,1.01475751399994,1.10983502864838,1.15480315685272,1.18960535526276,1.21197593212128,1.21819889545441,1.20449507236481,0.80756551027298,1.40685200691223,1.43480861186981,1.45938527584076,1.48034954071045,1.49799978733063,1.51217174530029,1.52307295799255,1.53001868724823,1.53459513187408,1.53464233875275,1.53179430961609,1.52545297145844,1.51587784290314,1.76792418956757,2.02267932891846,2.31047177314758,2.65112233161926,2.98053550720215,3.49998426437378,4.6100926399231,5.47902822494507,5.93579149246216,6.38067674636841,6.77566814422607,7.12898254394531,6.80983448028564,7.50831985473633,13.5576248168945,13.7450714111328,14.535231590271,19.1984577178955
"98","JunnPln_Jnn9,dbS2",0.644836246967316,0.675226390361786,0.7066890001297,0.739091753959656,0.77257889509201,0.807104766368866,0.842096865177155,0.876953780651093,0.911365628242493,1.01475751399994,1.10983502864838,1.15480315685272,1.18960535526276,1.21197593212128,1.21819889545441,1.20449507236481,0.80756551027298,1.40685200691223,1.43480861186981,1.45938527584076,1.48034954071045,1.49799978733063,1.51217174530029,1.52307295799255,1.53001868724823,1.53459513187408,1.53464233875275,1.53179430961609,1.52545297145844,1.51587784290314,1.76792418956757,2.02267932891846,2.31047177314758,2.65112233161926,2.98053550720215,3.49998426437378,4.6100926399231,5.47902822494507,5.93579149246216,6.38067674636841,6.77566814422607,7.12898254394531,6.80983448028564,7.50831985473633,13.5576248168945,13.7450714111328,14.535231590271,19.1984577178955
"99","JunnPln_L.Alcc,s3",12.2593698501587,12.8371353149414,13.4352893829346,14.0513172149658,14.6879615783691,15.3443536758423,16.0096092224121,16.6722965240479,17.3265209197998,19.2921657562256,21.1002025604248,21.9551372528076,22.6167984008789,23.0421085357666,23.1604175567627,22.8998794555664,4.33633518218994,4.07941627502441,3.97577214241028,3.86488580703735,3.74621510505676,3.62261819839478,3.4944965839386,3.36254787445068,3.22969079017639,3.09317970275879,2.9561231136322,2.81786775588989,2.67942047119141,2.54056739807129,2.86105227470398,3.1596245765686,3.49214792251587,3.87972092628479,4.21201801300049,4.81327247619629,6.40293121337891,7.39567518234253,7.52273321151733,7.56525754928589,7.50797462463379,7.40128231048584,6.64675045013428,7.01673126220703,12.6886682510376,12.7078742980957,13.3773984909058,17.5101947784424
"100","JunnPln_L.Ccch,s",0,0,0,0,0,0,0,0,0,0,0,0,0,0,0,0,1.00611877441406,2.0700957775116,2.12162923812866,2.16829872131348,2.20982885360718,2.2465136051178,2.27809572219849,2.3049111366272,2.32549905776978,2.34298419952393,2.35326910018921,2.35933136940002,2.36002850532532,2.35587072372437,2.75556707382202,3.16210246086121,3.62187457084656,4.16709756851196,4.699538230896,5.54204130172729,7.34138917922974,8.75410938262939,9.50813007354736,10.1558456420898,10.7309513092041,11.2781600952148,10.6670618057251,11.6771812438965,20.7875061035156,21.4143619537354,23.3033084869385,31.2322044372559
"101","JunnPln_L.Jnn,cn1",0,0,0,0,0,0,0,0,0,0,0,0,0,0,0,0,0.391643732786179,0.805809497833252,0.825869560241699,0.844036221504211,0.860202252864838,0.874482274055481,0.886776030063629,0.897214233875275,0.90522825717926,0.912034630775452,0.916038155555725,0.918397903442383,0.91866934299469,0.917050838470459,1.07263743877411,1.23088610172272,1.40985798835754,1.62209248542786,1.8293514251709,2.15730595588684,2.85772347450256,3.40764164924622,3.70115351676941,3.95328426361084,4.17715120315552,4.39015865325928,4.15228128433228,4.54548215866089,0,8.33579635620117,9.0710916519165,12.1575088500977
"102","JunnPln_L.Jnn,cn4",0,0,0,0,0,0,0,0,0,0,0,0,0,0,0,0,0.391643732786179,0.805809497833252,0.825869560241699,0.844036221504211,0.860202252864838,0.874482274055481,0.886776030063629,0.897214233875275,0.90522825717926,0.912034630775452,0.916038155555725,0.918397903442383,0.91866934299469,0.917050838470459,1.07263743877411,1.23088610172272,1.40985798835754,1.62209248542786,1.8293514251709,2.15730595588684,2.85772347450256,3.40764164924622,3.70115351676941,3.95328426361084,4.17715120315552,4.39015865325928,4.15228128433228,4.54548215866089,0,8.33579635620117,9.0710916519165,12.1575088500977
"103","JunnPln_L.Jnn,sh3",0,0,0,0,0,0,0,0,0,0,0,0,0,0,0,0,0.0463960692286491,0.0954602062702179,0.0978366136550903,0.0999887362122536,0.101903840899467,0.103595525026321,0.105051897466183,0.106288462877274,0.107237853109837,0.108044162392616,0.108518436551094,0.108797989785671,0.108830146491528,0.108638405799866,0.127069965004921,0.145816907286644,0.167018800973892,0,0,0,0,0,0,0,0,0,0,0,0,0,0,1.44023907184601
"104","JunnPln_L.Jnn,sh4",0,0,0,0,0,0,0,0,0,0,0,0,0,0,0,0,0.0463960692286491,0.0954602062702179,0.0978366136550903,0.0999887362122536,0.101903840899467,0.103595525026321,0.105051897466183,0.106288462877274,0.107237853109837,0.108044162392616,0.108518436551094,0.108797989785671,0.108830146491528,0.108638405799866,0.127069965004921,0.145816907286644,0.167018800973892,0,0,0,0,0,0,0,0,0,0,0,0,0,0,1.44023907184601
"105","JunnPln_L.Llcc,s1",0.537578940391541,0.562914192676544,0.589143514633179,0.61615663766861,0.644073724746704,0.672856867313385,0.702028632164001,0.731087744235992,0.759775757789612,0.845970153808594,0.925233244895935,0.962721645832062,0.9917351603508,1.01038479804993,1.0155725479126,1.0041481256485,1.07007193565369,1.98932874202728,2.02634572982788,2.05928015708923,2.08785033226013,2.11241841316223,2.13274836540222,2.14914417266846,2.16040539741516,2.1691529750824,2.17187428474426,2.17114043235779,2.16595983505249,2.15675234794617,2.51808571815491,2.88466143608093,3.29913258552551,3.79053711891174,4.26899766921997,5.0267186164856,6.64757823944092,7.91838312149048,8.59330654144287,9.18627166748047,9.71125507354736,10.2044286727905,9.66263771057129,10.5842437744141,18.8708057403564,19.3882865905762,21.0157089233398,28.113618850708
"106","JunnPln_L.Llcc,s2",0.537578940391541,0.562914192676544,0.589143514633179,0.61615663766861,0.644073724746704,0.672856867313385,0.702028632164001,0.731087744235992,0.759775757789612,0.845970153808594,0.925233244895935,0.962721645832062,0.9917351603508,1.01038479804993,1.0155725479126,1.0041481256485,1.07007193565369,1.98932874202728,2.02634572982788,2.05928015708923,2.08785033226013,2.11241841316223,2.13274836540222,2.14914417266846,2.16040539741516,2.1691529750824,2.17187428474426,2.17114043235779,2.16595983505249,2.15675234794617,2.51808571815491,2.88466143608093,3.29913258552551,3.79053711891174,4.26899766921997,5.0267186164856,6.64757823944092,7.91838312149048,8.59330654144287,9.18627166748047,9.71125507354736,10.2044286727905,9.66263771057129,10.5842437744141,18.8708057403564,19.3882865905762,21.0157089233398,28.113618850708
"107","JunnPln_L.Pc,12d1",0,0,0,0,0,0,0,0,0,0,0,0,0,0,0,0,0.882973492145538,1.81672358512878,1.86194956302643,1.90290701389313,1.9393538236618,1.97154867649078,1.99926519393921,2.02279853820801,2.04086637496948,2.05621147155762,2.06523776054382,2.0705578327179,2.07116985321045,2.0675208568573,2.41829586029053,2.77507281303406,3.17857050895691,3.65706014633179,4.12433195114136,4.86371612548828,6.44283008575439,7.68263864517212,8.34436988830566,8.91280746459961,9.41752243041992,9.89775466918945,9.36145210266113,10.2479372024536,18.2537441253662,18.8018379211426,20.4569568634033,27.414005279541
"108","JunnPln_L.Pc,ins1",0,0,0,0,0,0,0,0,0,0,0,0,0,0,0,0,0.882973492145538,1.81672358512878,1.86194956302643,1.90290701389313,1.9393538236618,1.97154867649078,1.99926519393921,2.02279853820801,2.04086637496948,2.05621147155762,2.06523776054382,2.0705578327179,2.07116985321045,2.0675208568573,2.41829586029053,2.77507281303406,3.17857050895691,3.65706014633179,4.12433195114136,4.86371612548828,6.44283008575439,7.68263864517212,8.34436988830566,8.91280746459961,9.41752243041992,9.89775466918945,9.36145210266113,10.2479372024536,18.2537441253662,18.8018379211426,20.4569568634033,27.414005279541
"109","JunnPln_L.Pc,ins2",0,0,0,0,0,0,0,0,0,0,0,0,0,0,0,0,0.882973492145538,1.81672358512878,1.86194956302643,1.90290701389313,1.9393538236618,1.97154867649078,1.99926519393921,2.02279853820801,2.04086637496948,2.05621147155762,2.06523776054382,2.0705578327179,2.07116985321045,2.0675208568573,2.41829586029053,2.77507281303406,3.17857050895691,3.65706014633179,4.12433195114136,4.86371612548828,6.44283008575439,7.68263864517212,8.34436988830566,8.91280746459961,9.41752243041992,9.89775466918945,9.36145210266113,10.2479372024536,18.2537441253662,18.8018379211426,20.4569568634033,27.414005279541
"110","JunnPln_L.Prn,cn",0,0,0,0,0,0,0,0,0,0,0,0,0,0,0,0,1.20398938655853,2.47721576690674,2.53888416290283,2.5947322845459,2.6444296836853,2.68832945823669,2.72612261772156,2.75821185112,2.78284859657288,2.80377244949341,2.81608033180237,2.82333445549011,2.82416892051697,2.8191933631897,3.2974967956543,3.78398442268372,4.33417892456055,4.98662948608398,5.62378358840942,6.63197994232178,8.78520011901855,10.4757566452026,11.3780689239502,12.1531677246094,12.8413791656494,13.496205329895,12.7649230957031,13.9737005233765,24.8878860473633,25.6351795196533,27.8912506103516,37.3778762817383
"111","JunnPln_L.Prn,sh1",0,0,0,0,0,0,0,0,0,0,0,0,0,0,0,0,1.20398938655853,2.47721576690674,2.53888416290283,2.5947322845459,2.6444296836853,2.68832945823669,2.72612261772156,2.75821185112,2.78284859657288,2.80377244949341,2.81608033180237,2.82333445549011,2.82416892051697,2.8191933631897,3.2974967956543,3.78398442268372,4.33417892456055,4.98662948608398,5.62378358840942,6.63197994232178,8.78520011901855,10.4757566452026,11.3780689239502,12.1531677246094,12.8413791656494,13.496205329895,12.7649230957031,13.9737005233765,24.8878860473633,25.6351795196533,27.8912506103516,37.3778762817383
"112","JunnPln_L.Prn,sh2",0,0,0,0,0,0,0,0,0,0,0,0,0,0,0,0,1.20398938655853,2.47721576690674,2.53888416290283,2.5947322845459,2.6444296836853,2.68832945823669,2.72612261772156,2.75821185112,2.78284859657288,2.80377244949341,2.81608033180237,2.82333445549011,2.82416892051697,2.8191933631897,3.2974967956543,3.78398442268372,4.33417892456055,4.98662948608398,5.62378358840942,6.63197994232178,8.78520011901855,10.4757566452026,11.3780689239502,12.1531677246094,12.8413791656494,13.496205329895,12.7649230957031,13.9737005233765,24.8878860473633,25.6351795196533,27.8912506103516,37.3778762817383
"113","JunnPln_L.Tl,shr2",0,0,0,0,0,0,0,0,0,0,0,0,0,0,0,0,0.558079063892365,1.14825117588043,1.17683601379395,1.20272302627563,1.22575902938843,1.24610757827759,1.26362574100494,1.27849984169006,1.28991961479187,1.29961836338043,1.30532324314117,1.30868577957153,1.30907261371613,1.30676627159119,1.52847182750702,1.75397098064423,2.00899982452393,2.31142687797546,2.60676383972168,3.07408761978149,4.07215881347656,4.85577392578125,5.27401781082153,5.63329601287842,5.95229864120483,6.25582695007324,5.91685962677002,6.4771580696106,0,11.8782262802124,12.9259967803955,17.3240375518799
"114","JunnPln_L.Yncc,s1",0,0,0,0,0,0,0,0,0,0,0,0,0,0,0,0,1.00611877441406,2.0700957775116,2.12162923812866,2.16829872131348,2.20982885360718,2.2465136051178,2.27809572219849,2.3049111366272,2.32549905776978,2.34298419952393,2.35326910018921,2.35933136940002,2.36002850532532,2.35587072372437,2.75556707382202,3.16210246086121,3.62187457084656,4.16709756851196,4.699538230896,5.54204130172729,7.34138917922974,8.75410938262939,9.50813007354736,10.1558456420898,10.7309513092041,11.2781600952148,10.6670618057251,11.6771812438965,20.7875061035156,21.4143619537354,23.3033084869385,31.2322044372559
"115","JunnPln_L.Yncc,s4",0,0,0,0,0,0,0,0,0,0,0,0,0,0,0,0,1.00611877441406,2.0700957775116,2.12162923812866,2.16829872131348,2.20982885360718,2.2465136051178,2.27809572219849,2.3049111366272,2.32549905776978,2.34298419952393,2.35326910018921,2.35933136940002,2.36002850532532,2.35587072372437,2.75556707382202,3.16210246086121,3.62187457084656,4.16709756851196,4.699538230896,5.54204130172729,7.34138917922974,8.75410938262939,9.50813007354736,10.1558456420898,10.7309513092041,11.2781600952148,10.6670618057251,11.6771812438965,20.7875061035156,21.4143619537354,23.3033084869385,31.2322044372559
"116","JunnPln_Yncc2,is",0,0,0,0,0,0,0,0,0,0,0,0,0,0,0,0,0.4735007584095,0.974230825901031,0.998483598232269,1.02044725418091,1.03999209403992,1.05725681781769,1.07212007045746,1.08473992347717,1.09442901611328,1.10265791416168,1.1074982881546,1.11035120487213,1.11067938804626,1.10872256755829,1.29682815074921,1.48815226554871,1.70453083515167,1.96112418174744,2.21170210838318,2.60820198059082,3.45501303672791,4.11986923217773,4.47472715377808,4.7795557975769,5.05021286010742,5.30774068832397,5.02014493942261,5.49552822113037,0,10.0780515670776,10.9670295715332,14.6985359191895
"117","JunnPln_Yncc4,oc",0,0,0,0,0,0,0,0,0,0,0,0,0,0,0,0,0.4735007584095,0.974230825901031,0.998483598232269,1.02044725418091,1.03999209403992,1.05725681781769,1.07212007045746,1.08473992347717,1.09442901611328,1.10265791416168,1.1074982881546,1.11035120487213,1.11067938804626,1.10872256755829,1.29682815074921,1.48815226554871,1.70453083515167,1.96112418174744,2.21170210838318,2.60820198059082,3.45501303672791,4.11986923217773,4.47472715377808,4.7795557975769,5.05021286010742,5.30774068832397,5.02014493942261,5.49552822113037,0,10.0780515670776,10.9670295715332,14.6985359191895
"118","JunnPln_Yncch1,w",0,0,0,0,0,0,0,0,0,0,0,0,0,0,0,0,0.4735007584095,0.974230825901031,0.998483598232269,1.02044725418091,1.03999209403992,1.05725681781769,1.07212007045746,1.08473992347717,1.09442901611328,1.10265791416168,1.1074982881546,1.11035120487213,1.11067938804626,1.10872256755829,1.29682815074921,1.48815226554871,1.70453083515167,1.96112418174744,2.21170210838318,2.60820198059082,3.45501303672791,4.11986923217773,4.47472715377808,4.7795557975769,5.05021286010742,5.30774068832397,5.02014493942261,5.49552822113037,0,10.0780515670776,10.9670295715332,14.6985359191895
"119","JunnPln_Yncch3,s1",0,0,0,0,0,0,0,0,0,0,0,0,0,0,0,0,0.4735007584095,0.974230825901031,0.998483598232269,1.02044725418091,1.03999209403992,1.05725681781769,1.07212007045746,1.08473992347717,1.09442901611328,1.10265791416168,1.1074982881546,1.11035120487213,1.11067938804626,1.10872256755829,1.29682815074921,1.48815226554871,1.70453083515167,1.96112418174744,2.21170210838318,2.60820198059082,3.45501303672791,4.11986923217773,4.47472715377808,4.7795557975769,5.05021286010742,5.30774068832397,5.02014493942261,5.49552822113037,0,10.0780515670776,10.9670295715332,14.6985359191895
"120","JunnPln_Yncch3,s2",0,0,0,0,0,0,0,0,0,0,0,0,0,0,0,0,0.4735007584095,0.974230825901031,0.998483598232269,1.02044725418091,1.03999209403992,1.05725681781769,1.07212007045746,1.08473992347717,1.09442901611328,1.10265791416168,1.1074982881546,1.11035120487213,1.11067938804626,1.10872256755829,1.29682815074921,1.48815226554871,1.70453083515167,1.96112418174744,2.21170210838318,2.60820198059082,3.45501303672791,4.11986923217773,4.47472715377808,4.7795557975769,5.05021286010742,5.30774068832397,5.02014493942261,5.49552822113037,0,10.0780515670776,10.9670295715332,14.6985359191895
"121","Sml-McE_ChrrrsLk",0.149429634213448,0.15485455095768,0.160358101129532,0.165925353765488,0.171545907855034,0.177179276943207,0.182792946696281,0.188347205519676,0.193793505430222,0.220857292413712,0.246063381433487,0.263478428125381,0.278950184583664,0.292286783456802,0.303277373313904,0.311610639095306,0.261455982923508,0.300375729799271,0.300433099269867,0.299735456705093,0.299003690481186,0.298390656709671,0.297936409711838,0.298094540834427,0.298081606626511,0.29791995882988,0.298493683338165,0.299513518810272,0.300398916006088,0.301710367202759,0.385790824890137,0.451412230730057,0.515032827854156,0.573492288589478,0.631411015987396,0.714272558689117,0.777831673622131,0.848550736904144,0.96718043088913,1.06349992752075,1.15261363983154,1.67062151432037,1.94287931919098,2.5551917552948,2.64402794837952,2.59365463256836,3.1434862613678,3.2601900100708
"122","Sml-McE_FondCoch",0.166119277477264,0.1721500903368,0.17826834321022,0.184457391500473,0.190705701708794,0.196968242526054,0.203208893537521,0.209383517503738,0.215438097715378,0.245524615049362,0.273545950651169,0.292906045913696,0.310105860233307,0.324932008981705,0.337150096893311,0.346414089202881,0.199096500873566,0.152901545166969,0.148257628083229,0.14287631213665,0.137166798114777,0.131218835711479,0.125075042247772,0.118944205343723,0.112534016370773,0.105910383164883,0.099430687725544,0.0930118337273598,0.0865145847201347,0.0801587402820587,0.0940840393304825,0.100802093744278,0.105592124164104,0.107447683811188,0.108049847185612,0.111852310597897,0.110873006284237,0.10989736020565,0.114151850342751,0.113724261522293,0.111149705946445,0.152433380484581,0.14722053706646,0.16177299618721,0.139480948448181,0.1253781914711,0.144370689988136,0.136915042996407
"123","Sml-McE_LgnsdNpl",0.156144708395004,0.161813408136368,0.167564287781715,0.173381716012955,0.179254844784737,0.185141369700432,0.191007301211357,0.196811154484749,0.202502205967903,0.230782181024551,0.257120996713638,0.275318622589111,0.291485667228699,0.305421590805054,0.316906064748764,0.325613796710968,0.189376890659332,0.148139491677284,0.141647070646286,0.134676039218903,0.127630412578583,0.120600588619709,0.113628633320332,0.106903165578842,0.100158289074898,0.0934529453516006,0.0870970413088799,0.0810069069266319,0.0750511810183525,0.0694086700677872,0.0815088376402855,0.0875739082694054,0.0921328961849213,0.0944517552852631,0.0959341749548912,0.100516736507416,0.101267993450165,0.10238903015852,0.108729772269726,0.111339882016182,0.112471550703049,0.156822085380554,0.163711696863174,0.196013182401657,0.186393603682518,0.176125451922417,0.20902793109417,0.209693983197212
"124","Sml-McE_Llaviacu",0.13882315158844,0.143863007426262,0.148975938558578,0.154148027300835,0.159369632601738,0.164603143930435,0.169818356633186,0.174978375434875,0.180038094520569,0.205180898308754,0.228597864508629,0.244776785373688,0.259150385856628,0.271540343761444,0.281750828027725,0.289492607116699,0.35938161611557,0.509351372718811,0.518387138843536,0.526380956172943,0.534470736980438,0.542878448963165,0.551625609397888,0.561516582965851,0.571042120456696,0.580161809921265,0.590541779994965,0.601601481437683,0.61213231086731,0.623217403888702,0.807069301605225,0.955273151397705,1.100790143013,1.237065076828,1.37317180633545,0,0,0,2.15579080581665,2.3815643787384,2.59208989143372,3.76545143127441,4.403395652771,5.81605195999146,6.03139734268188,5.92773532867432,7.19609451293945,7.47014093399048
"125","Sml-McE_Patoquns",0.166119277477264,0.1721500903368,0.17826834321022,0.184457391500473,0.190705701708794,0.196968242526054,0.203208893537521,0.209383517503738,0.215438097715378,0.245524615049362,0.273545950651169,0.292906045913696,0.310105860233307,0.324932008981705,0.337150096893311,0.346414089202881,0.199096500873566,0.152901545166969,0.148257628083229,0.14287631213665,0.137166798114777,0.131218835711479,0.125075042247772,0.118944205343723,0.112534016370773,0.105910383164883,0.099430687725544,0.0930118337273598,0.0865145847201347,0.0801587402820587,0.0940840393304825,0.100802093744278,0.105592124164104,0.107447683811188,0.108049847185612,0.111852310597897,0.110873006284237,0.10989736020565,0.114151850342751,0.113724261522293,0.111149705946445,0.152433380484581,0.14722053706646,0.16177299618721,0.139480948448181,0.1253781914711,0.144370689988136,0.136915042996407
"126","Sml-McE_Toreador",0.166119277477264,0.1721500903368,0.17826834321022,0.184457391500473,0.190705701708794,0.196968242526054,0.203208893537521,0.209383517503738,0.215438097715378,0.245524615049362,0.273545950651169,0.292906045913696,0.310105860233307,0.324932008981705,0.337150096893311,0.346414089202881,0.199096500873566,0.152901545166969,0.148257628083229,0.14287631213665,0.137166798114777,0.131218835711479,0.125075042247772,0.118944205343723,0.112534016370773,0.105910383164883,0.099430687725544,0.0930118337273598,0.0865145847201347,0.0801587402820587,0.0940840393304825,0.100802093744278,0.105592124164104,0.107447683811188,0.108049847185612,0.111852310597897,0.110873006284237,0.10989736020565,0.114151850342751,0.113724261522293,0.111149705946445,0.152433380484581,0.14722053706646,0.16177299618721,0.139480948448181,0.1253781914711,0.144370689988136,0.136915042996407
