"","lake","timeseriesBC","age"
"1","Fondococha",0.273472600937741,-50
"2","Fondococha",0.0675803598860721,-40
"3","Fondococha",0.075552006322757,-29
"4","Fondococha",0.0792960893077121,-19
"5","Fondococha",0.0719734696136004,-9
"6","Fondococha",0.342804467253377,12
"7","Fondococha",0.32761583674656,45
"8","Fondococha",0.222412424613144,74
"9","Fondococha",0.0906597527266495,99
"10","Fondococha",0.274174194792923,122
"11","Fondococha",0.338265572783858,141
"12","Fondococha",0.225849637128027,163
"13","Fondococha",0.197427677276544,179
"14","Fondococha",0.333605069640421,199
"15","Fondococha",0.186031606723213,218
"16","Fondococha",0.149756181024895,229
"17","Fondococha",0.131502364496181,238
"18","Fondococha",0.101539985590778,255
"19","Fondococha",0.146518092265678,271
"20","Fondococha",0.23857678499473,289
"21","Fondococha",0.210342498160744,304
"22","Fondococha",0.160854275362961,320
"23","Fondococha",0.333842916201808,331
"24","Fondococha",0.184297825285662,350
"25","Fondococha",0.126107763436415,368
"26","Fondococha",0.0917190220591662,396
"27","Fondococha",0.168715359501936,419
"28","Fondococha",0.318219724670593,437
"29","Fondococha",0.189024674007129,447
"30","Fondococha",0.174283965575388,502
"31","Fondococha",0.201072636430949,536
"32","Fondococha",0.401133973196057,560
"33","Fondococha",0.398952076100489,594
"34","Fondococha",0.428008199890308,645
"35","Fondococha",0.200443326717799,693
"36","Fondococha",0.558774023458924,735
"37","Fondococha",0.204588025807645,790
"38","Fondococha",0.159229306956214,846
"39","Fondococha",0.233458897867428,879
"40","Fondococha",0.350802990012353,932
"41","Fondococha",0.430808984908202,944
"42","Fondococha",0.20969301965686,965
"43","Fondococha",0.358917665747191,997
"44","Fondococha",0.189014865495795,1040
"45","Fondococha",0.138168835111342,1054
"46","Fondococha",0.233615787243201,1059
"47","Fondococha",0.131945318362534,1073
"48","Fondococha",0.213946221962393,1087
"49","Fondococha",0.378080482171427,1121
"50","Fondococha",0.296276580379728,1144
"51","Fondococha",0.195124047195511,1173
"52","Fondococha",0.393981049634248,1196
"53","Fondococha",0.273122519114473,1239
"54","Fondococha",0.299337323070611,1281
"55","Fondococha",0.27407133796348,1319
"56","Fondococha",0.345702652501404,1352
"57","Fondococha",0.14865991139185,1375
"58","Fondococha",0.421000069352937,1404
"59","Fondococha",0.149073757896534,1469
"60","Fondococha",0.0979009333207829,1544
"61","Fondococha",0.189916913110829,1562
"62","Fondococha",0.0397163120567376,1573
"63","Fondococha",0.0974631652787896,1601
"64","Fondococha",0.181480272245523,1629
"65","Fondococha",0.350437004168348,1659
"66","Fondococha",0.245416726145564,1671
"67","Fondococha",0.343887423043096,1704
"68","Fondococha",0.0545229086245482,1728
"69","Fondococha",0.0358531213518035,1762
"70","Fondococha",0.0477762674914143,1782
"71","Fondococha",0.0421595832280856,1800
"72","Fondococha",0.120514660238788,1816
"73","Fondococha",0.0722982522362773,1851
"74","Fondococha",0.0756842714496834,1874
"75","Fondococha",0.0708552796588914,1894
"76","Fondococha",0.0826526927243809,1910
"77","Fondococha",0.108813984016556,1945
"78","Fondococha",0.495026378317426,1993
"79","Fondococha",0.410904045659509,2063
"80","Fondococha",0.250956376114404,2075
"81","Fondococha",0.232063175199624,2082
"82","Fondococha",0.187176453187398,2082
"83","Fondococha",0.203158541488095,2082
"84","Fondococha",0.284809487863656,2117
"85","Fondococha",0.188221294333857,2150
"86","Fondococha",0.112319214579821,2170
"87","Fondococha",0.334967012252592,2198
"88","Fondococha",0.0923080188479008,2222
"89","Fondococha",0.089909556663025,2255
"90","Fondococha",0.171360036207287,2345
"91","Fondococha",0.181894106523794,2384
"92","Fondococha",0.406165783161074,2410
"93","Fondococha",0.266941266209001,2441
"94","Fondococha",0.160025978243221,2469
"95","Fondococha",0.198866169819734,2484
"96","Fondococha",0.226845763667105,2525
"97","Fondococha",0.156378340810008,2571
"98","Fondococha",0.23050872057863,2598
"99","Lagunillas",0.152386297497298,1530.996794
"100","Lagunillas",0.186173969545442,1533.618149
"101","Lagunillas",0.11507526799485,1538.36283
"102","Lagunillas",0.270890623150772,1545.17601
"103","Lagunillas",0.326421524098568,1554.003438
"104","Lagunillas",0.0975946232110933,1564.791439
"105","Lagunillas",0.278890754914975,1577.486914
"106","Lagunillas",0.132139921923156,1584.533519
"107","Lagunillas",0.0848084836099527,1592.037341
"108","Lagunillas",0.134507062186872,1599.991906
"109","Lagunillas",0.0944664440948609,1608.390774
"110","Lagunillas",0.285231939163498,1626.495842
"111","Lagunillas",0.265177925135825,1646.301752
"112","Lagunillas",0.256513385423338,1651.513089
"113","Lagunillas",0.622053336433879,1667.758286
"114","Lagunillas",0.250109150886952,1690.815801
"115","Lagunillas",0.447252596780188,1702.929572
"116","Lagunillas",0.119070215875025,1715.425234
"117","Lagunillas",0.540026960038266,1728.296743
"118","Lagunillas",0.0976526953325097,1741.538093
"119","Lagunillas",0.222462544116233,1769.106466
"120","Lagunillas",0.528695321677839,1776.220423
"121","Lagunillas",0.315270541082164,1798.083016
"122","Lagunillas",0.513802541544477,1805.541689
"123","Lagunillas",0.513295988667826,1828.420982
"124","Lagunillas",0.36686626746507,1836.21277
"125","Lagunillas",0.17118612802066,1868.187627
"126","Lagunillas",0.351408175784953,1901.420794
"127","Lagunillas",0.367719630034573,1935.867383
"128","Lagunillas",0.27192312306245,1953.531841
"129","Lagunillas",0.310724846285026,1971.483083
"130","Lagunillas",0.219264097959577,1989.715659
"131","Lagunillas",0.252800368267608,2008.224156
"132","Lagunillas",0.326161472340874,2027.003198
"133","Lagunillas",0.311516244712148,2046.047444
"134","Lagunillas",0.178211071720753,2065.351588
"135","Lagunillas",0.135819344092413,2084.910362
"136","Lagunillas",0.331940088429234,2094.783598
"137","Lagunillas",0.391922708950893,2104.718532
"138","Lagunillas",0.188122355318835,2124.770902
"139","Lagunillas",0.682842932704778,2134.887048
"140","Lagunillas",0.672926273269327,2165.587635
"141","Lagunillas",0.766163050964187,2175.936422
"142","Lagunillas",0.695639880952381,2207.319703
"143","Lagunillas",0.573529028049576,2217.891009
"144","Lagunillas",0.577194396143461,2249.926829
"145","Lagunillas",0.516248850553943,2260.710672
"146","Lagunillas",0.561869297588837,2293.369308
"147","Lagunillas",0.782707087002308,2304.355854
"148","Lagunillas",0.68342886920271,2337.608015
"149","Lagunillas",0.635808802952974,2348.787572
"150","Lagunillas",0.34167468719923,2393.967419
"151","Lagunillas",0.222498565142529,2486.420754
"152","Lagunillas",0.0865219835209279,2533.62031
"153","Lagunillas",0.108456691663118,2581.420131
"154","Lagunillas",0.0968006656256768,2629.78469
"155","Lagunillas",0.3916554188642,2654.167802
"156","Lagunillas",0.312881657262116,2678.679038
"157","Lagunillas",0.431808712860975,2703.314119
"158","Lagunillas",0.302237443986238,2728.068801
"159","Lagunillas",0.179344672112852,2777.920183
"160","Lagunillas",0.268551168287674,2784.182402
"161","Lagunillas",0.269176103084733,2803.008577
"162","Lagunillas",0.490563798219585,2828.199962
"163","Lagunillas",0.529689208183664,2853.490276
"164","Lagunillas",0.354347826086956,2878.875492
"165","Lagunillas",0.17886216466235,2904.351621
"166","Lagunillas",0.448322525322901,2910.734393
"167","Lagunillas",0.447014772959357,2929.914706
"168","Lagunillas",0.419506462984724,2961.98488
"169","Lagunillas",0.439334390883486,2981.28611
"170","Lagunillas",0.638566496794345,2987.729347
"171","Lagunillas",0.672350550213145,3032.958789
"172","Lagunillas",0.528624275749092,3065.393698
"173","Lagunillas",0.558518184590499,3084.9024
"174","Lagunillas",0.562211326172642,3091.412913
"175","Lagunillas",0.469503220041747,3117.491492
"176","Lagunillas",0.291179817379479,3137.087182
"177","Lagunillas",0.362389331409064,3143.625776
"178","Lagunillas",0.129590660936992,3169.812145
"179","Lagunillas",0.355550773006293,3189.483944
"180","Lagunillas",0.361394722839526,3196.047013
"181","Lagunillas",0.210930818346904,3248.648083
"182","Lagunillas",0.14845994078395,3301.401023
"183","Lagunillas",0.150594767956727,3354.278445
"184","Lagunillas",0.184307894100029,3407.253538
"185","Lagunillas",0.172589677152065,3460.300067
"186","Lagunillas",0.253827280394612,3513.392372
"187","Lagunillas",0.224142991671457,3566.505371
"188","Lagunillas",0.187463358386241,3619.614556
"189","Lagunillas",0.343249816849817,3672.695998
"190","Lagunillas",0.252693927525176,3725.726342
"191","Lagunillas",0.189006095256095,3778.682809
"192","Lagunillas",0.305969705969706,3831.543197
"193","Lagunillas",0.172950126796281,3838.142907
"194","Lagunillas",0.218167872014026,3884.285881
"195","Lagunillas",0.26174265157316,3936.889811
"196","Lagunillas",0.366740755708224,3943.45452
"197","Lagunillas",0.288803690169532,3989.334513
"198","Lagunillas",0.361281512605042,3995.877907
"199","Lagunillas",0.28699545646661,4041.600089
"200","Lagunillas",0.187844749774346,4048.119723
"201","Lagunillas",0.250606060606061,4093.667218
"202","Lagunillas",0.221184711435968,4145.517156
"203","Lagunillas",0.563410977539632,4197.131732
"204","Lagunillas",0.458150758874706,4248.493354
"205","Lagunillas",0.607220444760438,4325.024433
"206","Lagunillas",0.137668300377443,4375.680483
"207","Lagunillas",0.145002307887018,4426.026542
"208","Lagunillas",0.25811029161872,4476.047608
"209","Lagunillas",0.195053916060481,4525.729259
"210","Lagunillas",0.196778970751573,4575.057647
"211","Lagunillas",0.151399322433348,4624.019499
"212","Lagunillas",0.165640690556434,4672.60212
"213","Lagunillas",0.279903005978511,4720.793392
"214","Lagunillas",0.175182072829132,4744.738641
"215","Lagunillas",0.286666666666667,4768.58177
"216","Lagunillas",0.300640415953332,4774.526436
"217","Lagunillas",0.247791087782222,4792.321424
"218","Lagunillas",0.189027276339201,4815.956288
"219","Lagunillas",0.122363659860429,4821.848479
"220","Lagunillas",0.0931726469625913,4839.485079
"221","Lagunillas",0.217325797920043,4862.906554
"222","Lagunillas",0.343201402900081,4868.745012
"223","Lagunillas",0.260168435363873,4886.219504
"224","Lagunillas",0.23728813559322,4909.422755
"225","Lagunillas",0.242253521126761,4915.206294
"226","Lagunillas",0.120137505622309,4932.515171
"227","Lagunillas",0.223587627360041,4955.495651
"228","Lagunillas",0.226891071998798,4961.223156
"229","Lagunillas",0.132195590569203,4978.363131
"230","Lagunillas",0.133228478557198,5001.116581
"231","Lagunillas",0.213336922145212,5023.755008
"232","Lagunillas",0.167269259238171,5046.277457
"233","Lagunillas",0.0667010654320299,5068.683006
"234","Lagunillas",0.172092561608485,5090.97077
"235","Lagunillas",0.130103137086377,5135.189586
"236","Lagunillas",0.17149743988981,5178.927548
"237","Lagunillas",0.182805764403556,5222.178872
"238","Lagunillas",0.276173452091102,5264.938355
"239","Lagunillas",0.213214244818505,5307.201367
"240","Lagunillas",0.173913043478261,5348.963854
"241","Lagunillas",0.113123125937031,5354.148792
"242","Lagunillas",0.308095952023988,5385.092697
"243","Lagunillas",0.457759915560427,5390.22234
"244","Lagunillas",0.444127550009903,5430.973924
"245","Lagunillas",0.160843561472852,5436.032108
"246","Lagunillas",0.264450538892868,5471.216281
"247","Lagunillas",0.161141137794617,5476.210677
"248","Lagunillas",0.145646688231409,5491.145931
"249","Lagunillas",0.26355710750873,5510.947663
"250","Lagunillas",0.232696367761551,5530.621349
"251","Lagunillas",0.244270279434657,5550.166897
"252","Lagunillas",0.139928698752228,5555.033255
"253","Lagunillas",0.463235294117647,5569.58425
"254","Lagunillas",0.382934443288241,5588.873388
"255","Lagunillas",0.356120838526014,5608.034325
"256","Lagunillas",0.217080165399493,5627.067114
"257","Lagunillas",0.348299216193593,5645.971842
"258","Lagunillas",0.332415843219289,5664.748633
"259","Lagunillas",0.223923893057411,5683.397646
"260","Lagunillas",0.154417762732583,5701.919077
"261","Lagunillas",0.201634115867693,5720.313157
"262","Lagunillas",0.284618854307623,5738.580154
"263","Lagunillas",0.175244408629943,5756.720371
"264","Lagunillas",0.398215465961666,5792.621861
"265","Lagunillas",0.40886309680823,5828.020776
"266","Lagunillas",0.251077326916767,5862.920841
"267","Lagunillas",0.224729854893486,5897.326357
"268","Lagunillas",0.196722516938915,5931.242201
"269","Lagunillas",0.12934635260764,5964.673828
"270","Lagunillas",0.403816693657811,5997.627266
"271","Lagunillas",0.160222990760337,6030.109121
"272","Lagunillas",0.183723777783184,6062.126575
"273","Lagunillas",0.28774123368718,6077.963554
"274","Lagunillas",0.480899730899731,6093.687387
"275","Lagunillas",0.389822134387352,6109.299134
"276","Lagunillas",0.487127891870975,6124.799891
"277","Lagunillas",0.550593647044197,6140.190789
"278","Lagunillas",0.564108006586395,6155.472997
"279","Lagunillas",0.538392135350502,6170.647718
"280","Lagunillas",0.142087441557472,6200.679694
"281","Lagunillas",0.116448854170523,6230.29707
"282","Lagunillas",0.177346617724174,6259.510771
"283","Lagunillas",0.155700725102731,6288.332302
"284","Lagunillas",0.204668983760572,6316.773741
"285","Lagunillas",0.150231183402002,6344.847743
"286","Lagunillas",0.148375044287693,6372.567542
"287","Lagunillas",0.26522883665081,6399.946943
"288","Lagunillas",0.312049453913456,6427.000332
"289","Lagunillas",0.334708785462152,6453.742668
"290","Lagunillas",0.32548047117173,6480.189487
"291","Lagunillas",0.355405208788011,6503.100691
"292","Lagunillas",0.357550479331361,6506.356903
"293","Lagunillas",0.449748911504661,6529.037298
"294","Lagunillas",0.274987585320493,6532.261603
"295","Lagunillas",0.223880440206971,6554.726265
"296","Lagunillas",0.188956304285268,6557.920852
"297","Lagunillas",0.258506885171276,6580.18536
"298","Lagunillas",0.153876879130456,6605.43293
"299","Lagunillas",0.230662948247759,6630.487893
"300","Lagunillas",0.156599992411621,6655.369749
"301","Lagunillas",0.240259248784024,6680.098571
"302","Lagunillas",0.20801440578512,6704.695008
"303","Lagunillas",0.427612355018554,6729.180286
"304","Lagunillas",0.285383671945822,6753.576207
"305","Lagunillas",0.211628547809314,6777.90515
"306","Lagunillas",0.367831486667479,6802.190068
"307","Lagunillas",0.170873312733778,6826.454492
"308","Lagunillas",0.45580509324243,6829.487298
"309","Lagunillas",0.560194374101704,6850.722529
"310","Lagunillas",0.282174735010019,6853.75751
"311","Lagunillas",0.312064373547912,6875.018861
"312","Lagunillas",0.293984612435999,6878.059144
"313","Lagunillas",0.301508483914387,6899.368747
"314","Lagunillas",0.326929280619377,6902.417529
"315","Lagunillas",0.434962933205376,6923.798023
"316","Lagunillas",0.689110889110889,6926.858574
"317","Lagunillas",0.518274672187716,6948.3331
"318","Lagunillas",0.388210647980929,6951.408762
"319","Lagunillas",0.441706260115909,6973.000965
"320","Lagunillas",0.7771520394065,6974.547741
"321","Lagunillas",0.607841455044612,6976.095151
"322","Lagunillas",0.51588925259138,6997.829181
"323","Lagunillas",0.3445885509839,6999.386908
"324","Lagunillas",0.419900239683876,7000.945378
"325","Lagunillas",0.452535476249508,7022.845889
"326","Lagunillas",0.31679493951896,7025.987655
"327","Lagunillas",0.252840130254826,7048.079804
"328","Lagunillas",0.465694595834152,7051.250769
"329","Lagunillas",0.47201825051686,7073.560219
"330","Lagunillas",0.383706264968045,7076.764084
"331","Lagunillas",0.356191591227447,7099.317001
"332","Lagunillas",0.289583243916048,7102.557541
"333","Lagunillas",0.215082623645306,7125.380595
"334","Lagunillas",0.290542066204031,7128.661655
"335","Lagunillas",0.433760400968267,7151.782021
"336","Lagunillas",0.730852649523827,7155.10752
"337","Lagunillas",0.675883068599664,7178.552876
"338","Lagunillas",0.248375931842386,7181.926805
"339","Lagunillas",0.285793871866295,7205.725334
"340","Lagunillas",0.285793871866295,7209.151753
"341","Lagunillas",0.253593005016385,7233.332142
"342","Lagunillas",0.77640913697669,7236.815187
"343","Lagunillas",0.868173287765947,7261.406626
"344","Lagunillas",0.825226353303795,7279.20571
"345","Lagunillas",0.811512692851435,7289.982688
"346","Lagunillas",0.811251103442741,7348.77803
"347","Lagunillas",0.175571693030698,7379.067993
"348","Lagunillas",0.822328349669632,7410.000901
"349","Lagunillas",0.176372178214609,7441.613535
"350","Lagunillas",0.502661975334968,7473.943253
"351","Lagunillas",0.408730741012472,7507.027991
"352","Lagunillas",0.13300828725355,7540.906258
"353","Lagunillas",0.210531073268696,7575.617142
"354","Lagunillas",0.502176364517904,7611.200304
"355","Lagunillas",0.489676065481373,7647.695985
"356","Lagunillas",0.270047240327692,7685.145
"357","Lagunillas",0.304635855333003,7723.588739
"358","Lagunillas",0.575717141114997,7763.069171
"359","Lagunillas",0.400087775564633,7845.310863
"360","Lagunillas",0.185000394726455,7888.158939
"361","Lagunillas",0.383233200978456,7932.217339
"362","Lagunillas",0.362145919730091,7977.530911
"363","Lagunillas",0.105233056905919,8024.14508
"364","Lagunillas",0.174863175047379,8072.105847
"365","Lagunillas",0.396280714731513,8121.459789
"366","Lagunillas",0.360662389194914,8172.254057
"367","Llaviucu",0.161611955096139,-59
"368","Llaviucu",0.164137348570825,-55
"369","Llaviucu",0.189607221273481,-51
"370","Llaviucu",0.189330896015368,-46
"371","Llaviucu",0.122191542165902,-42
"372","Llaviucu",0.448337552375882,-38
"373","Llaviucu",0.367616260337235,-35
"374","Llaviucu",0.117710188674971,-31
"375","Llaviucu",0.192188425676361,-28
"376","Llaviucu",0.109250928122099,-25
"377","Llaviucu",0.118128878102482,-21
"378","Llaviucu",0.089221791791301,-15
"379","Llaviucu",0.10538268472511,-13
"380","Llaviucu",0.165468795145912,-8
"381","Llaviucu",0.130601491378702,-6
"382","Llaviucu",0.112665778285424,3
"383","Llaviucu",0.112880729006599,9
"384","Llaviucu",0.202592407902766,11
"385","Llaviucu",0.272459133226132,16
"386","Llaviucu",0.149492792311799,24
"387","Llaviucu",0.208330688670263,35
"388","Llaviucu",0.101809193727402,45
"389","Llaviucu",0.162306225243288,46
"390","Llaviucu",0.239147112188113,54
"391","Llaviucu",0.312215775442998,63
"392","Llaviucu",0.236742792670116,71
"393","Llaviucu",0.208235086901928,78
"394","Llaviucu",0.127648846824265,85
"395","Llaviucu",0.26896775134032,88
"396","Llaviucu",0.242275242203934,93
"397","Llaviucu",0.169985736321892,104
"398","Llaviucu",0.251626982077372,114
"399","Llaviucu",0.293444663000281,115
"400","Llaviucu",0.193618331236448,121
"401","Llaviucu",0.232421488313367,126
"402","Llaviucu",0.212527211634013,127
"403","Llaviucu",0.217348207634802,144
"404","Llaviucu",0.207569712483402,166
"405","Llaviucu",0.289071498673028,180
"406","Llaviucu",0.287436040850993,200
"407","Llaviucu",0.304895660960589,218
"408","Llaviucu",0.289509007010894,251
"409","Llaviucu",0.207254671127015,262
"410","Llaviucu",0.401244631324189,317
"411","Llaviucu",0.345068644106708,385
"412","Llaviucu",0.178373097789744,445
"413","Llaviucu",0.174188869880931,456
"414","Llaviucu",0.254324712848176,501
"415","Llaviucu",0.276080733810713,540
"416","Llaviucu",0.189285240486036,587
"417","Llaviucu",0.260333058339965,632
"418","Llaviucu",0.263455112634551,724
"419","Llaviucu",0.363607241663835,787
"420","Llaviucu",0.354363836597033,914
"421","Llaviucu",0.27312462829341,1038
"422","Llaviucu",0.290160285537424,1155
"423","Llaviucu",0.239426746215193,1255
"424","Llaviucu",0.395570677681046,1349
"425","Llaviucu",0.519433875439129,1430
"426","Llaviucu",0.245749398729338,1505
"427","Llaviucu",0.277238400682003,1636
"428","Llaviucu",0.224506895916076,1690
"429","Llaviucu",0.239580731827298,1703
"430","Llaviucu",0.332403868427149,1765
"431","Llaviucu",0.28211655605055,1839
"432","Llaviucu",0.237091286932913,1908
"433","Llaviucu",0.219289785181938,1941
"434","Llaviucu",0.278486065842998,2035
"435","Llaviucu",0.200800811934322,2070
"436","Llaviucu",0.400420538175205,2127
"437","Llaviucu",0.258531028414131,2182
"438","Llaviucu",0.239952224822901,2208
"439","Llaviucu",0.255190966764413,2260
"440","Llaviucu",0.176238489694344,2285
"441","Llaviucu",0.350584851291019,2358
"442","Llaviucu",0.153919542057561,2382
"443","Llaviucu",0.152542695373977,2450
"444","Llaviucu",0.25186031100145,2488
"445","Llaviucu",0.256114816593103,2509
"446","Llaviucu",0.306348564496563,2551
"447","Llaviucu",0.221627621199509,2586
"448","Llaviucu",0.219719018870332,2613
"449","Llaviucu",0.168955481571522,2649
"450","Llaviucu",0.254078919365219,2687
"451","Llaviucu",0.191847758321747,2707
"452","Llaviucu",0.210257123115732,2735
"453","Llaviucu",0.233474655784944,2752
"454","Llaviucu",0.234439819993589,2776
"455","Llaviucu",0.169603716794265,2793
"456","Llaviucu",0.224463946439881,2820
"457","Llaviucu",0.328771775999904,2852
"458","Llaviucu",0.324242081974075,2884
"459","Llaviucu",0.235597679652582,2931
"460","Llaviucu",0.233840401849421,2961
"461","Llaviucu",0.240679630496592,2967
"462","Llaviucu",0.315305503175326,2997
"463","Llaviucu",0.387918486171761,3000
"464","Llaviucu",0.243344183360674,3016
"465","Llaviucu",0.351911172143637,3036
"466","Llaviucu",0.304351694048241,3045
"467","Llaviucu",0.329626191929581,3064
"468","Llaviucu",0.335633984300291,3083
"469","Llaviucu",0.306850333341077,3104
"470","Llaviucu",0.206351955113774,3113
"471","Llaviucu",0.213673067021637,3140
"472","Llaviucu",0.161563845852676,3162
"473","Llaviucu",0.148074835578826,3181
"474","Llaviucu",0.262187847401101,3194
"475","Llaviucu",0.281784778976837,3208
"476","Llaviucu",0.183242920690029,3227
"477","Pinan",0.225497177053786,3
"478","Pinan",0.172035076123518,5
"479","Pinan",0.210299298259923,11
"480","Pinan",0.194279715120733,16
"481","Pinan",0.188005510713207,24
"482","Pinan",0.216641512130932,34
"483","Pinan",0.258618207683775,47
"484","Pinan",0.219491829859122,60
"485","Pinan",0.260676867634451,72
"486","Pinan",0.235055568388902,89
"487","Pinan",0.213076597545493,104
"488","Pinan",0.237763353458338,114
"489","Pinan",0.258405359363732,128
"490","Pinan",0.31345170481348,153
"491","Pinan",0.257915153516012,191
"492","Pinan",0.204256898898651,236
"493","Pinan",0.276242302735214,282
"494","Pinan",0.209510774113059,328
"495","Pinan",0.328439612985169,371
"496","Pinan",0.304798517196403,415
"497","Pinan",0.25533155524841,462
"498","Pinan",0.201859144019108,506
"499","Pinan",0.225685110238004,524
"500","Pinan",0.266452294703053,542
"501","Pinan",0.173046061193168,561
"502","Pinan",0.178485721142309,579
"503","Pinan",0.239658144971071,598
"504","Pinan",0.185926553237355,616
"505","Pinan",0.205025070251804,634
"506","Pinan",0.231917771778197,654
"507","Pinan",0.326674617372292,672
"508","Pinan",0.235109315894082,691
"509","Pinan",0.277159084877117,709
"510","Pinan",0.227474988226927,728
"511","Pinan",0.369354291918243,746
"512","Pinan",0.273913393108439,764
"513","Pinan",0.482417991250689,764
"514","Pinan",0.612017311326535,764
"515","Pinan",0.155248393992011,764
"516","Pinan",0.53818016585255,764
"517","Pinan",0.23020369936783,783
"518","Pinan",0.296428225520054,802
"519","Pinan",0.256202213201241,820
"520","Pinan",0.220089741881026,839
"521","Pinan",0.243375996710989,858
"522","Pinan",0.244417740991469,876
"523","Pinan",0.329367811881913,895
"524","Pinan",0.269057760439473,920
"525","Pinan",0.34437451821853,946
"526","Pinan",0.58970479682286,946
"527","Pinan",0.711910992610148,946
"528","Pinan",0.818510786360473,1024
"529","Pinan",0.251775671618382,1077
"530","Pinan",0.243630517245711,1102
"531","Titicaca",0.666139240506329,72.9
"532","Titicaca",0.52245796449815,108.1
"533","Titicaca",0.245098002662123,144.5
"534","Titicaca",0.18766931894408,181.3
"535","Titicaca",0.314335045077919,222
"536","Titicaca",0.313673993719669,261.3
"537","Titicaca",0.325193595895292,301.7
"538","Titicaca",0.479544148794773,341.9
"539","Titicaca",0.208259502330443,390
"540","Titicaca",0.150931729251896,439.3
"541","Titicaca",0.123406304552842,488.4
"542","Titicaca",0.14224537690428,536.9
"543","Titicaca",0.234441994364817,556.5
"544","Titicaca",0.199520156912192,576.1
"545","Titicaca",0.207451531579769,595.4
"546","Titicaca",0.177500272118268,614.9
"547","Titicaca",0.213556596887991,644.1
"548","Titicaca",0.562589734988259,673.6
"549","Titicaca",0.265217427924096,703.3
"550","Titicaca",0.223725384090535,732.6
"551","Titicaca",0.119660779174204,762.2
"552","Titicaca",0.138964855992682,791.8
"553","Titicaca",0.359054846148376,821.6
"554","Titicaca",0.294699727024568,851.2
"555","Titicaca",0.202719854016831,1101.6
"556","Titicaca",0.134630034920229,1107
"557","Titicaca",0.349022828472071,1112.3
"558","Titicaca",0.299112716111784,1117.6
"559","Titicaca",0.213932211551323,1123
"560","Titicaca",0.0949518682999205,1128.3
"561","Titicaca",0.123566275055927,1155.2
"562","Titicaca",0.176335821447047,1160.4
"563","Titicaca",0.223416055854014,1171.3
"564","Titicaca",0.201827156855522,1176.7
"565","Titicaca",0.156076316296376,1181.9
"566","Titicaca",0.0905538732050405,1187.3
"567","Titicaca",0.117567377383717,1192.6
"568","Titicaca",0.149123711340206,1198
"569","Titicaca",0.158162617455346,1203.3
"570","Titicaca",0.228430971437339,1208.7
"571","Titicaca",0.185350155340022,1214
"572","Titicaca",0.133790959720244,1219.5
"573","Titicaca",0.254370133116415,1224.8
"574","Titicaca",0.228437972851473,1230
"575","Titicaca",0.17200055196425,1235.4
"576","Titicaca",0.0904769621347162,1240.9
"577","Titicaca",0.121764171192435,1246.3
"578","Titicaca",0.085816738169943,1251.6
"579","Titicaca",0.13475265039524,1256.8
"580","Titicaca",0.169511429435156,1262.2
"581","Titicaca",0.233048617576813,1267.7
"582","Titicaca",0.188066528765787,1273
"583","Titicaca",0.17389439227048,1278.3
"584","Titicaca",0.136649503144535,1283.6
"585","Titicaca",0.136436198250026,1288.9
"586","Titicaca",0.119489819949046,1294.3
"587","Titicaca",0.123247019843699,1299.5
"588","Titicaca",0.163322652206064,1304.8
"589","Titicaca",0.177992752103986,1310.1
"590","Titicaca",0.217164833025022,1315.4
"591","Titicaca",0.133440804134465,1331.2
"592","Titicaca",0.0983743152445618,1336.5
"593","Titicaca",0.132018966808086,1341.8
"594","Titicaca",0.445280810210327,1357.6
"595","Titicaca",0.0851398705232524,1362.8
"596","Titicaca",0.144966523194644,1373.2
"597","Titicaca",0.262243710269496,1389.4
"598","Titicaca",0.261244741667566,1410.1
"599","Titicaca",0.186550014581511,1415.4
"600","Titicaca",0.145210608424337,1426
"601","Titicaca",0.158147013013114,1452.4
"602","Titicaca",0.121540139526269,1478.9
"603","Titicaca",0.197530356886031,1526.1
"604","Titicaca",0.157567829360601,1536.8
"605","Titicaca",0.121742600367813,1542
"606","Titicaca",0.131700329465693,1552.4
"607","Titicaca",0.122572037586187,1573.7
"608","Titicaca",0.2027769387601,1584.2
"609","Titicaca",0.235091806394262,1594.9
"610","Titicaca",0.357454880226387,1605.4
"611","Titicaca",0.178659545441352,1626.6
"612","Titicaca",0.34852812881677,1695.3
"613","Titicaca",0.325544129975699,1717.2
"614","Titicaca",0.242904290429043,1739.5
"615","Titicaca",0.291728395061728,1750.4
"616","Titicaca",0.257241544406826,1783.4
"617","Titicaca",0.17078868601001,1794.5
"618","Titicaca",0.118091422720046,1816.6
"619","Titicaca",0.215374749959324,1838.8
"620","Titicaca",0.179732784053291,1849.9
"621","Titicaca",0.289844107962961,1872
"622","Titicaca",0.230154525210435,1883
"623","Titicaca",0.215350476439107,1894.1
"624","Titicaca",0.142245810630205,1916.2
"625","Titicaca",0.140842086145836,1927.3
"626","Titicaca",0.142721683540819,1938.3
"627","Titicaca",0.244426011689439,1949.3
"628","Titicaca",0.310281406448912,1993.6
"629","Titicaca",0.299297058712574,2015.8
"630","Titicaca",0.37081434618078,2026.7
"631","Titicaca",0.184189848147048,2037.6
"632","Titicaca",0.0659803788773003,2048.7
"633","Titicaca",0.165835714152335,2070.6
"634","Titicaca",0.270394047015052,2115.2
"635","Titicaca",0.281745091130401,2126.3
"636","Titicaca",0.279445766388006,2137.5
"637","Titicaca",0.326011943950282,2159.8
"638","Titicaca",0.25870880757533,2181.8
"639","Titicaca",0.271287704824347,2193
"640","Titicaca",0.061011106281569,2226.3
"641","Titicaca",0.11586100007443,2237.4
"642","Titicaca",0.0745743367628344,2259.6
"643","Titicaca",0.0986152400609972,2270.8
"644","Titicaca",0.212159127366057,2281.9
"645","Titicaca",0.112342079689019,2292.9
"646","Titicaca",0.247727628898292,2315
"647","Titicaca",0.224954910641089,2326.2
"648","Titicaca",0.117837685986897,2337.2
"649","Titicaca",0.234469120432401,2348.2
"650","Titicaca",0.232076405171116,2359.3
"651","Titicaca",0.18297038629586,2370.4
"652","Titicaca",0.211978569350063,2381.5
"653","Titicaca",0.339834386576596,2392.4
"654","Titicaca",0.23921028466483,2403.6
"655","Titicaca",0.292003678840649,2414.8
"656","Titicaca",0.336325453018121,2437
"657","Titicaca",0.202110583240675,2448.1
"658","Titicaca",0.165740960035449,2470.1
"659","Titicaca",0.138386448463968,2481.3
"660","Titicaca",0.175951862226372,2492.3
"661","Titicaca",0.229458169822551,2503.5
"662","Titicaca",0.0913235956843306,2514.3
"663","Titicaca",0.17107145477221,2525.6
"664","Titicaca",0.205422121513904,2536.6
"665","Titicaca",0.130873664853868,2547.7
"666","Titicaca",0.161876722411462,2558.6
"667","Titicaca",0.276039982695417,2569.6
"668","Titicaca",0.297093502320811,2580.4
"669","Titicaca",0.203918754244594,2602.6
"670","Titicaca",0.125605278310035,2613.5
"671","Titicaca",0.145941066803891,2624.4
"672","Titicaca",0.11039055404178,2657.3
"673","Titicaca",0.182204724409449,2679.2
"674","Titicaca",0.145125349315927,2690.2
"675","Titicaca",0.136192296698585,2701.3
"676","Titicaca",0.10768968456948,2712.3
"677","Titicaca",0.0806113941639648,2723.1
"678","Titicaca",0.160470447523174,2734.1
"679","Titicaca",0.117992766726944,2756.3
"680","Titicaca",0.143502824858757,2778.1
"681","Titicaca",0.180898318504502,2800.1
"682","Titicaca",0.106502948296666,2811.1
"683","Titicaca",0.128804439213049,2833.2
"684","Titicaca",0.147664341576834,2855.1
"685","Titicaca",0.136989221401496,2887.9
"686","Titicaca",0.159156836201895,2899
"687","Titicaca",0.288147706968434,2921.1
"688","Titicaca",0.194037732859802,2954
"689","Titicaca",0.245977100045261,2976.2
"690","Titicaca",0.179751159284774,2998.3
"691","Titicaca",0.178352322524102,3009.1
"692","Titicaca",0.153439153439153,3206
"693","Titicaca",0.175131219043395,3417.8
"694","Titicaca",0.121102959204843,3488.4
"695","Titicaca",0.164134576266738,3630.2
"696","Titicaca",0.155871952978751,3718.5
"697","Titicaca",0.155313325738704,3895.2
"698","Titicaca",0.0552970598494747,3983.3
"699","Titicaca",0.105244598625711,4071.8
"700","Titicaca",0.0899777153937429,4177.8
"701","Triumfo",0.312207194979801,25
"702","Triumfo",0.511204019310593,43.2
"703","Triumfo",0.318679606997364,79.7
"704","Triumfo",0.138155048911642,117.5
"705","Triumfo",0.391987618310614,126.6
"706","Triumfo",0.388115213812013,135.4
"707","Triumfo",0.113723953230126,205.5
"708","Triumfo",0.0750700743912103,220.2
"709","Triumfo",0.245416113252778,242.1
"710","Triumfo",0.267934526973807,301.5
"711","Triumfo",0.184643174233842,316
"712","Triumfo",0.208058162590879,335
"713","Triumfo",0.986348122866894,402.3
"714","Triumfo",0.918725974739154,441.5
"715","Triumfo",0.459676468186643,485
"716","Triumfo",0.462027724925251,491.5
"717","Triumfo",0.89553540829361,504.8
"718","Triumfo",0.694770493930564,517.9
"719","Triumfo",0.671529370834647,532.8
"720","Triumfo",0.6463793460503,570.2
"721","Triumfo",0.735275347967211,581.6
"722","Triumfo",0.709672814480671,592.8
"723","Triumfo",0.463553188720608,598.3
"724","Triumfo",0.801063885241385,603.5
"725","Triumfo",0.363274196784271,614.1
"726","Triumfo",0.578071883560514,622.9
"727","Triumfo",0.538851878838347,632.4
"728","Triumfo",0.320510917230038,641.6
"729","Triumfo",0.217851644945354,646.2
"730","Triumfo",0.2746019630686,650.8
"731","Triumfo",0.839076345730431,678.8
"732","Triumfo",0.608493140715404,692.3
"733","Triumfo",0.371727974470654,721.1
"734","Triumfo",0.468055607599206,728.2
"735","Triumfo",0.602720114531138,735
"736","Triumfo",0.824238278166605,748.4
"737","Triumfo",0.923154214058921,762.3
"738","Triumfo",0.776473203459704,801.7
"739","Triumfo",0.690081046233192,842.7
"740","Triumfo",0.901838052657725,892.7
"741","Triumfo",0.858262310606061,985.3
"742","Triumfo",0.79983428030303,1039.7
"743","Triumfo",0.725745160907255,1048
"744","Triumfo",0.644139650872818,1086.7
"745","Triumfo",0.663688776938147,1129.9
"746","Triumfo",0.480515050316036,1157.1
"747","Triumfo",0.534808154262523,1183.5
"748","Triumfo",0.629931966365606,1208.7
"749","Triumfo",0.857516725252296,1221.8
"750","Triumfo",0.645199908698346,1233.7
"751","Triumfo",0.356997872525182,1258.6
"752","Triumfo",0.394894788593904,1283.7
"753","Triumfo",0.151299887991511,1308.5
"754","Triumfo",0.44720900736725,1346
"755","Triumfo",0.533252334716488,1383.3
"756","Triumfo",0.426598328373884,1407.9
"757","Triumfo",0.807286911776911,1430.9
"758","Triumfo",0.820767543124481,1467.6
"759","Triumfo",0.876228364456847,1505.6
"760","Triumfo",0.219040933944141,1532
"761","Triumfo",0.923630744953646,1545.7
"762","Triumfo",0.475679571245864,1663.1
"763","Triumfo",0.811557422772113,1693.8
"764","Triumfo",0.578869361417546,1722.5
"765","Triumfo",0.820184785585922,1815.4
"766","Triumfo",0.677171231501105,1839.7
"767","Triumfo",0.597572017840974,1852.2
"768","Triumfo",1,1894.6
"769","Triumfo",1,1912.5
"770","Triumfo",0.815464287648346,1925.2
"771","Triumfo",0.518013304465973,1936.9
"772","Triumfo",0.865997800989555,1972.6
"773","Triumfo",0.583756959573953,1984.8
"774","Triumfo",0.708039472387629,1997.2
"775","Triumfo",0.754407591458325,2022.1
"776","Triumfo",0.678029035227178,2046.7
"777","Triumfo",0.396850440581091,2059
"778","Triumfo",0.756515883704349,2094.9
"779","Triumfo",0.773615434400715,2106.9
"780","Triumfo",0.781419862989471,2118.9
"781","Triumfo",0.724468776353808,2167.4
"782","Triumfo",0.577648667122352,2180.3
"783","Triumfo",0.834192672998643,2205.9
"784","Triumfo",0.910118014578271,2230.7
"785","Triumfo",0.694841195937137,2255.1
"786","Triumfo",0.71052137839021,2267
"787","Triumfo",0.945079554664505,2290.9
"788","Triumfo",0.74327405380757,2327.9
"789","Triumfo",0.63777000895104,2352.8
"790","Triumfo",0.904645739359907,2377.7
"791","Triumfo",0.863188870301906,2414.1
"792","Triumfo",0.918804473482536,2536.5
"793","Triumfo",0.45729284164859,2661.1
"794","Triumfo",0.763367088607595,2720.7
"795","Triumfo",0.283688299511084,2781.4
"796","Triumfo",0.282318565900655,2841.1
"797","Triumfo",0.625824793085265,2900.7
"798","Triumfo",0.295147504824924,2960.3
"799","Triumfo",0.613057567256041,3018.1
"800","Triumfo",0.3472462764115,3075.5
"801","Triumfo",0.477828827866225,3131.6
"802","Triumfo",0.561498793065613,3240
"803","Triumfo",0.53494623655914,3269.6
"804","Triumfo",0.471428571428571,3297.5
"805","Triumfo",0.841025641025641,3354.1
"806","Triumfo",0.665050930804355,3410.6
"807","Triumfo",0.673680741891447,3467.6
"808","Triumfo",0.886383161512028,3525.5
"809","Umayo",0.133625036850843,184.2598657
"810","Umayo",0.529014485026215,240.7045038
"811","Umayo",0.388711640720098,296.4281433
"812","Umayo",0.250597035223718,351.4379434
"813","Umayo",0.225532323634689,405.7410201
"814","Umayo",0.174265906957003,459.3444462
"815","Umayo",0.103172298060477,512.2552516
"816","Umayo",0.24606488917443,564.4804231
"817","Umayo",0.199590572889341,616.0269049
"818","Umayo",0.28094066144682,666.9015984
"819","Umayo",0.23646425174178,717.1113626
"820","Umayo",0.150670921289478,766.663014
"821","Umayo",0.15589275433835,815.5633268
"822","Umayo",0.112309699334178,863.819033
"823","Umayo",0.261376964924586,911.4368226
"824","Umayo",0.183644691247363,958.4233437
"825","Umayo",0.12191228664681,1004.785202
"826","Umayo",0.154055048791891,1050.528963
"827","Umayo",0.196772311880226,1095.661149
"828","Umayo",0.159359459084265,1140.188242
"829","Umayo",0.196171474791049,1184.116682
"830","Umayo",0.266501115669762,1227.452867
"831","Umayo",0.101117103235747,1270.203156
"832","Umayo",0.180181743924852,1312.373865
"833","Umayo",0.173177558719727,1353.971271
"834","Umayo",0.228967879486911,1395.001609
"835","Umayo",0.171011433405784,1435.471073
"836","Umayo",0.168342384943115,1475.385818
"837","Umayo",0.126140899773438,1514.751957
"838","Umayo",0.241565871199738,1553.575564
"839","Umayo",0.133309708697974,1591.862673
"840","Umayo",0.248428557571054,1629.619276
"841","Umayo",0.236475808916383,1666.851328
"842","Umayo",0.267133032050017,1703.564742
"843","Umayo",0.42197496007389,1739.765392
"844","Umayo",0.17960088691796,1775.459113
"845","Umayo",0.170351380722824,1810.6517
"846","Umayo",0.368039158183704,1845.348908
"847","Umayo",0.118332749075451,1879.556455
"848","Umayo",0.131344174822436,1913.280018
"849","Umayo",0.203378378378378,1946.525236
"850","Umayo",0.125979305247598,1979.297709
"851","Umayo",0.195074683304972,2011.602997
"852","Umayo",0.281980021499174,2043.446624
"853","Umayo",0.107808291091853,2074.834074
"854","Umayo",0.229262379325187,2105.770792
"855","Umayo",0.288231622413214,2136.262187
"856","Umayo",0.154289883490276,2166.313628
"857","Umayo",0.341345858660281,2195.930446
"858","Umayo",0.352874124735385,2225.117935
"859","Umayo",0.0915458937198068,2253.881351
"860","Umayo",0.257642000726656,2282.225914
"861","Umayo",0.325740113673051,2310.156802
"862","Umayo",0.411278272588773,2337.679162
"863","Umayo",0.280128684678185,2364.798097
"864","Umayo",0.16594944253367,2391.518678
"865","Umayo",0.513289503451775,2417.845938
"866","Umayo",0.381332280694465,2443.78487
"867","Umayo",0.402709758298376,2469.340435
"868","Umayo",0.313853557923685,2494.517553
"869","Umayo",0.623062419702,2519.32111
"870","Umayo",0.203539118831638,2543.755955
"871","Umayo",0.0759144556408122,2567.826901
"872","Umayo",0.0781548539714312,2591.538725
"873","Umayo",0.233257359857118,2614.896166
"874","Umayo",0.253430803913415,2637.90393
"875","Umayo",0.202622092524247,2660.566684
"876","Umayo",0.205913850547358,2682.889063
"877","Umayo",0.195885024744085,2704.875664
"878","Umayo",0.280536912751678,2726.531049
"879","Umayo",0.261677659394554,2747.859744
"880","Umayo",0.164764079147641,2768.866242
"881","Umayo",0.142887205387205,2789.554998
"882","Umayo",0.456105449965651,2809.930434
"883","Umayo",0.346677546386632,2829.996938
"884","Umayo",0.332074923769421,2849.75886
"885","Umayo",0.377021012900682,2869.220519
"886","Umayo",0.475936617640861,2888.386196
"887","Umayo",0.132903225806452,2907.260141
"888","Umayo",0.399531530740551,2925.846569
"889","Umayo",0.131404699168567,2944.149658
"890","Umayo",0.120127618254959,2962.173556
"891","Umayo",0.289769525657013,2979.922374
"892","Umayo",0.341810138689622,2997.400192
"893","Umayo",0.392172193063062,3014.611053
"894","Umayo",0.465509400312105,3031.558971
"895","Umayo",0.22580279944464,3048.247921
"896","Umayo",0.185629081753088,3064.68185
"897","Umayo",0.210704284884028,3080.864669
"898","Umayo",0.259290775499517,3096.800256
"899","Umayo",0.192231548938866,3112.492457
"900","Umayo",0.153054749818709,3127.945085
"901","Umayo",0.372080457233312,3143.161919
"902","Umayo",0.205401763569192,3158.146709
"903","Umayo",0.0993737699051709,3172.903168
"904","Umayo",0.208507328256776,3187.434979
"905","Umayo",0.29063088512241,3201.745794
"906","Umayo",0.562416666666667,3215.83923
"907","Umayo",0.226490039840637,3229.718876
"908","Umayo",0.110785004969461,3243.388284
"909","Umayo",0.112986328859902,3256.850979
"910","Umayo",0.25875608842263,3270.110451
"911","Umayo",0.299322070022707,3283.170162
"912","Umayo",0.291727030905343,3296.033539
"913","Umayo",0.295915157506853,3308.70398
"914","Umayo",0.451391896964972,3345.591196
"915","Umayo",0.523524135151649,3357.523247
"916","Umayo",0.127002535944376,3369.278886
"917","Umayo",0.26210192962096,3380.861324
"918","Umayo",0.145147787616027,3392.273744
"919","Umayo",0.228070175438596,3403.519298
"920","Umayo",0.120641084208923,3414.601107
"921","Umayo",0.18635206600689,3425.522264
"922","Umayo",0.391578902303279,3446.894837
"923","Umayo",0.318807550785977,3457.352289
"924","Umayo",0.303989139515455,3467.661156
"925","Umayo",0.177262416427889,3477.824384
"926","Umayo",0.370707448985813,3487.844886
"927","Umayo",0.237107433231599,3497.725547
"928","Umayo",0.24861102942618,3507.469223
"929","Umayo",0.216804700954557,3517.078741
"930","Umayo",0.242806442806443,3526.556899
"931","Umayo",0.301288672717244,3535.906467
"932","Umayo",0.203848882519243,3545.130185
"933","Umayo",0.0807220852711209,3554.230765
"934","Umayo",0.18879093844498,3563.210892
"935","Umayo",0.127908794973489,3572.073222
"936","Umayo",0.225216804278964,3580.820382
"937","Umayo",0.241104369675798,3589.454972
"938","Umayo",0.160664006625009,3597.979563
"939","Umayo",0.159177098365607,3606.3967
"940","Umayo",0.151922551667628,3614.7089
"941","Umayo",0.265800611182856,3622.918651
"942","Umayo",0.17005076142132,3631.028415
"943","Umayo",0.125383162902474,3639.040627
"944","Umayo",0.177053140096618,3646.957693
"945","Umayo",0.217625458996328,3654.781993
"946","Umayo",0.328520600216573,3662.515882
"947","Umayo",0.363690312417391,3670.161685
"948","Umayo",0.245679059037101,3677.721702
"949","Umayo",0.292393143039813,3685.198208
"950","Umayo",0.219932466468854,3692.593447
"951","Umayo",0.263488852732949,3699.909642
"952","Umayo",0.210397426585037,3707.148987
"953","Umayo",0.19685195431535,3714.313649
"954","Umayo",0.231437427912341,3721.405772
"955","Umayo",0.305646929824561,3728.427472
"956","Umayo",0.317384370015949,3735.38084
"957","Umayo",0.16710205503309,3742.267942
"958","Umayo",0.239787798408488,3749.090816
"959","Umayo",0.119495447081654,3755.851478
"960","Umayo",0.235764235764236,3762.551917
"961","Umayo",0.0851648351648352,3769.194098
"962","Umayo",0.179009487096047,3775.779959
"963","Umayo",0.24223125864788,3782.311415
"964","Umayo",0.476771305443584,3788.790355
"965","Umayo",0.394078685190529,3795.218646
"966","Umayo",0.317655613728912,3801.598126
"967","Umayo",0.388072986203827,3807.930614
"968","Umayo",0.405847737592216,3814.217899
"969","Umayo",0.154844244906594,3820.461751
"970","Umayo",0.161273233273591,3826.663913
"971","Umayo",0.0989313986637805,3832.826105
"972","Umayo",0.59890288124008,3838.950023
"973","Umayo",0.269291630144555,3845.03734
"974","Umayo",0.531974932135795,3851.089704
"975","Umayo",0.485402464194134,3857.108741
"976","Umayo",0.102545807935737,3863.096054
"977","Umayo",0.4016783103544,3869.053221
"978","Umayo",0.622208217009042,3874.981798
"979","Umayo",0.170086690802803,3880.88332
"980","Umayo",0.269133207953793,3892.611211
"981","Umayo",0.460964363348923,3898.440535
"982","Umayo",0.339181286549708,3904.248707
"983","Umayo",0.125678040244969,3910.037149
"984","Umayo",0.16058409365496,3915.807258
"985","Umayo",0.220965940815187,3921.560411
"986","Umayo",0.285542813075277,3927.297961
"987","Umayo",0.160089749982192,3933.021241
"988","Umayo",0.286027693973853,3938.731561
"989","Umayo",0.215510822875432,3944.43021
"990","Umayo",0.230489587367422,3950.118455
"991","Umayo",0.164300310080388,3955.797542
"992","Umayo",0.414185443263313,3961.468696
"993","Umayo",0.361408704609838,3967.133121
"994","Umayo",0.209142614713564,3972.791999
"995","Umayo",0.593357179356157,3978.446492
"996","Umayo",0.323025525629167,3984.097741
"997","Umayo",0.798891954968823,3989.746866
"998","Umayo",0.22783925365667,3995.394966
"999","Umayo",0.473279955148308,4001.043123
"1000","Umayo",0.341745900956366,4006.692393
"1001","Umayo",0.4894410975689,4012.343817
"1002","Umayo",0.392399866234467,4017.998414
"1003","Umayo",0.628628985223973,4023.657181
"1004","Umayo",0.193614686838405,4029.321099
"1005","Umayo",0.376382068033341,4034.991127
"1006","Umayo",0.51128736685374,4040.668205
"1007","Umayo",0.687888074616922,4046.353253
"1008","Umayo",0.270311002412665,4052.047173
"1009","Umayo",0.574396111466903,4057.750847
"1010","Umayo",0.520859903933401,4063.465136
"1011","Umayo",0.433113539878963,4069.190887
"1012","Umayo",0.246190391774508,4074.928922
"1013","Umayo",0.595750269219657,4080.68005
"1014","Umayo",0.581835383159887,4086.445057
"1015","Umayo",0.647237247864112,4092.224713
"1016","Umayo",0.636156883390366,4103.830958
"1017","Umayo",0.464899248187662,4115.504573
"1018","Umayo",0.255422276247487,4121.368375
"1019","Umayo",0.139561298697467,4127.251061
"1020","Umayo",0.141938266198186,4133.153273
"1021","Umayo",0.204274861288946,4139.075638
"1022","Umayo",0.267324937027708,4145.018764
"1023","Umayo",0.136658547924864,4150.983242
"1024","Umayo",0.183301546937911,4156.969646
"1025","Umayo",0.217151702040521,4162.978534
"1026","Umayo",0.100281704311082,4169.010444
"1027","Umayo",0.0869850450522821,4175.065901
"1028","Umayo",0.116395640263449,4181.145411
"1029","Umayo",0.216341689879294,4187.249464
"1030","Umayo",0.225634393461692,4193.378534
"1031","Umayo",0.237789987789988,4199.533077
"1032","Umayo",0.383734783734784,4205.713536
"1033","Umayo",0.40084354897439,4211.920334
"1034","Umayo",0.0902193023040622,4218.153881
"1035","Umayo",0.210505336247911,4224.414571
"1036","Umayo",0.236635063050157,4230.70278
"1037","Umayo",0.326502910970105,4237.018871
"1038","Umayo",0.156567520543509,4243.36319
"1039","Umayo",0.186633522034913,4249.736068
"1040","Umayo",0.0652933950675612,4256.137822
"1041","Umayo",0.23866288553718,4262.568751
"1042","Umayo",0.471591081450023,4269.029142
"1043","Umayo",0.179662471395881,4275.519266
"1044","Umayo",0.385869565217391,4282.039378
"1045","Umayo",0.177416618188869,4288.589721
"1046","Umayo",0.0767615619546248,4295.17052
"1047","Umayo",0.060728669451074,4301.78199
"1048","Umayo",0.123237737522334,4308.424328
"1049","Umayo",0.125967456883418,4315.097719
"1050","Umayo",0.171576120116493,4321.802332
"1051","Umayo",0.107624394571873,4328.538324
"1052","Umayo",0.115583695350772,4342.105002
"1053","Umayo",0.0983696127283853,4348.935932
"1054","Umayo",0.164213523466638,4355.798729
"1055","Umayo",0.132576489469513,4362.693482
"1056","Umayo",0.198599563722179,4369.620267
"1057","Umayo",0.0649887263384196,4376.579146
"1058","Umayo",0.383924032360306,4383.570167
"1059","Umayo",0.223361695403016,4390.593369
"1060","Umayo",0.210031693537274,4397.648773
"1061","Umayo",0.463840242890903,4404.736393
"1062","Umayo",0.313528597034382,4411.856226
"1063","Umayo",0.0994542146755609,4419.008259
"1064","Umayo",0.356986979556598,4426.192466
"1065","Umayo",0.318664279867706,4433.40881
"1066","Umayo",0.123465528458772,4440.65724
"1067","Umayo",0.143021621578701,4447.937695
"1068","Umayo",0.30506626262489,4455.250102
"1069","Umayo",0.173247535596933,4462.594375
"1070","Umayo",0.131955093099671,4469.970417
"1071","Umayo",0.121922348484849,4477.378121
"1072","Umayo",0.17172181372549,4484.817368
"1073","Umayo",0.153540929265689,4492.288027
"1074","Umayo",0.120343839541547,4499.789956
"1075","Umayo",0.167137040308508,4507.323005
"1076","Umayo",0.114670237236928,4514.887008
"1077","Umayo",0.0886183771414042,4522.481794
"1078","Umayo",0.0775033431245928,4530.107177
"1079","Umayo",0.143993937097385,4537.762963
"1080","Umayo",0.0878112432617439,4545.448947
"1081","Umayo",0.114362519201229,4553.164913
"1082","Umayo",0.102765321375187,4560.910638
"1083","Umayo",0.0959052076855095,4568.685884
"1084","Umayo",0.0749096807490968,4576.490408
"1085","Umayo",0.180843871788754,4584.323955
"1086","Umayo",0.117555376836803,4592.186261
"1087","Umayo",0.138822908419108,4600.077052
"1088","Umayo",0.143773694954797,4607.996044
"1089","Umayo",0.130981692303942,4615.942947
"1090","Umayo",0.265206062259548,4623.917457
"1091","Umayo",0.216318465505193,4631.919266
"1092","Umayo",0.182435511803846,4639.948054
"1093","Umayo",0.280887334110722,4648.003493
"1094","Umayo",0.314465273597615,4656.085247
"1095","Umayo",0.105374064837905,4664.19297
"1096","Umayo",0.372944162436548,4672.326309
"1097","Umayo",0.142150873524707,4680.484904
"1098","Umayo",0.190127442241442,4688.668383
"1099","Umayo",0.216370087186116,4696.876369
"1100","Umayo",0.137291127807201,4705.108477
"1101","Umayo",0.076382727003845,4713.364313
"1102","Umayo",0.200709849157054,4721.643476
"1103","Umayo",0.324348367582955,4738.270141
"1104","Umayo",0.217916991605824,4746.616804
"1105","Umayo",0.198959129106188,4763.374639
"1106","Umayo",0.133017676767677,4771.784928
"1107","Umayo",0.104166666666667,4780.215534
"1108","Umayo",0.120561677379859,4788.665996
"1109","Umayo",0.115751924842834,4797.135852
"1110","Umayo",0.0952066892085358,4805.62463
"1111","Umayo",0.13974012717181,4814.131853
"1112","Umayo",0.0618633434702167,4822.657037
"1113","Umayo",0.120953575909661,4831.199693
"1114","Umayo",0.0942785535266739,4839.759325
"1115","Umayo",0.379475872847534,4848.335432
"1116","Umayo",0.251312040785725,4856.927506
"1117","Umayo",0.681194801464781,4865.535036
"1118","Umayo",0.548418314445273,4874.157502
"1119","Umayo",0.233333333333333,4882.794382
"1120","Umayo",0.329511278195489,4891.445146
"1121","Umayo",0.278133943316682,4900.10926
"1122","Umayo",0.182237638034441,4908.786186
"1123","Umayo",0.244800600343053,4917.47538
"1124","Umayo",0.306118881118881,4926.176293
"1125","Umayo",0.202070393374741,4934.888372
"1126","Umayo",0.215761628207559,4943.611058
"1127","Umayo",0.263841007988569,4952.343791
"1128","Umayo",0.176090113205419,4969.837125
"1129","Umayo",0.221312204230431,4987.363792
"1130","Umayo",0.236562497676459,5004.91915
"1131","Umayo",0.238195225418879,5022.498494
"1132","Umayo",0.291617145200414,5040.097069
"1133","Umayo",0.140783094198937,5057.710065
"1134","Umayo",0.224741389109924,5075.332627
"1135","Umayo",0.176294509859554,5092.959855
"1136","Umayo",0.219831783350503,5110.586811
"1137","Umayo",0.195220219867064,5128.208518
"1138","Umayo",0.354184594264285,5145.819972
"1139","Umayo",0.243551476812046,5163.416136
"1140","Umayo",0.22176983797258,5180.991951
"1141","Umayo",0.140984375458037,5198.542339
"1142","Umayo",0.107802192289362,5216.062203
"1143","Umayo",0.172117850227641,5233.546434
"1144","Umayo",0.103154459753444,5250.989915
"1145","Umayo",0.185503549245785,5268.387522
"1146","Umayo",0.280913578778326,5285.734134
"1147","Umayo",0.383981930262105,5303.024627
"1148","Umayo",0.532722805450078,5320.253889
"1149","Umayo",0.633838383838384,5337.416815
"1150","Umayo",0.52471480301669,5354.508314
"1151","Umayo",0.610314417038814,5371.523317
"1152","Umayo",0.663887511510944,5388.456771
"1153","Umayo",0.27730487951085,5405.303655
"1154","Umayo",0.305402160864346,5422.058973
"1155","Umayo",0.110232762406675,5430.400743
"1156","Umayo",0.266036184210526,5438.717765
"1157","Umayo",0.715004406580494,5447.009423
"1158","Umayo",0.686227487469723,5463.514206
"1159","Umayo",0.311326276146369,5479.910234
"1160","Umayo",0.298702845009492,5496.192691
"1161","Umayo",0.237385553917376,5512.356817
"1162","Umayo",0.193571638324568,5528.397903
"1163","Umayo",0.167462444853968,5544.3113
"1164","Umayo",0.124570071756552,5560.092422
"1165","Umayo",0.13036556938996,5575.736748
"1166","Umayo",0.211436815528887,5591.239826
"1167","Umayo",0.197781193883659,5606.597282
"1168","Umayo",0.0910643853119271,5621.804816
"1169","Umayo",0.331046487200264,5636.858211
"1170","Umayo",0.56788682581786,5651.753335
"1171","Umayo",0.289189189189189,5666.486146
"1172","Umayo",0.114043455219926,5681.052694
"1173","Umayo",0.113874837404249,5695.449128
"1174","Umayo",0.0952649619316285,5709.671697
"1175","Umayo",0.188577790876641,5723.716753
"1176","Umayo",0.183964183964184,5737.580758
"1177","Umayo",0.16228931435117,5751.260288
"1178","Umayo",0.199377553005252,5764.752033
"1179","Umayo",0.192966928132287,5778.052804
"1180","Umayo",0.487794479666635,5791.159535
"1181","Umayo",0.181362256919932,5804.069289
"1182","Umayo",0.440203416620375,5816.779261
"1183","Umayo",0.65910119338095,5823.058488
"1184","Umayo",0.123688702175837,5829.28678
"1185","Umayo",0.51251170285263,5841.589315
"1186","Umayo",0.336010175324837,5853.684479
"1187","Umayo",0.317639395518499,5865.570032
"1188","Umayo",0.184304176812137,5871.433545
"1189","Umayo",0.242727062958164,5877.243884
"1190","Umayo",0.154121863799283,5888.704099
"1191","Umayo",0.198753396473744,5899.948902
"1192","Umayo",0.208525395485728,5910.976679
"1193","Umayo",0.145055647265563,5916.408724
"1194","Umayo",0.160303448871239,5921.785983
"1195","Umayo",0.148013885357099,5932.375536
"1196","Umayo",0.196254494814076,5942.744236
"1197","Umayo",0.271280787351408,5955.393141
"1198","Umayo",0.242144433147276,5960.355349
"1199","Umayo",0.450820719750224,5970.112477
"1200","Umayo",0.164299115518628,5979.64623
"1201","Umayo",0.16794674859191,5988.956384
"1202","Umayo",0.209314969191736,5998.04291
"1203","Umayo",0.200552418285433,6006.905981
"1204","Umayo",0.244880335553911,6015.545973
"1205","Umayo",0.191315526656892,6023.963468
"1206","Umayo",0.269820510972206,6032.159264
"1207","Umayo",0.450377909015241,6040.134369
"1208","Umayo",0.100116243001137,6047.890015
"1209","Umayo",0.11979789921553,6055.427653
"1210","Umayo",0.184542965560305,6062.748964
"1211","Umayo",0.18256122070175,6069.855859
"1212","Umayo",0.202052275136855,6076.750483
"1213","Umayo",0.202628050415661,6083.435219
"1214","Umayo",0.701625781625782,6089.912695
"1215","Umayo",0.756724033753995,6096.185782
"1216","Umayo",0.135702521403842,6102.257603
"1217","Umayo",0.132434906545846,6108.131534
"1218","Umayo",0.0995139482133914,6113.811209
"1219","Umayo",0.117767271618118,6119.300525
"1220","Umayo",0.181066948595594,6124.603642
"1221","Umayo",0.188910080757113,6129.724991
"1222","Umayo",0.185029207988045,6134.669275
"1223","Umayo",0.144765989536692,6139.441475
"1224","Umayo",0.189732142857143,6144.046852
"1225","Umayo",0.158102448453608,6148.490953
"1226","Umayo",0.155403577130178,6152.779613
"1227","Umayo",0.115545065682911,6156.918957
"1228","Umayo",0.334636815745128,6160.915411
"1229","Umayo",0.394809255784865,6164.775697
"1230","Umayo",0.164643902439024,6168.506842
"1231","Umayo",0.102774025974026,6172.116183
"1232","Umayo",0.475511495465092,6175.611365
"1233","Umayo",0.58170284002467,6181.477369
"1234","Umayo",0.176764072178831,6184.700634
"1235","Umayo",0.458586626139818,6189.383434
"1236","Umayo",0.103792057363486,6192.417412
"1237","Umayo",0.233446374130785,6195.392325
"1238","Umayo",0.179665125553481,6198.318194
"1239","Umayo",0.356361502891066,6201.205384
"1240","Umayo",0.237533586217797,6204.064608
"1241","Umayo",0.136046133853151,6206.906928
"1242","Umayo",0.111498302072424,6209.743762
"1243","Umayo",0.12310545201371,6212.586888
"1244","Umayo",0.191671225382932,6215.448445
"1245","Umayo",0.217781872624669,6218.34094
"1246","Umayo",0.190571336326366,6221.277248
"1247","Umayo",0.179921737213404,6224.27062
"1248","Umayo",0.257848324514991,6227.334685
"1249","Umayo",0.288888888888889,6230.483454
"1250","Umayo",0.113144517066086,6233.731322
"1251","Umayo",0.389076095812286,6237.093077
"1252","Umayo",0.395034423977016,6240.583896
"1253","Umayo",0.240564178286753,6244.219358
"1254","Umayo",0.281850550127255,6248.01544
"1255","Umayo",0.232516977315417,6251.988524
"1256","Umayo",0.301271354787445,6255.094581
"1257","Umayo",0.183125675417965,6259.418074
"1258","Umayo",0.263185065628635,6263.965741
"1259","Umayo",0.224543522819158,6268.75552
"1260","Umayo",0.251593085193294,6273.80577
"1261","Umayo",0.266982594128766,6276.434425
"1262","Umayo",0.285695171833786,6281.910739
"1263","Umayo",0.132772277227723,6287.695299
"1264","Umayo",0.212203087885986,6293.807975
"1265","Umayo",0.654528338352005,6300.269079
"1266","Umayo",0.591181650596547,6307.099368
"1267","Umayo",0.380802990129604,6314.320045
"1268","Umayo",0.250879652537248,6321.952768
"1269","Umayo",0.455966148318644,6330.019649
"1270","Umayo",0.366613038162044,6338.54326
"1271","Umayo",0.208012254035584,6347.546637
"1272","Umayo",0.182802782382025,6357.053285
"1273","Umayo",0.194260335972064,6367.087178
"1274","Umayo",0.287768321375665,6377.672766
"1275","Umayo",0.226191278106349,6388.83498
"1276","Umayo",0.160464795067307,6400.599231
"1277","Umayo",0.260760950599683,6412.991419
"1278","Umayo",0.15321352234479,6426.037934
"1279","Umayo",0.471639939261509,6439.76566
"1280","Umayo",0.385955859002858,6454.201979
"1281","Umayo",0.268174892528704,6469.374778
"1282","Umayo",0.215774618024727,6485.312447
"1283","Umayo",0.340523441755234,6502.043886
"1284","Umayo",0.416079128363877,6538.006254
"1285","Umayo",0.310848895908824,6557.297568
"1286","Umayo",0.29413864104324,6577.503433
"1287","Umayo",0.233673151112206,6598.655357
"1288","Umayo",0.159664202280059,6620.78538
"1289","Umayo",0.104164864007384,6643.926082
"1290","Yahuarcocha",0.288519640123388,-68
"1291","Yahuarcocha",0.142979026733656,-64
"1292","Yahuarcocha",0.300161321586454,-62
"1293","Yahuarcocha",0.163807601749075,-59
"1294","Yahuarcocha",0.318768529076397,-57
"1295","Yahuarcocha",0.398924439133033,-54
"1296","Yahuarcocha",0.271515924197601,-51
"1297","Yahuarcocha",0.117209073427689,-47
"1298","Yahuarcocha",0.140979670636085,-43
"1299","Yahuarcocha",0.234835076427997,-38
"1300","Yahuarcocha",0.164058285596856,-33
"1301","Yahuarcocha",0.174289214216572,-25
"1302","Yahuarcocha",0.180907309076654,-12
"1303","Yahuarcocha",0.283467012898764,7
"1304","Yahuarcocha",0.159354318355081,26
"1305","Yahuarcocha",0.324221159626424,66
"1306","Yahuarcocha",0.424948062102089,116
"1307","Yahuarcocha",0.188949299548378,174
"1308","Yahuarcocha",0.435924116173178,238
"1309","Yahuarcocha",0.31875051910691,304
"1310","Yahuarcocha",0.191484411354118,371
"1311","Yahuarcocha",0.345556402315438,433
"1312","Yahuarcocha",0.239946820595239,497
"1313","Yahuarcocha",0.268228363456912,560
"1314","Yahuarcocha",0.129864224376651,631
"1315","Yahuarcocha",0.387322526293998,697
"1316","Yahuarcocha",0.236430814526419,765
"1317","Yahuarcocha",0.390682095748389,835
"1318","Yahuarcocha",0.289177662152654,903
"1319","Yahuarcocha",0.575850797923476,968
"1320","Yahuarcocha",0.756064137054247,1030
"1321","Yahuarcocha",0.209341629841293,1079
"1322","Yahuarcocha",0.134200176709781,1123
"1323","Yahuarcocha",0.412456591043552,1166
"1324","Yahuarcocha",0.288009735874819,1209
"1325","Yahuarcocha",0.245298295977329,1252
"1326","Yahuarcocha",0.295650430948086,1297
"1327","Yahuarcocha",0.354678366176585,1340
"1328","Yahuarcocha",0.137544014084507,1386
"1329","Yahuarcocha",0.261415316775156,1431
"1330","Yahuarcocha",0.424807101634766,1476
"1331","Yahuarcocha",0.221626664535069,1523
"1332","Yahuarcocha",0.270271789375348,1571
"1333","Yahuarcocha",0.102519060937619,1596
"1334","Yahuarcocha",0.335854286824665,1617
"1335","Yahuarcocha",0.246247419787972,1683
"1336","Yahuarcocha",0.149866316431352,1705
"1337","Yahuarcocha",0.209012070784015,1773
"1338","Yahuarcocha",0.326019479824468,1815
