age_calBP,years_AD,d13C,d18O
11142.38284,-9192,-2.652350044,-13.83770237
11091.9339,-9142,-1.917717344,-14.16983981
11051.60165,-9102,-2.184048363,-14.44907141
11011.29468,-9061,-1.903151359,-13.02819485
10971.01422,-9021,-1.864304969,-13.54802036
10930.7615,-8981,-2.018589096,-13.00246906
10900.5909,-8951,-2.054572879,-13.43714344
10860.38968,-8910,-2.162845876,-13.58820995
10820.21955,-8870,-1.904955112,-13.36720936
10780.08173,-8830,-1.910336436,-13.04691646
10739.9774,-8790,-2.142752453,-11.9759136
10699.90776,-8750,-2.327412591,-11.79286282
10659.87399,-8710,-2.658094442,-11.87204702
10619.87726,-8670,-2.409127043,-11.86751855
10579.91873,-8630,-1.977691348,-11.58984968
10539.99957,-8590,-2.103522941,-11.41509996
10500.12093,-8550,-1.864971477,-11.34147562
10460.28394,-8510,-2.082571424,-11.00531056
10420.48974,-8470,-1.933797809,-11.03575429
10380.73947,-8431,-2.1809605,-11.06589166
10341.03422,-8391,-2.002446041,-11.03273982
10301.37513,-8351,-1.900799166,-10.52038441
10261.76329,-8312,-1.929153158,-10.89405785
10222.1998,-8272,-2.117456729,-11.05444744
10182.68574,-8233,-1.693456294,-10.77008055
10143.2222,-8193,-1.365592156,-10.56975634
10103.81025,-8154,-1.452234881,-10.52381966
10064.45094,-8114,-1.571557253,-10.7147733
10025.14535,-8075,-2.142041956,-10.73496952
9985.89452,-8036,-1.93772445,-10.66181923
9946.699487,-7997,-2.10073705,-10.80967296
9907.561288,-7958,-1.750487031,-10.44023968
9868.480948,-7918,-2.639561488,-10.45583962
9829.459485,-7879,-2.363335071,-10.91503765
9790.49791,-7840,-2.711741762,-10.35961603
9751.597225,-7802,-2.594739645,-10.37742755
9712.758425,-7763,-2.897527212,-10.44851812
9673.982497,-7724,-2.395363318,-10.59820005
9635.270419,-7685,-2.050625511,-10.40067868
9596.623164,-7647,-2.511457228,-10.51626245
9558.041695,-7608,-2.007280643,-10.50063674
9519.526968,-7570,-2.704722773,-10.55608381
9481.079931,-7531,-3.359132048,-10.72907526
9442.701524,-7493,-2.861292757,-10.61592205
9404.39268,-7454,-2.498404848,-10.75879076
9366.154323,-7416,-2.380287271,-10.52686605
9327.987372,-7378,-3.307251531,-10.90585314
9289.892734,-7340,-2.896627063,-10.65338939
9251.871312,-7302,-3.16886305,-10.92281339
9213.924,-7264,-3.211128518,-11.26863647
9176.051682,-7226,-2.725435025,-11.00800681
9138.255239,-7188,-3.188838257,-10.85099044
9100.535539,-7151,-2.920726677,-11.10100303
9062.893445,-7113,-2.947761714,-10.97826895
9025.329813,-7075,-2.276452964,-11.02521305
8987.84549,-7038,-2.464378093,-10.96915761
8950.441315,-7000,-2.275291603,-11.36566841
8913.118119,-6963,-2.520640746,-11.34313715
8875.876727,-6926,-2.402366802,-10.90013731
8838.717955,-6889,-2.101297819,-11.50050881
8801.64261,-6852,-2.715170041,-11.58790188
8764.651493,-6815,-2.794313342,-11.2471244
8727.745398,-6778,-2.384343946,-11.09021177
8690.925109,-6741,-1.966486043,-11.25194497
8654.191403,-6704,-2.669055285,-11.21915235
8617.54505,-6668,-2.494397847,-11.39744947
8580.986811,-6631,-2.093738511,-10.9784559
8544.517441,-6595,-2.449469509,-11.51428301
8508.137686,-6558,-2.589125739,-11.05246009
8471.848283,-6522,-2.293458165,-11.00566834
8435.649964,-6486,-2.185089415,-11.19279906
8399.543452,-6450,-2.512273622,-11.3418981
8363.529461,-6414,-2.347465276,-11.22696082
8327.608699,-6378,-2.249344984,-11.53181708
8291.781866,-6342,-2.607571791,-11.60713416
8256.049653,-6306,-2.481754332,-11.32416294
8220.412744,-6270,-2.755465766,-11.67500057
8184.871815,-6235,-3.018014013,-11.81073386
8149.427536,-6199,-2.486909572,-11.76713685
8114.080567,-6164,-2.376587893,-11.49360355
8078.83156,-6129,-2.203900187,-11.52359981
8043.681161,-6094,-2.498444009,-11.71060303
8008.630008,-6059,-1.811301538,-11.27584254
7973.678729,-6024,-2.922197479,-11.91108109
7938.827947,-5989,-2.860975657,-12.03132969
7904.078277,-5954,-2.61236506,-11.7103065
7869.430323,-5919,-2.483762902,-11.29962334
7834.884686,-5885,-2.48461813,-11.08327631
7800.441955,-5850,-2.578710716,-11.63672603
7766.102714,-5816,-2.747526266,-11.69751198
7731.867538,-5782,-2.252300643,-11.65647847
7697.736995,-5748,-2.414661709,-11.46733649
7679.009999,-5729,-2.56327479,-11.51240053
7672.20809,-5722,-3.15037238,-11.22025104
7665.410405,-5715,-3.324945405,-11.46740628
7658.616948,-5709,-2.686341368,-11.52751065
7646.738588,-5697,-2.427565802,-11.39829486
7612.872059,-5663,-2.21546913,-11.29963086
7579.112086,-5629,-2.506119003,-11.28797505
7545.459204,-5595,-2.362321968,-11.52792278
7511.913938,-5562,-2.863814486,-11.47700863
7478.476803,-5528,-2.72036119,-11.84581885
7445.148309,-5495,-2.729864627,-11.97381803
7425.20357,-5475,-2.670446741,-11.97798076
7392.049943,-5442,-2.517050187,-12.0553353
7359.006245,-5409,-2.269705268,-11.83984543
7326.072957,-5376,-2.23491923,-11.74365109
7293.250553,-5343,-2.46640137,-12.01465681
7260.539499,-5311,-2.685783306,-11.64469179
7227.940252,-5278,-2.559566894,-11.64965939
7195.453263,-5245,-2.273491779,-11.43300115
7163.078975,-5213,-2.398421679,-11.43281847
7130.817822,-5181,-2.566610629,-12.19228574
7098.670231,-5149,-2.660765564,-11.95502546
7066.63662,-5117,-2.670095886,-12.26667368
7034.717403,-5085,-2.657743116,-11.81736595
7002.912981,-5053,-2.438135987,-11.96343385
6971.223752,-5021,-2.028751878,-11.50172873
6939.650103,-4990,-1.938955467,-11.59315864
6908.192414,-4958,-1.937664699,-11.56994317
6876.851058,-4927,-2.062189394,-11.55678348
6845.6264,-4896,-2.134424066,-11.67394914
6814.518796,-4865,-2.120986159,-11.65701952
6783.528597,-4834,-2.133506379,-11.62391369
6752.656143,-4803,-2.074181858,-11.63877539
6721.901769,-4772,-1.964493245,-11.44798036
6691.2658,-4741,-2.140376983,-11.63221952
6660.748554,-4711,-2.109760481,-11.64409764
6630.350342,-4680,-2.177152233,-11.59007192
6600.071466,-4650,-2.171699856,-11.77058078
6569.912222,-4620,-2.098954318,-11.57690388
6539.872896,-4590,-2.141056133,-11.62004265
6509.953768,-4560,-2.070235147,-11.71800997
6480.155109,-4530,-2.116683732,-11.70605925
6450.477184,-4500,-2.120662505,-11.6355031
6420.920248,-4471,-2.221781458,-11.83435451
6391.484549,-4441,-2.084927999,-11.78335075
6362.170328,-4412,-2.454498476,-11.45879421
6332.977818,-4383,-2.45456082,-11.66565976
6303.907244,-4354,-2.450958893,-11.27388873
6274.958823,-4325,-2.231098815,-11.09597672
6246.132764,-4296,-2.417671812,-11.2289505
6217.429269,-4267,-2.740400179,-11.85882792
6188.848533,-4239,-2.645855207,-11.65011425
6160.39074,-4210,-2.816424982,-11.79317903
6132.05607,-4182,-2.566226836,-11.74547675
6103.844693,-4154,-2.498947819,-12.19686881
6075.756772,-4126,-2.236637102,-12.10866964
6047.792461,-4098,-2.697028597,-12.34711783
6019.95191,-4070,-2.586546245,-12.1535473
5992.235256,-4042,-2.669523548,-12.35784787
5964.642631,-4015,-2.771918852,-12.46903596
5937.174161,-3987,-2.253621655,-11.81088058
5909.82996,-3960,-2.696695383,-11.90614196
5882.610137,-3933,-2.206810714,-12.00792888
5855.514794,-3906,-2.181940879,-11.92713446
5828.544022,-3879,-2.533816886,-12.01498737
5801.697907,-3852,-2.148677922,-11.90316892
5774.976527,-3825,-2.572126912,-11.90932669
5748.379952,-3798,-2.570128519,-12.22370894
5721.908242,-3772,-2.472617933,-12.029953
5695.561452,-3746,-2.475496858,-12.14256381
5669.339629,-3719,-2.673100011,-12.35145545
5643.24281,-3693,-2.535569377,-12.34717407
5617.271028,-3667,-2.382966124,-12.0752859
5591.424304,-3641,-2.476334671,-12.05137794
5565.702654,-3616,-2.636831831,-11.86165261
5540.106086,-3590,-2.641954853,-12.11392399
5514.634599,-3565,-2.471698173,-11.92150798
5489.288186,-3539,-2.37187092,-11.64638761
5464.066829,-3514,-2.275409712,-11.8849689
5438.970507,-3489,-2.263291066,-11.96310743
5413.999187,-3464,-2.658798444,-11.89436128
5389.152831,-3439,-2.527750722,-12.14246758
5364.431391,-3414,-2.26608666,-11.96397227
5339.834813,-3390,-2.376569783,-12.3194765
5315.363034,-3365,-2.312519743,-11.88473207
5291.015985,-3341,-2.322361012,-11.8518657
5266.793587,-3317,-2.641910334,-11.61602058
5242.695754,-3293,-2.62172762,-12.03762909
5218.722394,-3269,-2.467751523,-12.10813128
5194.873404,-3245,-2.541175689,-12.15075627
5171.148677,-3221,-2.456477346,-11.93554822
5147.548094,-3198,-2.672450182,-12.12306958
5124.071532,-3174,-0.330482762,-12.05253522
5100.718858,-3151,-2.742338653,-12.24993349
5077.489933,-3127,-2.789535487,-12.31507113
5054.384607,-3104,-2.997598577,-12.40126298
5031.402726,-3081,-2.630264589,-12.26283683
5008.544127,-3059,-2.918595819,-12.88197147
4985.808637,-3036,-3.005588083,-12.76686268
4963.196079,-3013,-3.126328552,-12.52662731
4940.706265,-2991,-3.155047552,-12.49747541
4918.339001,-2968,-3.605925313,-12.80706354
4894.985047,-2945,-3.236160914,-12.40885665
4890.551948,-2941,-2.945513964,-12.44475498
4886.123733,-2936,-3.786090063,-12.89372963
4881.700399,-2932,-3.697435657,-12.65436333
4877.281945,-2927,-2.402737166,-11.96153733
4872.86837,-2923,-2.564211519,-12.06203937
4868.45967,-2918,-2.753392497,-12.32744136
4864.055846,-2914,-3.468779146,-11.79639613
4859.656894,-2910,-4.112033637,-13.28034887
4855.262813,-2905,-3.37026655,-12.59600393
4850.873601,-2901,-3.773150857,-12.98399878
4846.489257,-2896,-4.38785562,-13.40759071
4842.109778,-2892,-3.459045568,-12.39284518
4837.735163,-2888,-3.459613566,-13.03233291
4833.36541,-2883,-3.801052774,-13.00660394
4829.000516,-2879,-3.59990997,-12.71520588
4824.640481,-2875,-4.063542882,-12.95061122
4820.285301,-2870,-3.443105392,-12.70674835
4815.934976,-2866,-3.564544021,-12.15208024
4811.589503,-2862,-2.519080512,-11.9597647
4807.24888,-2857,-2.760459298,-12.2590109
4802.913106,-2853,-2.619519858,-12.10663401
4792.094869,-2842,-2.80287365,-12.34237516
4770.549138,-2821,-2.680079295,-12.20987
4749.124188,-2799,-3.149164626,-12.27830869
4727.819754,-2778,-3.320073773,-12.66354739
4706.635568,-2757,-3.080292196,-12.83247595
4685.57135,-2736,-3.121325876,-12.35382645
4664.626816,-2715,-3.161990083,-12.43772058
4643.801672,-2694,-3.068755671,-12.91764805
4623.095616,-2673,-3.417256131,-12.21312774
4602.50834,-2653,-2.949679072,-12.58432934
4582.039526,-2632,-3.305565692,-12.95314721
4561.68885,-2612,-3.419184906,-12.51477033
4541.455981,-2591,-3.54444257,-12.81563109
4521.340577,-2571,-3.187646109,-12.84649093
4501.342291,-2551,-3.119111373,-12.82080428
4481.460767,-2531,-3.182630385,-12.94096523
4461.695642,-2512,-3.106185489,-12.96590792
4442.046545,-2492,-3.134631738,-13.14249623
4422.513097,-2473,-3.081889027,-12.85573008
4403.09491,-2453,-2.993835119,-12.70311014
4383.791591,-2434,-3.176300196,-12.72852474
4364.602738,-2415,-3.342425747,-13.03772584
4345.52794,-2396,-3.288059114,-12.76296689
4338.878629,-2389,-3.14763298,-12.7032569
4319.957141,-2370,-3.034082787,-12.53420685
4301.148715,-2351,-3.168491634,-12.75455221
4282.452914,-2332,-3.048834277,-12.83621351
4263.869294,-2314,-3.076799318,-12.57091478
4245.397405,-2295,-2.867362667,-12.597261
4227.036786,-2277,-3.015491345,-12.70759318
4208.78697,-2259,-3.072632784,-12.82117415
4190.647483,-2241,-2.853485008,-12.68508513
4172.617842,-2223,-3.127235664,-12.3944916
4154.697557,-2205,-2.947207892,-12.47055591
4136.886129,-2187,-2.968069267,-12.66740813
4119.183052,-2169,-2.787698528,-12.51514548
4101.587814,-2152,-2.804097688,-12.50787409
4084.099891,-2134,-2.890665152,-12.55130406
4066.718756,-2117,-3.019693202,-12.54993548
4049.443871,-2099,-2.893000706,-12.66664658
4032.274692,-2082,-2.93829541,-12.39044189
4015.210665,-2065,-2.883188405,-12.54582123
3998.251231,-2048,-2.633279229,-12.70916405
3981.395821,-2031,-2.624481129,-12.56917085
3964.64386,-2015,-2.760702854,-12.82042024
3947.994764,-1998,-2.699194949,-12.9157647
3931.447941,-1981,-2.872809817,-12.61423324
3915.002793,-1965,-2.693115709,-12.8872894
3898.658713,-1949,-2.932531569,-12.4120568
3882.415086,-1932,-3.069040444,-12.71153911
3866.271289,-1916,-2.625850444,-12.45978623
3850.226692,-1900,-2.675497002,-12.40106713
3834.280658,-1884,-2.622916379,-12.85044639
3818.432541,-1868,-2.428993205,-12.59312946
3802.681686,-1853,-2.885130793,-13.12174293
3787.027433,-1837,-2.378899233,-12.83534208
3771.469114,-1821,-2.773278424,-12.78103981
3756.00605,-1806,-2.71808439,-13.0642034
3740.637557,-1791,-2.731589931,-12.93172716
3725.362944,-1775,-2.643954766,-12.89561813
3710.181509,-1760,-2.828667177,-12.42319243
3695.092546,-1745,-2.673384837,-12.56519805
3680.095338,-1730,-2.907058379,-12.23493382
3665.189162,-1715,-3.028914464,-12.48588069
3650.373286,-1700,-2.828606774,-13.21523214
3635.646973,-1686,-2.817311323,-12.64165024
3621.009475,-1671,-2.812850583,-12.95469192
3606.460037,-1656,-2.713426821,-13.00544489
3591.997898,-1642,-2.530334085,-12.81386054
3577.622288,-1628,-2.585582039,-12.92111519
3563.332428,-1613,-2.889399269,-13.00177941
3549.127533,-1599,-2.532914905,-12.83827837
3535.006809,-1585,-2.725885937,-12.99699299
3520.969457,-1571,-2.839144321,-13.06173151
3507.014666,-1557,-2.708947696,-12.70202485
3493.141621,-1543,-2.648589428,-12.8844425
3479.349496,-1529,-3.127049784,-12.95713055
3465.63746,-1516,-2.890467273,-12.94584436
3452.004672,-1502,-3.244768876,-12.82056643
3438.450286,-1488,-3.211446441,-12.81627325
3424.973445,-1475,-3.325140879,-12.80087296
3411.573287,-1462,-3.384373807,-12.96058316
3398.24894,-1448,-3.296412213,-12.86513331
3384.999526,-1435,-3.315495603,-12.79230556
3371.824157,-1422,-3.273989002,-12.99589291
3358.721941,-1409,-3.276438298,-12.93934859
3345.691974,-1396,-3.000865197,-13.04925382
3332.733347,-1383,-3.232357606,-13.17425289
3319.845142,-1370,-2.652485116,-12.99518347
3307.026435,-1357,-2.787018928,-13.03753704
3294.276291,-1344,-2.848632224,-13.28185214
3281.59377,-1332,-2.660440792,-13.31070567
3268.977923,-1319,-2.914057035,-13.12201724
3256.427794,-1306,-2.820854106,-13.13963958
3243.942419,-1294,-2.856785855,-13.05837501
3235.240665,-1285,-3.076488552,-13.03102289
3222.863136,-1273,-3.030039909,-13.1623087
3210.547718,-1261,-2.981972699,-13.04613316
3198.293419,-1248,-3.093395451,-13.34412235
3186.099238,-1236,-3.047396631,-13.16426052
3173.964166,-1224,-2.962486562,-13.29860092
3161.887188,-1212,-2.913848869,-13.19118666
3149.867278,-1200,-3.250755799,-13.33791767
3137.903406,-1188,-3.118944023,-13.49338972
3125.994532,-1176,-3.102353057,-13.40997315
3114.139608,-1164,-3.261301974,-13.20216662
3102.337579,-1152,-3.208138094,-12.88261222
3090.587383,-1141,-3.247150927,-13.10086145
3078.887949,-1129,-3.582947271,-13.15429238
3067.238199,-1117,-3.293467723,-13.08265798
3055.637046,-1106,-3.699915234,-13.25572393
3044.083396,-1094,-3.427155099,-13.03631451
3032.576149,-1083,-3.597321421,-13.24158459
3021.114193,-1071,-3.809324092,-13.23345547
3009.696413,-1060,-3.080040567,-13.04979352
2998.321683,-1048,-3.151354749,-13.22390051
2986.988871,-1037,-2.948520013,-13.20225776
2975.696835,-1026,-2.852873513,-12.81118667
2964.444428,-1014,-3.076798553,-13.17017029
2953.230494,-1003,-3.08795808,-13.04000001
2942.053868,-992,-3.286224112,-13.20168441
2930.91338,-981,-3.147983161,-13.065578
2919.807849,-970,-3.585913013,-12.99228242
2908.736089,-959,-3.347332896,-12.82710176
2897.696905,-948,-3.263313243,-12.88151685
2886.689094,-937,-3.091060596,-12.91351692
2886.139505,-936,-3.208952215,-12.81453428
2875.163333,-925,-3.084355249,-12.81408119
2864.216044,-914,-2.926561321,-13.24962859
2853.296413,-903,-3.037921094,-12.97990775
2842.403204,-892,-2.852910602,-12.94239252
2831.535176,-882,-2.835355215,-13.15990348
2820.69108,-871,-3.108778025,-13.17637091
2809.869658,-860,-2.91455992,-13.13854262
2799.069645,-849,-3.347867599,-12.87956448
2788.289767,-838,-3.195307928,-12.63709277
2777.528745,-828,-3.674931518,-13.18669312
2766.785289,-817,-3.476926274,-13.14653605
2756.058104,-806,-3.420613098,-13.25045227
2745.345886,-795,-3.44069967,-12.99106267
2734.647321,-785,-3.842870834,-13.13512155
2723.961092,-774,-3.652184096,-13.05126277
2713.285871,-763,-3.48170501,-13.28366577
2702.620322,-753,-3.470802904,-13.10546949
2691.963103,-742,-3.559549468,-13.32525918
2681.312864,-731,-3.510306261,-13.52895237
2670.668245,-721,-3.45151353,-13.23072239
2660.02788,-710,-3.452166131,-13.24445278
2649.390397,-699,-3.321982582,-13.32854426
2638.754412,-689,-3.317640735,-13.23320805
2628.118537,-678,-3.615955073,-13.4078086
2617.481374,-667,-3.332672679,-13.37685008
2606.841519,-657,-3.74697519,-13.55244462
2604.7131,-655,-4.373522993,-13.07324893
2602.584506,-653,-4.862931712,-14.73288804
2600.455726,-650,-4.261927036,-14.75436375
2598.326747,-648,-4.447767418,-14.56802727
2596.197558,-646,-4.485329864,-14.68848488
2594.068148,-644,-3.372708072,-13.74898453
2591.938506,-642,-3.748463401,-13.27601553
2589.80862,-640,-4.071836422,-13.70096666
2587.678479,-638,-4.360777574,-13.71350292
2577.556471,-628,-3.821682785,-13.62697139
2566.893872,-617,-3.401531036,-13.41920176
2556.2218,-606,-3.359873928,-13.24035804
2545.538807,-596,-3.243139182,-13.03525976
2534.843434,-585,-3.305056216,-12.98599342
2524.134216,-574,-3.340931283,-12.97221081
2513.409681,-563,-3.3857012,-13.09555101
2502.668347,-553,-3.225139957,-12.96001324
2491.908726,-542,-3.70711209,-13.02697539
2481.129322,-531,-3.605840955,-13.09795948
2470.328631,-520,-3.630707514,-13.05855678
2459.505141,-510,-3.373309864,-13.16774312
2448.657332,-499,-3.361536717,-13.20471474
2437.783677,-488,-3.261658697,-13.02371292
2426.882641,-477,-3.446114746,-13.11988452
2415.952682,-466,-3.320485113,-12.91185178
2404.992248,-455,-3.305423283,-12.37998928
2393.999781,-444,-3.275202585,-12.44676613
2382.973715,-433,-3.032991208,-12.57117508
2371.912476,-422,-3.088022376,-12.87304306
2360.814482,-411,-3.017085734,-13.08033493
2349.678144,-400,-2.74237028,-12.90662166
2338.501865,-389,-3.005215182,-12.78073871
2327.284039,-377,-3.184678866,-12.61893489
2316.023054,-366,-3.210287968,-12.57976335
2304.71729,-355,-3.036466943,-12.72664419
2293.365117,-343,-3.196334629,-13.15610392
2227.69094,-278,-2.260679247,-13.22392049
2225.354457,-275,-3.108007097,-13.3268863
2223.01566,-273,-3.178892436,-13.12311098
2220.674536,-271,-3.386489177,-13.03540584
2218.33107,-268,-3.632900925,-12.98209946
2215.98525,-266,-3.702303114,-12.94541434
2213.637062,-264,-3.893523579,-13.01646732
2211.286491,-261,-4.359350128,-13.27789667
2208.933526,-259,-4.213517046,-12.95680103
2206.578151,-257,-3.949188967,-12.8553999
2204.220354,-254,-3.969946523,-12.91661038
2201.860121,-252,-3.798537693,-12.89059079
2199.497439,-249,-3.840534244,-12.69391822
2197.132293,-247,-3.87352879,-12.6522473
2194.76467,-245,-4.276667261,-12.8165913
2192.394557,-242,-3.968222551,-13.42289606
2190.021939,-240,-3.78049746,-13.16843487
2187.646804,-238,-3.422446709,-13.04737041
2185.269137,-235,-3.424415579,-13.28178513
2182.888924,-233,-2.901574073,-14.05121806
2180.506153,-231,-3.205126615,-14.98190104
2178.120809,-228,-3.719068518,-14.93731064
2175.732879,-226,-3.004092495,-13.33746162
2173.342349,-223,-3.088859701,-12.53997196
2170.949205,-221,-3.722182508,-13.4416348
2168.553433,-219,-3.784321947,-13.4167608
2166.15502,-216,-3.125332794,-13.12668971
2163.753951,-214,-3.673470507,-13.08063426
2161.350214,-211,-3.980689549,-13.23532849
2158.943793,-209,-3.410696593,-13.04132885
2156.534676,-207,-3.418807304,-13.36894777
2155.329102,-205,-3.296,-12.978
2154.122849,-204,-3.352496929,-13.47986903
2151.708297,-202,-3.368425575,-13.52440619
2146.870964,-197,-3.735336859,-14.63489271
2144.448156,-194,-3.022747246,-13.84575385
2143.23571,-193,-3.058,-13.023
2142.022568,-192,-3.116842957,-12.8059006
2139.594186,-190,-3.599816075,-12.94417128
2134.728985,-185,-3.762621222,-13.18262438
2132.292138,-182,-3.59102386,-12.95145616
2131.072647,-181,-3.851,-12.6
2129.852442,-180,-4.222867111,-13.19548054
2127.409882,-177,-4.137172774,-13.18965019
2120.06488,-170,-3.643423576,-12.99894924
2118.838169,-169,-3.658,-12.808
2117.610726,-168,-3.673442121,-13.13750208
2115.153638,-165,-3.679872574,-13.05652482
2110.230604,-160,-3.577884249,-13.21277518
2107.764631,-158,-3.606092295,-13.08337393
2106.530524,-157,-3.696,-12.805
2105.295668,-155,-3.531543076,-13.12392388
2102.823701,-153,-3.704690677,-13.04131929
2097.870697,-148,-3.943549497,-12.89955188
2095.389633,-145,-3.955403749,-12.77345139
2094.147955,-144,-3.915,-12.471
2092.905509,-143,-3.927517942,-12.93411134
2090.418309,-140,-3.906136019,-12.90002706
2085.43463,-135,-4.048843548,-13.00197777
2082.938121,-133,-3.906367648,-13.28817223
2081.688694,-132,-3.537,-13.739
2080.438481,-130,-3.517463361,-13.94364627
2077.935695,-128,-3.820994669,-13.3959461
2072.92063,-123,-4.016971286,-13.10992985
2070.408321,-120,-3.618516669,-12.98471228
2069.150967,-119,-2.56,-13.491
2067.89281,-118,-3.894552036,-13.19509786
2065.374082,-115,-2.969624194,-13.36990834
2060.326917,-110,-2.786313015,-13.17247703
2057.798452,-108,-1.911185124,-13.15676992
2056.532992,-107,-3.456,-12.473
2055.266712,-105,-2.257370934,-13.90377292
2052.731684,-103,-2.196737018,-13.44398944
2047.651704,-98,-2.396477811,-13.55943452
2045.106724,-95,-2.651522452,-13.37133805
2043.83298,-94,-4.357,-13.475
2042.558397,-93,-3.517766872,-13.13263841
2040.00671,-90,-3.284463322,-13.57132597
2034.893196,-85,-3.629270685,-13.95819585
2032.33134,-82,-4.05962289,-13.58579089
2031.049132,-81,-3.635,-12.834
2029.766067,-80,-4.363651488,-13.80540576
2027.19736,-77,-3.891343851,-13.48511953
2024.625206,-75,-3.852,-13.25309571
2022.04959,-72,-3.913301217,-13.10887981
2019.470497,-69,-4.05218116,-12.79183494
2018.179643,-68,-4.04,-12.618
2016.887914,-67,-3.880848109,-13.22229695
2011.712217,-62,-4.443,-14.3176629
2009.119074,-59,-3.757515017,-13.18530748
2006.522382,-57,-3.616878669,-13.17348626
2005.2227,-55,-3.663,-12.902
2003.922126,-54,-3.760773077,-13.12550872
2001.318292,-51,-3.685306541,-13.02134071
1998.710865,-49,-3.689,-12.49784343
1996.099831,-46,-3.997051447,-12.99839953
1993.485174,-43,-4.14808331,-13.02300962
1992.176483,-42,-4.107,-12.575
1990.866881,-41,-4.227084834,-13.02820582
1988.244936,-38,-4.150558863,-12.81160035
1985.619325,-36,-4,-12.40194888
1984.30514,-34,-2.304207003,-14.09811819
1982.990033,-33,-2.098637804,-14.47449188
1981.674002,-32,-1.7746675,-14.07037149
1980.357046,-30,-1.967510449,-13.96506192
1979.039162,-29,-1.227610067,-13.49915465
1977.720348,-28,-1.213120281,-13.27311671
1976.400603,-26,-1.391329237,-13.25645591
1975.079926,-25,-1.194025268,-13.2263824
1973.758313,-24,-0.06096876,-12.7179779
1972.435763,-22,-0.269998251,-12.49707127
1971.112275,-21,-0.756414491,-12.40891919
1969.787847,-20,-0.956338709,-12.01664137
1968.462476,-18,-1.474741636,-12.07610174
1967.136161,-17,-1.04239503,-12.53631781
1965.8089,-16,-0.803579333,-12.24481755
1964.480691,-14,-0.182479351,-12.58129531
1963.151533,-13,-0.206204999,-12.84963027
1961.821423,-12,-1.589797014,-13.76925668
1960.49036,-10,-2.297941547,-13.73116343
1959.158341,-9,-1.920449419,-14.27583889
1957.825365,-8,-0.879216373,-12.92029434
1956.491431,-6,-1.442631575,-12.83350939
1955.156535,-5,-1.778561432,-13.16085641
1953.820677,-4,-1.635357344,-13.01186397
1952.483855,-2,-0.906187127,-12.47017819
1951.146066,-1,-0.574058255,-12.24199632
1949.807309,0,-0.86437562,-12.67481517
1948.467581,2,-0.712163237,-13.15541014
1947.126882,3,-1.379246687,-13.45508647
1945.785209,4,-0.926975367,-13.48653105
1944.442561,6,-1.209970524,-13.24457537
1943.098935,7,-1.563798768,-13.49793342
1941.754329,8,-1.548745934,-13.44966335
1940.408743,10,-1.69329784,-13.51260549
1939.062173,11,-1.627372523,-12.95573309
1937.714618,12,-1.754988097,-12.98396126
1936.366076,14,-2.015314298,-13.30738505
1935.016546,15,-2.065174268,-13.35570916
1933.666025,16,-2.333194158,-13.55536672
1932.314512,18,-2.467156315,-13.92460739
1930.962005,19,-2.369808075,-13.93228266
1929.608501,20,-2.087947157,-13.47718358
1928.254,22,-1.636022037,-13.54413896
1926.898498,23,-2.127595143,-13.70999606
1925.541995,24,-2.433537576,-13.29662487
1924.184488,26,-2.440199794,-13.07350932
1922.825975,27,-2.505241033,-12.92855988
1921.466456,29,-2.967449413,-12.88480559
1920.105927,30,-3.185962839,-12.71357339
1918.744386,31,-3.535048093,-12.33246217
1903.700174,46,-2.884,-12.98916406
1900.951498,49,-1.796252206,-12.81851991
1898.198673,52,-2.087,-12.354
1895.441682,55,-2.64620436,-13.05504097
1892.680512,57,-2.226481343,-13.11400313
1891.298355,59,-1.92,-12.72464821
1887.145571,63,-2.076931239,-12.59794111
1884.37177,66,-2.822,-12.671
1881.593729,68,-3.023135563,-13.82762728
1878.811431,71,-3.18395495,-13.68876575
1877.418682,73,-2.738,-12.96860821
1876.024864,74,-2.563829691,-12.98921436
1873.23401,77,-2.920376455,-13.01405232
1870.438855,80,-3.045,-12.976
1867.639383,82,-1.559208278,-12.48227124
1864.83558,85,-1.616714147,-12.03943552
1863.432049,87,-1.806,-11.89502519
1862.02743,88,-2.11703243,-12.39873207
1859.214917,91,-2.219517185,-13.08558861
1856.398028,94,-1.919,-12.999
1853.576745,96,-1.517591883,-13.37520446
1850.751055,99,-2.882554954,-13.6560163
1849.336552,101,-2.971,-12.79664571
1847.920941,102,-2.481609945,-13.07072212
1845.086389,105,-3.447742991,-13.19170433
1842.247383,108,-3.778,-13.639
1839.403908,111,-2.813421923,-13.3503532
1836.555948,113,-2.595492618,-12.72815808
1835.130281,115,-3.144,-12.74849821
1833.703488,116,-2.609936347,-12.73974715
1830.846512,119,-2.254761879,-12.68819083
1827.985006,122,-2.321,-12.497
1825.118954,125,-1.817014461,-12.3272125
1822.24834,128,-1.905961387,-12.65071691
1820.811318,129,-1.935,-12.64302084
1819.37315,131,-2.114713336,-12.91231762
1816.493367,134,-2.239974112,-13.02097541
1813.608976,136,-2.483,-13.083
1810.719961,139,-2.82701315,-13.7115943
1807.826308,142,-3.622540344,-13.9817756
1806.377737,144,-3.55,-13.51605828
1804.928001,145,-3.10535937,-13.88857802
1802.025024,148,-3.021896633,-13.88038815
1799.117362,151,-2.856,-13.204
1796.204998,154,-2.520813949,-13.35904988
1793.287919,157,-3.344961218,-13.38712738
1791.827605,158,-3.467,-13.06562456
1790.366107,160,-3.295052634,-13.20512731
1787.439548,163,-3.414637705,-13.85396282
1784.508226,165,-3.876764035,-14.26181155
1781.572126,168,-3.06517273,-13.77329939
1778.631231,171,-3.064206914,-13.34209496
1777.158981,173,-2.87,-13.12102098
1775.685526,174,-2.01313143,-13.06314179
1772.734996,177,-2.326971729,-12.60377986
1769.779625,180,-2.125,-12.634
1766.819397,183,-2.251067923,-12.88240639
1763.854297,186,-2.336656458,-13.45692996
1762.369914,188,-2.164,-12.96715258
1760.884308,189,-2.104546795,-13.11585396
1757.909416,192,-2.278210479,-13.07617909
1754.929604,195,-2.308,-13.038
1751.944858,198,-2.215223495,-13.43072523
1748.95516,201,-2.788387994,-13.63862502
1747.45845,203,-3.172,-13.82719064
1745.960496,204,-2.88347448,-14.20857482
1742.960849,207,-2.426427654,-14.03935871
1739.956204,210,-2.236,-13.706
1736.946545,213,-1.715371039,-13.91391587
1733.931857,216,-1.868667801,-14.36709495
1732.422621,218,-2.54,-14.07291795
1730.912123,219,-2.950543452,-14.2634087
1727.887327,222,-3.319279236,-13.71787792
1724.857455,225,-2.829,-13.603
1721.82249,228,-3.128831142,-13.8465346
1718.782415,231,-3.173798284,-13.18636692
1717.260458,233,-3.175,-12.95077552
1715.737216,234,-3.225173696,-13.08127626
1712.686877,237,-3.252174718,-13.05007891
1709.631381,240,-2.691,-12.503
1706.570713,243,-3.37303871,-13.14993663
1703.504857,246,-2.709661539,-13.08235042
1701.969978,248,-2.763,-12.71194984
1700.433796,250,-2.844637577,-13.08062002
1697.357515,253,-2.862465143,-13.36572119
1694.275999,256,-3.498,-13.612
1691.18923,259,-2.61366626,-13.42039514
1688.097193,262,-3.390867339,-12.71664965
1686.549195,263,-2.335,-12.08050133
1684.999873,265,-2.146503242,-12.47940637
1681.897252,268,-2.623370433,-12.92579213
1678.789316,271,-2.243,-13.142
1675.676047,274,-2.55158272,-13.90544472
1672.557431,277,-2.891438702,-13.49673421
1670.996112,279,-2.894,-12.9914128
1669.43345,281,-2.840571879,-13.63811058
1666.304089,284,-2.732660396,-13.85773094
1663.169332,287,-2.594,-13.813
1660.029163,290,-2.243748412,-13.6586097
1656.883566,293,-2.185997669,-13.35393657
1655.308726,295,-1.933,-13.01439564
1653.732524,296,-2.038732803,-13.16712766
1650.576021,299,-2.557041993,-13.29221378
1647.414042,303,-2.873,-13.138
1644.246569,306,-3.07931701,-14.07153456
1641.073588,309,-2.614193223,-13.70578766
1639.485026,311,-2.703,-13.51992871
1637.895082,312,-2.785320167,-13.36100629
1634.711034,315,-2.875584621,-13.38587579
1633.116927,317,-3.027125026,-13.69218681
1631.521428,318,-2.839,-12.639
1628.326249,322,-2.610302978,-12.90932124
1626.726564,323,-2.018135981,-12.88879005
1625.12548,325,-3.027178658,-12.73009051
1623.522994,326,-3.262,-12.66046701
1621.919104,328,-3.18444655,-12.92070679
1618.707106,331,-3.651197996,-14.09730855
1615.489469,335,-3.347,-13.597
1612.266177,338,-2.483974847,-13.03684936
1610.652406,339,-2.42905554,-13.27912445
1609.037214,341,-2.875675767,-13.01892284
1607.420601,343,-2.899,-12.83964825
1605.802563,344,-3.823428038,-13.48091524
1602.562209,347,-3.069620555,-12.78066384
1599.316134,351,-2.807,-13.006
1596.064323,354,-2.065627454,-13.15028364
1594.43626,356,-2.732221581,-13.2373481
1592.806758,357,-2.624654065,-12.87755647
1591.175814,359,-2.716,-13.44781378
1589.543425,360,-1.815455711,-13.49015851
1586.274305,364,-2.776794793,-13.45095504
1582.999384,367,-3.575,-14.183
1579.718645,370,-3.224262332,-13.90457706
1578.076088,372,-3.040047545,-13.84345977
1576.43207,374,-3.528992718,-13.20054705
1574.78659,375,-3.819,-13.20704675
1573.139644,377,-3.970833415,-13.57623791
1569.841351,380,-2.880396294,-13.55925611
1566.537174,383,-3.228,-13.799
1563.227096,387,-3.421805199,-13.71801224
1561.569839,388,-2.834998852,-13.64643331
1559.9111,390,-3.428740274,-13.21227614
1558.250879,392,-3.587,-13.25832511
1556.589172,393,-2.942609535,-12.72626513
1553.261293,397,-3.02331095,-12.58311576
1549.927448,400,-3.19,-12.784
1546.58762,403,-3.540140552,-14.03094889
1544.915457,405,-3.461444292,-14.24525694
1543.241792,407,-3.577056181,-14.1879152
1541.566624,408,-3.867,-13.65017162
1539.889949,410,-4.001044033,-13.96648994
1536.532072,413,-2.315844195,-13.46613642
1533.168146,417,-3.001,-13.747
1529.798155,420,-2.889594259,-13.42100531
1528.110879,422,-3.159926228,-13.41140241
1526.422081,424,-3.064828936,-13.35247598
1524.731758,425,-3.246,-13.89935462
1523.039908,427,-3.425884657,-14.44951999
1519.651619,430,-3.675381074,-14.30778259
1516.257199,434,-2.288,-13.776
1512.856629,437,-3.069774511,-13.5852289
1509.449894,441,-3.583622213,-14.36800635
1507.744209,442,-3.154,-14.06880439
1506.036976,444,-3.366787631,-14.15220775
1502.61786,447,-3.148240255,-13.56385915
1499.192528,451,-3.472,-13.342
1495.760963,454,-3.375936838,-13.21788263
1492.32315,458,-2.939927242,-12.86600922
1490.601895,459,-2.7,-13.03297643
1488.879071,461,-2.501003186,-13.10959436
1485.428709,465,-2.274585852,-12.70408759
1481.972048,468,-2.549,-12.81
1478.509072,471,-3.12581595,-13.3070211
1475.039762,475,-2.381181179,-13.0196955
1473.302727,477,-2.822,-12.24445466
1471.564103,478,-2.819192897,-12.9341511
1468.082077,482,-3.000171129,-13.05316846
1464.593668,485,-2.765,-12.865
1461.098859,489,-3.302820445,-13.10970805
1457.597634,492,-3.291855477,-12.85505625
1455.844609,494,-3.318,-12.3803048
1454.089974,496,-3.313994189,-12.76616513
1450.575864,499,-2.898782158,-13.03157842
1447.055286,503,-3.128,-12.714
1443.528224,506,-3.330433571,-13.08132037
1439.994661,510,-3.384527364,-13.04298385
1438.225436,512,-3.352,-12.47251933
1436.45458,514,-3.075190764,-13.07965474
1432.907963,517,-3.175742053,-13.19321975
1429.354795,521,-3.219,-12.956
1425.795057,524,-3.411523453,-13.24704102
1422.228733,528,-3.758649037,-13.23508046
1420.443097,530,-3.688,-12.98668446
1418.655807,531,-3.485662782,-12.96026793
1415.07626,535,-3.343099827,-13.18272573
1411.490077,539,-3.431,-12.943
1407.897239,542,-3.623877764,-13.3334012
1404.297731,546,-3.548104312,-13.35432717
1402.49547,548,-3.657136884,-13.61729528
1400.691535,549,-3.569422038,-13.56248392
1398.885923,551,-3.399048278,-12.93511432
1397.078633,553,-3.488096504,-13.20986699
1395.269662,555,-3.642035103,-13.63095852
1393.459009,557,-3.654728202,-13.57029859
1391.646671,558,-3.715834199,-13.40357008
1389.832646,560,-3.711946015,-13.35524203
1388.016932,562,-3.711116797,-13.91660619
1386.199527,564,-3.638943938,-13.6959264
1384.380428,566,-3.689376196,-13.58640542
1382.559634,567,-3.708298273,-13.61854761
1380.737143,569,-3.953685158,-14.41812565
1378.912951,571,-3.476300226,-13.74172654
1377.087058,573,-4.215766326,-15.25017271
1375.25946,575,-3.399475321,-13.17353617
1373.430156,577,-3.391030696,-13.57864665
1371.599144,578,-3.62894843,-13.50624435
1369.766422,580,-3.564900603,-13.66020853
1367.931987,582,-4.565401395,-12.48075136
1366.095837,584,-3.69782814,-13.34390616
1364.25797,586,-3.620682985,-13.41750604
1362.418384,588,-3.834536417,-13.42956594
1360.577077,589,-3.902741461,-13.58549138
1358.734046,591,-3.764915433,-13.2797426
1356.88929,593,-3.876547437,-13.26329646
1355.042806,595,-3.918717459,-13.2466463
1353.194593,597,-4.021143788,-13.50043167
1351.344647,599,-3.966940464,-13.32095574
1349.492968,601,-3.655245764,-13.34404565
1347.639552,602,-3.838506021,-13.29858358
1345.784397,604,-3.524526163,-12.50656625
1343.927502,606,-3.71148819,-12.98793347
1342.068864,608,-3.795236813,-13.21313438
1340.208482,610,-3.533332188,-13.12726047
1336.482473,614,-3.58198228,-12.9560707
1334.616843,615,-3.54535934,-12.83727083
1332.749459,617,-3.906401137,-13.06280614
1330.880319,619,-3.606425291,-12.64143759
1329.009422,621,-3.87428993,-13.13270538
1327.136765,623,-4.00273524,-13.22162321
1325.262345,625,-4.059728385,-13.14515384
1323.386161,627,-4.184818545,-13.42684854
1319.628491,630,-4.04791469,-13.1782259
1317.747001,632,-3.789971773,-13.17198038
1315.863738,634,-3.749396326,-13.14247295
1313.9787,636,-3.747300528,-13.20270523
1312.091884,638,-3.828829756,-13.19798171
1310.203289,640,-3.93665452,-13.17238211
1308.312912,642,-3.917734561,-13.23599162
1306.420751,644,-3.917982349,-12.90792367
1304.526805,645,-4.019066887,-13.05108864
1302.63107,647,-4.036235766,-13.07474826
1300.733544,649,-3.774679176,-12.07684144
1298.834227,651,-4.019489143,-12.99366232
1296.933114,653,-4.074822327,-13.19224653
1295.030204,655,-4.115891966,-13.19864853
1293.125496,657,-3.932294412,-13.11742398
1291.218986,659,-3.481514229,-12.10438662
1289.310673,661,-3.979991245,-13.25058725
1287.400554,663,-3.833290974,-12.6202924
1283.57489,666,-3.915788259,-13.04999101
1281.659342,668,-3.788376205,-12.83570265
1279.741978,670,-3.942929545,-13.0410512
1277.822799,672,-3.881571121,-12.90315572
1275.9018,674,-4.263235663,-12.88144177
1273.978981,676,-4.072912585,-12.82354794
1272.054339,678,-4.116225518,-12.92046331
1270.127871,680,-4.111145437,-12.948374
1266.269451,684,-3.932094471,-12.54451729
1262.403704,688,-3.891189084,-12.61765588
1258.530613,691,-3.951678117,-12.59743442
1254.650158,695,-3.903382514,-12.43063987
1250.762325,699,-4.137750092,-12.82413025
1246.867093,703,-4.086809057,-13.11871416
1244.916698,705,-4.198349364,-13.2104235
1242.964447,707,-4.164467067,-13.10862433
1241.010338,709,-4.104979307,-13.34287156
1239.054368,711,-4.104061214,-13.24950949
1237.096536,713,-4.148339581,-13.20987549
1235.136839,715,-4.256381135,-13.25842574
1233.175275,717,-4.078112677,-13.19055322
1231.211842,719,-4.143718436,-13.1849716
1229.246538,721,-4.179148716,-13.17177295
1227.27936,723,-4.093383383,-13.27284123
1225.310307,725,-4.12629663,-13.30094365
1223.339375,727,-4.184104616,-13.54633405
1221.366563,729,-4.100726758,-13.34215535
1219.391869,731,-4.070414159,-13.48708506
1217.415291,733,-4.061762259,-13.27706078
1215.436826,735,-3.99043891,-13.35563512
1213.456471,737,-3.930586159,-13.33787203
1211.474226,739,-3.984837165,-13.37186993
1209.490087,741,-3.930916525,-13.38870051
1207.504052,742,-3.90882191,-13.32239879
1205.51612,744,-3.800229369,-13.56748174
1203.526288,746,-4.004278518,-13.34275678
1201.534553,748,-4.131177496,-13.33059227
1199.540914,750,-4.004577682,-13.33398168
1197.545368,752,-3.900767517,-13.40195898
1195.547914,754,-4.191191289,-13.59975758
1193.548548,756,-4.147143922,-13.40677714
1191.547269,758,-3.946491047,-13.12705593
1187.538962,762,-3.841004123,-13.3199413
1181.512097,768,-3.675823859,-12.99405802
1177.484557,773,-4.142255619,-13.28941335
1173.449292,777,-3.921505679,-12.9350983
1169.406286,781,-3.9147102,-12.79216301
1167.381874,783,-4.312605628,-13.29270845
1165.35552,785,-4.244303052,-12.88864725
1161.296976,789,-4.145784998,-13.01306167
1157.230636,793,-4.088779947,-13.1037027
1153.156483,797,-3.974143775,-12.97509537
1149.074499,801,-3.958022585,-12.96013423
1147.030564,803,-4.129710479,-13.37154489
1144.984665,805,-3.930358902,-12.92931613
1140.886965,809,-3.710211684,-12.94840698
1136.78138,813,-3.344849321,-13.31390502
1132.667892,817,-3.851347287,-12.92603542
1128.546483,821,-3.713333465,-12.81687572
1126.482803,824,-2.478567531,-14.05867953
1124.417135,826,-3.872766144,-12.91598246
1120.279831,830,-3.678285836,-12.90294997
1116.134553,834,-3.83438522,-13.28292952
1111.981282,838,-4.019531464,-13.02984384
1107.816875,842,-3.868287976,-12.97922649
1106.449481,844,-3.94249552,-13.33166136
1104.928536,845,-3.737977714,-12.96315721
1103.20978,847,-3.914565045,-12.82872937
1097.886171,852,-3.497673672,-14.13312219
1094.561604,855,-4.679333865,-13.24554122
1090.835676,859,-4.374236852,-13.36173611
1089.224084,861,-4.035236547,-13.20003415
1088.122118,862,-4.56385308,-13.85013482
1086.879418,863,-4.234,-13.567
1085.732875,864,-4.397991902,-13.00786072
1083.532884,866,-4.482856918,-13.11430432
1080.537931,869,-3.292,-12.03532427
1077.182709,873,-3.748006254,-13.02761508
1075.310287,875,-4.223874415,-13.13906118
1073.244863,877,-4.238296547,-12.48676963
1072.273568,878,-4.169,-12.537
1071.421826,879,-4.09428946,-12.96858512
1069.515386,880,-4.057471629,-14.01171797
1066.998939,883,-3.89,-13.06340652
1064.08021,886,-3.60590048,-13.34634141
1062.034394,888,-3.868441795,-13.79824532
1060.8841,889,-4.141090914,-13.35001174
1060.199671,890,-4.267,-13.085
1059.338929,891,-4.381363162,-12.91471804
1057.164273,893,-4.655834117,-13.56210634
1056.262955,894,-4.36,-13.12425876
1055.167712,895,-3.76695349,-13.10397247
1054.276969,896,-3.749825423,-13.40346785
1052.339284,898,-3.960385577,-13.04627954
1051.249571,899,-4.013,-13.097
1050.328993,900,-3.990679078,-12.89855264
1048.918719,901,-4.288913332,-12.81669211
1047.041047,903,-4.079,-12.83108275
1044.081437,906,-4.55581904,-13.76114267
1042.695909,907,-4.42639247,-14.07597004
1041.352147,909,-3.751272753,-13.48632731
1039.820881,910,-3.702,-12.914
1038.755776,911,-3.208383153,-12.73786029
1036.556554,913,-2.81921152,-12.81375114
1035.163347,915,-4.101,-13.09560158
1032.976288,917,-3.466064347,-12.70554803
1031.507653,918,-3.80803402,-13.13573115
1030.299555,920,-4.358233346,-13.38083206
1029.199346,921,-4.17,-13.079
1027.739469,922,-3.757654485,-13.74373869
1025.481101,925,-2.852978291,-13.13653397
1022.823073,927,-2.937,-13.13670414
1021.115369,929,-2.015157864,-12.78980261
1019.902399,930,-2.57594572,-13.00882549
1019.022394,931,-1.922394507,-12.75828635
1017.499451,933,-1.656,-12.695
1016.608936,933,-2.32772695,-12.80673888
1014.601391,935,-1.672749088,-13.147845
1012.291023,938,-0.578,-12.26945361
1009.923079,940,-2.08063065,-12.41014222
1009.017165,941,-1.248478719,-12.24170489
1006.978498,943,0.159963343,-11.55887926
1004.525475,945,-0.719,-11.261
1002.776315,947,-1.327422533,-12.07295198
998.9124109,951,-2.367311071,-12.96809732
996.4696557,954,-3.218,-13.05171481
993.5826416,956,-2.815779829,-12.99296826
992.9051127,957,-2.605408911,-12.9401779
992.0495762,958,-2.498585143,-12.67039614
989.9672662,960,-2.376,-12.829
988.9891251,961,-2.314117289,-12.76662372
988.167794,962,-3.075477655,-12.90239245
986.8991657,963,-2.761,-11.7355233
983.8374365,966,-2.414723197,-12.72504271
983.2562946,967,-2.910338766,-12.97746714
982.3851318,968,-2.793950759,-12.94387569
981.393451,969,-3.239,-13.266
979.8382897,970,-3.453982872,-13.66262957
976.7833647,973,-3.614030961,-14.18719857
973.8432633,976,-3.5,-13.56122276
970.8609549,979,-3.254221846,-13.3860415
969.8129881,980,-3.238211787,-13.32967866
969.1285421,981,-3.056280605,-12.91684116
967.6659881,982,-3.198,-12.599
966.4708517,984,-3.232649751,-12.61622819
962.4167113,988,-3.694024597,-13.03510145
960.1593492,990,-4.12,-12.90169618
958.1995026,992,-4.173295307,-13.27512623
956.646877,993,-4.556489482,-13.60137647
955.0939344,995,-4.548911119,-13.54288244
954.2157731,996,-4.615,-13.285
953.2640077,997,-4.238599278,-12.58754745
950.4339666,1000,-4.138588752,-12.42586667
947.477573,1003,-3.984,-11.41527863
943.8110041,1006,-3.353656505,-10.67197235
942.890232,1007,-3.802974095,-12.25303081
941.4393097,1009,-3.53289008,-12.19375687
940.240888,1010,-3.69,-12.558
939.1179682,1011,-3.520742542,-12.50437954
937.7662948,1012,-3.451143778,-12.49655679
934.9989447,1015,-3.234,-12.09474348
930.7655218,1019,-3.405917584,-12.64519409
930.0142877,1020,-3.623416042,-12.76891645
928.8296556,1021,-3.624966461,-12.63284503
926.8071387,1023,-3.504,-12.366
925.683387,1024,-3.282372297,-12.32875344
923.1936824,1027,-3.193987396,-11.96994187
919.5255329,1030,-3.453,-11.87943191
916.4066207,1034,-3.37626347,-12.57061089
915.4452992,1035,-3.189250926,-12.60915615
914.2754599,1036,-2.993979419,-12.41585207
912.861541,1037,-2.961,-12.523
911.7763805,1038,-3.276115152,-12.72223499
908.6828871,1041,-3.312284436,-12.66156711
905.6230101,1044,-3.781,-13.02101683
903.6993114,1046,-3.37490018,-13.24940273
901.9268152,1048,-3.411614855,-13.2292197
900.9913552,1049,-3.063987044,-12.87488032
899.7686056,1050,-3.283,-13.109
897.7756263,1052,-3.574843931,-13.64902264
893.4115302,1057,-3.441489477,-13.43943292
891.0265944,1059,-3.741,-12.63585375
889.3830074,1061,-4.058936162,-12.95490886
888.7178132,1061,-4.274285211,-13.20695678
888.0178132,1062,-3.959117362,-13.04466551
887.1423889,1063,-4.032,-12.924
886.5624469,1063,-3.718444314,-12.79874631
885.6357044,1064,-2.923343784,-12.56857238
883.921937,1066,-3.065,-12.23517535
881.4615696,1069,-3.433440825,-12.75175388
876.9514027,1073,-3.47922309,-13.00461678
875.4988629,1075,-3.481,-12.927
873.9093778,1076,-3.157305,-12.87025605
871.1155972,1079,-2.968733855,-12.90553872
869.4407302,1081,-3.93,-13.92681599
865.9706961,1084,-4.234123908,-13.7628044
864.1988262,1086,-4.000217343,-13.5288534
862.6713834,1087,-3.794347107,-13.11219753
861.3629583,1089,-4.677,-13.799
860.5040182,1089,-4.490163362,-13.98092334
858.4811024,1092,-4.81790199,-13.83020055
856.3654628,1094,-4.699,-12.59289175
853.929724,1096,-3.931623473,-13.07102274
852.275726,1098,-4.716959915,-14.30533019
851.1753118,1099,-4.49880603,-14.2774763
849.5819917,1100,-4.956,-14.435
848.4191224,1102,-5.250126595,-14.3527913
846.7703367,1103,-4.23552764,-13.75371351
844.2043394,1106,-4.229,-13.33710635
840.8128081,1109,-3.843236915,-13.08790383
839.8542132,1110,-3.978903789,-13.2540762
839.1542132,1111,-4.017554028,-13.26656643
838.3680098,1112,-4.155,-13.299
837.532879,1112,-4.258143255,-13.56582456
835.5194885,1114,-4.275944468,-13.44553931
832.7493368,1117,-4.13,-13.26587019
830.0175256,1120,-3.538031433,-13.1597268
828.9137834,1121,-4.339511672,-13.59040594
827.7516384,1122,-4.237727373,-13.52210363
826.3743482,1124,-4.348,-13.408
824.8684062,1125,-4.291378163,-13.81863989
822.6528262,1127,-3.804270804,-13.50718848
820.6780408,1129,-3.846,-12.54244147
817.7993844,1132,-4.047024911,-12.48187167
816.5401723,1133,-3.778741351,-12.48998154
815.3243436,1135,-3.770231686,-12.49401553
814.1475813,1136,-3.75,-12.345
812.7356633,1137,-3.728479341,-12.61224142
809.9455293,1140,-3.602658749,-12.59138973
807.166185,1143,-3.788,-12.53998839
804.3132094,1146,-4.353420508,-13.57574152
802.7645399,1147,-4.878894298,-14.00316599
801.4254127,1149,-4.623543254,-13.70242948
800.3220924,1150,-4.219,-12.813
799.2566305,1151,-4.574176065,-13.34986389
796.479237,1154,-4.6563524,-13.04934494
794.1044132,1156,-4.482,-12.44719911
790.0642466,1160,-3.966026668,-13.57736729
787.8364919,1162,-4.447503639,-13.7799349
786.7996493,1163,-3.877632349,-13.58951873
786.0484151,1164,-4.033,-13.154
784.6412626,1165,-4.147065633,-13.56477894
781.0650855,1169,-4.835801399,-13.45367262
778.2655859,1172,-4.157,-13.09101493
774.358122,1176,-3.79792883,-13.66967708
772.9326591,1177,-4.459218046,-13.78509534
771.0654014,1179,-3.749017405,-13.45396227
768.9492618,1181,-3.666,-13.093
767.1560755,1183,-4.082788826,-13.26503221
763.6408561,1186,-5.086709924,-13.83101841
761.3149516,1189,-4.457,-13.69839111
756.5520239,1193,-4.374148382,-14.2679568
754.3873523,1196,-5.473890907,-14.56391016
753.0313957,1197,-4.739341866,-13.9349962
750.4365438,1200,-4.326,-13.963
747.4320771,1203,-3.711935603,-13.85213666
744.1584567,1206,-4.44300829,-14.17458166
738.6393827,1211,-3.469,-13.29675684
734.1153767,1216,-3.987149775,-13.67903497
732.5025677,1217,-4.910962403,-13.58738833
730.7539146,1219,-4.689529175,-13.43948722
728.6793914,1221,-4.482,-13.479
727.6364421,1222,-4.507838347,-13.47881995
725.2696732,1225,-4.175586373,-13.52541837
722.9275129,1227,-3.372,-13.16473939
720.4525067,1230,-5.337601604,-13.93344452
717.3092801,1233,-4.574315679,-13.49708533
716.1245198,1234,-4.554,-13.376
714.6578575,1235,-4.46212284,-13.48507318
712.2896337,1238,-4.678980356,-12.80991846
708.9492124,1241,-4.382,-13.18636815
704.491117,1246,-4.152636869,-12.78567605
702.7316707,1247,-4.960358959,-13.54941807
700.4182876,1250,-4.432706869,-13.45734541
699.3884603,1251,-4.666,-13.606
698.2993964,1252,-3.955639507,-13.3306804
694.8579998,1255,-5.707218217,-13.71314153
691.9040613,1258,-5.103,-13.54723579
689.1301997,1261,-4.911110089,-13.42022272
687.4323903,1263,-5.465558698,-13.39879497
686.3156701,1264,-4.342455883,-12.70028849
685.3221152,1265,-4.241,-12.194
683.783529,1266,-3.985886908,-12.25968346
679.986641,1270,-5.150361743,-13.93199389
677.5920362,1272,-3.781,-12.82039949
674.6320172,1275,-4.29203489,-13.61573704
671.739303,1278,-4.436366468,-13.13966603
670.1992371,1280,-4.259,-12.7
668.5732917,1281,-4.165802474,-13.07402294
665.6226806,1284,-3.73692771,-13.0326082
660.6911939,1289,-4.255,-12.68568012
656.9732439,1293,-4.037072322,-13.53044187
655.6994905,1294,-4.109253206,-13.90876226
654.5124362,1295,-3.661950761,-13.10860616
653.2077063,1297,-4.267,-13.387
651.1681078,1299,-4.042289903,-13.45541456
648.2634313,1302,-4.562875943,-14.13316727
642.9992421,1307,-4.933,-13.71448865
639.4954252,1311,-4.59946327,-14.11418527
637.6623939,1312,-4.647003254,-14.30166634
636.2714186,1314,-4.561738179,-13.63592017
634.4833941,1316,-4.628,-13.269
633.5481341,1316,-4.364716912,-13.20869603
631.0660248,1319,-4.470296958,-14.21505639
628.7769206,1321,-4.53,-12.64493702
625.0321321,1325,-3.750678823,-12.20501618
624.2758506,1326,-3.890042388,-12.96807509
622.4240997,1328,-4.176841914,-13.41263938
620.8413437,1329,-4.268,-13.069
619.3827358,1331,-4.602364756,-14.00071078
616.3434034,1334,-4.592397076,-14.77823532
612.9280478,1337,-4.612,-14.32930934
610.316716,1340,-4.412558034,-13.95719059
608.686181,1341,-4.298630794,-14.19631209
607.2703904,1343,-4.384906432,-13.80171264
605.8814966,1344,-4.715,-13.742
604.5725868,1345,-4.520647008,-13.77529945
602.8577564,1347,-4.473087935,-13.92710217
600.5323064,1349,-4.49,-13.1565108
597.1993265,1353,-4.014580828,-12.88445854
596.1194826,1354,-4.817895195,-14.80867242
595.0615434,1355,-3.604748521,-12.82752512
593.4278733,1357,-4.371,-13.323
591.6447942,1358,-4.261438862,-13.31154346
589.0586893,1361,-4.137929601,-14.56354198
584.5492838,1365,-4.78,-14.78025763
581.7326242,1368,-4.475838218,-14.88116404
579.3585446,1371,-4.604646466,-14.37505611
576.9066201,1373,-4.081174341,-13.87864963
575.3866348,1375,-4.339,-13.499
574.1447837,1376,-4.298975906,-13.45978772
572.1076877,1378,-3.221059268,-12.44803359
568.4366125,1382,-4.827,-13.58417019
563.975427,1386,-4.611935146,-13.63064047
562.7532801,1387,-4.361785411,-13.77240993
561.4659821,1389,-4.18824771,-13.3915996
560.3220912,1390,-3.895,-13.013
559.0538738,1391,-3.835594106,-13.28355574
555.8102255,1394,-4.180205613,-14.09770839
552.4206672,1398,-4.556,-13.43854335
549.9772073,1400,-4.836682562,-14.38697015
548.847767,1401,-4.605138266,-14.82801806
547.6892822,1402,-4.407655569,-14.34761879
545.7638,1404,-4.232,-14.05
544.1516699,1406,-3.767629596,-14.09048928
540.2860783,1410,-3.754450148,-13.66133521
537.9593704,1412,-4.678,-13.84543369
534.5754182,1415,-4.973178709,-14.92812097
532.9654899,1417,-4.784833048,-15.22724465
530.0560642,1420,-4.52770781,-14.97060161
528.2132723,1422,-4.509,-14.606
525.6296243,1424,-3.93473474,-14.36269949
523.0422654,1427,-4.921844662,-14.53355831
519.999681,1430,-5.021,-13.95119463
518.4525067,1432,-4.980948454,-14.08531674
517.0365438,1433,-4.961021802,-14.45428699
515.4364674,1435,-4.557582873,-14.21378408
514.0492536,1436,-4.637,-13.766
512.508451,1437,-4.902369112,-13.78284557
510.0546779,1440,-5.05263845,-14.05616418
506.8321138,1443,-5.028,-14.80264702
503.0214208,1447,-4.640680015,-14.5475841
501.2292668,1449,-4.714466905,-14.72219237
498.5980379,1451,-4.81610743,-14.60703225
496.6659436,1453,-4.539,-14.161
495.4575611,1455,-4.487091437,-14.24202466
492.0487239,1458,-4.647975972,-14.48555878
488.2205757,1462,-4.881,-13.70684517
484.3990051,1466,-3.952617979,-13.58328806
482.786561,1467,-4.490402811,-14.28889599
480.829697,1469,-4.264934323,-14.71447956
478.9992944,1471,-4.658,-14.518
477.4833862,1473,-4.383999004,-14.09428354
475.1479094,1475,-3.877298351,-13.494515
471.6243597,1478,-4.073,-13.5026551
468.4158376,1482,-4.457160054,-13.926512
467.6977661,1482,-4.563463648,-14.17067461
467.0938362,1483,-4.295033974,-14.22589672
466.5997788,1483,-4.011,-13.968
466.1259334,1484,-4.187707896,-14.48132818
465.0108478,1485,-4.117413248,-14.30036489
464.0755267,1486,-4.399,-13.81348561
461.1754094,1489,-4.325738719,-14.73515869
460.3048842,1490,-4.473297173,-15.15803833
458.6863327,1491,-4.421283705,-14.78404787
456.9538288,1493,-4.559,-14.335
455.245074,1495,-4.154006994,-14.31989922
451.9410363,1498,-4.568663012,-14.73063494
449.9819917,1500,-4.556642556,-14.96970855
447.3989828,1503,-4.287,-13.91593229
444.0629733,1506,-4.681919651,-14.6998901
442.5417966,1507,-4.225484107,-14.44359379
440.1623367,1510,-3.860290173,-13.94391456
439.0640335,1511,-3.754,-13.257
438.4944814,1512,-3.809257615,-13.26385232
436.6623939,1513,-2.928972777,-13.2283092
434.9514027,1515,-3.122506131,-13.60339179
433.3623167,1517,-3.185,-12.87174093
429.2650366,1521,-4.224515192,-14.15765763
427.7987653,1522,-4.420028503,-15.18571835
426.24237,1524,-4.774060324,-15.67939902
425.4415331,1525,-4.95,-15.347
424.4629496,1526,-4.53986814,-14.95815478
421.8780408,1528,-3.818959156,-14.1236799
420.6115868,1529,-3.967934448,-14.41595272
419.3819124,1531,-3.803,-13.21723536
416.7543388,1533,-3.295694992,-13.27735579
415.7682891,1534,-3.463142745,-13.4826753
414.3094023,1536,-3.683528748,-13.54188381
412.6865954,1537,-3.93,-13.161
411.2073978,1539,-4.284676762,-13.97422124
407.5639012,1542,-4.541240929,-14.73568405
404.9189419,1545,-4.604638992,-14.8741552
402.4987194,1548,-4.387,-13.94661929
398.1065682,1552,-3.778918164,-13.74554863
396.4410363,1554,-3.854180446,-14.27667718
395.1211157,1555,-4.125701575,-14.62618236
393.6834093,1556,-4.65,-14.604
392.3856975,1558,-4.907166777,-15.05050577
387.1441529,1563,-4.880507456,-15.13861671
385.9494215,1564,-4.981057087,-15.23410117
384.5781584,1565,-4.9,-14.36099277
381.7045406,1568,-4.208350965,-14.43539289
379.4450909,1571,-4.336980341,-14.28019725
377.5763466,1572,-4.036,-13.816
376.011586,1574,-3.82834013,-13.84930008
373.4606756,1577,-3.844208852,-13.89635628
371.7189859,1578,-4.012214775,-14.74263014
369.5992481,1580,-3.639,-13.75326038
366.5609465,1583,-2.936215086,-13.30908871
363.490251,1587,-4.246146041,-13.99708933
361.7236584,1588,-4.442,-13.604
360.422708,1590,-4.105653297,-13.53214695
357.0792327,1593,-3.890762275,-13.72539499
355.9025542,1594,-4.482224904,-14.52442683
354.9538765,1595,-4.439,-13.99739631
351.709629,1598,-4.026197311,-14.56530813
349.9204776,1600,-4.902494132,-15.54374648
349.3393356,1601,-4.795,-14.863
348.5866135,1601,-4.755114895,-15.14632242
346.7992865,1603,-4.11591578,-14.88335317
344.3481201,1606,-4.125244949,-15.12771728
343.1760176,1607,-4.276,-13.95426515
340.2435696,1610,-4.899816603,-14.37754803
336.7698415,1613,-4.982572392,-15.16048831
334.9989447,1615,-4.869,-14.515
332.8349694,1617,-4.504155121,-14.52883663
329.7403604,1620,-4.561215048,-15.0956511
328.1720351,1622,-4.010361456,-14.50489991
326.9435669,1623,-3.956,-14.16729546
324.5680766,1625,-4.021930458,-13.68829587
322.6586893,1627,-4.161403493,-14.25479168
321.5179471,1628,-3.744,-13.89
320.1592525,1630,-3.786771763,-14.09764407
316.7528243,1633,-4.021017625,-14.51464239
315.7653067,1634,-4.566555632,-15.29947318
314.5985622,1635,-4.486,-14.26900838
310.9197864,1639,-4.821517102,-15.35200195
310.0397814,1640,-4.555824642,-15.81442984
308.3675985,1642,-4.382,-14.902
307.5330428,1642,-4.207251948,-14.8428063
304.6226159,1645,-3.91026353,-14.45855571
303.4816677,1647,-3.713843934,-14.4966742
302.4539038,1648,-3.721,-13.46536209
299.7115524,1650,-4.20969474,-14.05490248
296.0219739,1654,-4.589499453,-14.74225882
293.9799259,1656,-4.756,-14.404
293.0740409,1657,-4.360458789,-14.42262704
291.3048842,1659,-3.945176401,-13.86623815
289.8029461,1660,-4.425290671,-14.16460653
289.0329326,1661,-4.182,-13.60687076
286.2522701,1664,-3.536111465,-13.29574152
283.5173688,1666,-3.96054074,-13.43996921
281.9494072,1668,-4.106,-13.104
280.8087457,1669,-3.950988819,-13.52611427
278.5566153,1671,-4.676430414,-14.3795373
277.5038391,1672,-4.204443835,-14.74084102
276.3941176,1674,-4,-13.8779071
273.7399712,1676,-3.971678517,-14.48234526
272.3511632,1678,-3.824044557,-14.30445425
271.5395502,1678,-4.033,-13.948
270.6742045,1679,-4.512944449,-14.61734555
267.9485758,1682,-4.937291546,-15.13057306
267.0426908,1683,-5.107588923,-15.52100862
265.8690602,1684,-5.095,-14.85694751
264.1226259,1686,-4.537444324,-14.32470286
261.5746009,1688,-4.478916077,-14.57874961
260.6813369,1689,-3.924,-14.013
259.2946789,1691,-4.010610073,-14.16745376
256.6328382,1693,-4.379383035,-15.23123093
255.4726134,1695,-4.405542005,-15.35040185
254.3841953,1696,-4.311,-15.30425702
251.6773468,1698,-3.587471524,-14.7382589
250.8396131,1699,-3.62119712,-14.46617322
250.0696419,1700,-3.659994993,-14.11588808
249.3820225,1701,-3.848,-13.967
248.0808107,1702,-3.710434876,-13.65863366
245.8389387,1704,-3.677456907,-13.79436372
245.362651,1705,-3.945983532,-13.88540434
244.7244371,1705,-4.258,-13.34675002
243.4234322,1707,-4.539979291,-13.60346076
243.003428,1707,-4.453839105,-13.79313684
241.2678158,1709,-4.226110367,-13.7816561
240.345039,1710,-3.961,-13.655
239.1493003,1711,-3.7744949,-13.74386542
237.6477441,1712,-3.078577875,-14.06061198
236.2478141,1714,-2.624093221,-13.81585639
234.6543687,1715,-2.893,-12.79553903
231.9461893,1718,-3.739018604,-13.12923461
230.8705674,1719,-3.828789725,-13.59115329
229.7272049,1720,-4.380218094,-13.97560844
229.1497067,1721,-4.705,-13.717
228.6020516,1721,-4.848911304,-13.76810742
226.8555937,1723,-4.837709448,-14.09688976
225.5995271,1724,-4.471516226,-13.94551175
224.4185846,1726,-4.763,-13.53374168
222.5421542,1727,-4.215054273,-13.47322642
221.8981172,1728,-4.182070243,-13.812873
221.187331,1729,-4.214103966,-13.82415861
219.9994447,1730,-4.223,-13.46
218.8888558,1731,-4.12526721,-13.34885596
216.3843516,1734,-4.219372787,-13.65964892
214.8214085,1735,-4.439874729,-14.29653429
213.3507349,1737,-3.96,-12.90996737
210.6928447,1739,-4.04376403,-13.44483525
210.0599763,1740,-4.61794805,-14.12519567
207.8774556,1742,-4.631815142,-14.49946607
207.2357983,1743,-4.157,-13.855
206.5209502,1743,-3.932522604,-13.76223159
204.3828645,1746,-4.389804955,-14.39213987
203.1024872,1747,-4.54007926,-13.61227074
201.3111035,1749,-4.491448178,-13.9171051
198.6117632,1751,-4.479914098,-14.2425121
196.9996996,1753,-3.963869743,-14.06531829
195.576488,1754,-3.928628311,-13.85936514
194.1985254,1756,-4.364445767,-14.63455188
192.9240722,1757,-3.357183433,-13.46035702
188.9972693,1761,-3.598113875,-13.94923964
187.0947743,1763,-4.195161653,-14.40682158
185.3131326,1765,-4.37995183,-14.4147896
182.6319231,1767,-4.131626387,-14.20936993
180.2974195,1770,-4.087564931,-14.6815213
177.7902864,1772,-4.25481842,-15.22588327
175.5481124,1774,-3.875298862,-14.55779483
171.5660234,1778,-4.065752277,-14.48686486
170.0432247,1780,-4.016382422,-13.93881562
167.9587976,1782,-4.241406107,-13.50056938
165.9548801,1784,-4.561618338,-13.60270905
163.377279,1787,-4.192621675,-13.5453897
161.1837654,1789,-3.984988356,-13.39781322
159.8123338,1790,-3.572675376,-13.12981261
157.8839339,1792,-3.587597747,-13.21607586
156.4840909,1794,-3.762863212,-13.46411107
154.8327845,1795,-3.946260467,-13.34843584
153.1299632,1797,-3.989138846,-14.01859594
153,1797,-3.688972306,-13.94076609
152,1798,-3.688972306,-13.94076609
151,1799,-3.622043099,-13.97431093
150,1800,-3.606937985,-13.70416924
149,1801,-3.606937985,-13.70416924
148,1802,-4.250995684,-13.85832471
147,1803,-3.772451448,-13.81125574
146,1804,-4.037198067,-14.09996623
145,1805,-4.148066354,-14.03648386
144,1806,-3.460368476,-13.68063483
143,1807,-4.473833055,-14.49045143
142,1808,-4.166121311,-14.51630576
141,1809,-4.078468838,-14.87233505
140,1810,-3.995565066,-13.98019526
139,1811,-3.995565066,-13.98019526
138,1812,-3.898005528,-13.67947958
137,1813,-3.934507065,-13.74028976
136,1814,-3.934507065,-13.74028976
135,1815,-4.139317961,-14.09611444
134,1816,-4.139317961,-14.09611444
133,1817,-4.368635192,-14.16313033
132,1818,-3.899139032,-13.65693441
131,1819,-3.899139032,-13.65693441
130,1820,-3.735915437,-12.99731845
129,1821,-4.139317961,-14.09611444
128,1822,-2.59,-13.19
127,1823,-4.81,-14.43
126,1824,-3.54,-13.73
125,1825,-3.85,-13.84
124,1826,-3.02,-13.12
123,1827,-2.68,-13.12
122,1828,-2.69,-12.58
121,1829,-2.84,-12.99
120,1830,-3.21,-12.96
119,1831,-3.21,-12.96
118,1832,-3.46,-12.79
117,1833,-2.95,-12.54
116,1834,-2.95,-12.54
115,1835,-3.48,-12.84
114,1836,-4.59,-13.4
113,1837,-4.21,-13.05
112,1838,-3.96,-12.91
111,1839,-4.7,-13.56
110,1840,-4.7,-13.56
109,1841,-4.29,-13.07
108,1842,-4.59,-13.3
107,1843,-3.74,-12.91
106,1844,-3.77,-13.68
105,1845,-3.77,-13.68
104,1846,-4.65,-13.57
103,1847,-3.35,-12.99
102,1848,-4.26,-13.68
101,1849,-4.3,-13.56
100,1850,-3.52,-12.61
99,1851,-2.76,-12.81
98,1852,-4.11,-13.12
97,1853,-2.69,-12.58
96,1854,-2.84,-12.99
95,1855,-3.21,-12.96
94,1856,-3.21,-12.96
93,1857,-3.46,-12.79
92,1858,-2.95,-12.54
91,1859,-2.95,-12.54
90,1860,-3.48,-12.84
89,1861,-4.59,-13.4
88,1862,-4.21,-13.05
87,1863,-3.96,-12.91
86,1864,-4.7,-13.56
85,1865,-4.7,-13.56
84,1866,-4.29,-13.07
83,1867,-4.59,-13.3
82,1868,-3.74,-12.91
81,1869,-3.77,-13.68
80,1870,-3.77,-13.68
79,1871,-4.65,-13.57
78,1872,-3.35,-12.99
77,1873,-4.26,-13.68
76,1874,-4.3,-13.56
75,1875,-3.52,-12.61
74,1876,-2.76,-12.81
73,1877,-4.11,-13.12
72,1878,-4.1,-13.5
71,1879,-4.56,-13.55
70,1880,-4.56,-13.8
69,1881,-4.11,-13.58
68,1882,-4.11,-13.58
67,1883,-4.01,-13.72
66,1884,-3.98,-13.68
65,1885,-3.91,-13.89
64,1886,-4.27,-13.47
63,1887,-4.29,-13.26
62,1888,-4.72,-12.83
61,1889,-4.96,-13.62
60,1890,-4.96,-13.62
59,1891,-4.64,-13.83
58,1892,-4.91,-13.85
57,1893,-4.38,-13.52
56,1894,-4.47,-13.1
55,1895,-3.79,-12.81
54,1896,-4.62,-14.76
53,1897,-3.3,-12.48
52,1898,-3.63,-12.97
51,1899,-4.65,-13.24
50,1900,-3.57,-12.94
49,1901,-3.9,-12.46
48,1902,-3.89,-12.65
47,1903,-3.89,-12.65
46,1904,-4.71,-12.82
45,1905,-4.12,-13.82
44,1906,-5.25,-14.45
43,1907,-4.47,-14.36
42,1908,-5.08,-15.04
41,1909,-4.23,-14.45
40,1910,-3.41,-14.13
39,1911,-3.355,-14.07
38,1912,-3.3,-14.01
37,1913,-4.03,-14.02
36,1914,-4.82,-14.69
35,1915,-3.5,-13.74
34,1916,-4.03,-14.1
33,1917,-5.3,-14.2
32,1918,-5.08,-13.73
31,1919,-4.44,-13.61
30,1920,-4.44,-13.61
29,1921,-4.43,-13.9
28,1922,-3.46,-13.52
27,1923,-3.86,-13.23
26,1924,-3.05,-13.07
25,1925,-3.64,-13.48
24,1926,-3.57,-13.27
23,1927,-4.83,-12.79
22,1928,-4.2,-12.95
21,1929,-4.75,-14.19
20,1930,-4.64,-13.79
19,1931,-5.47,-14.38
18,1932,-4.71,-13.56
17,1933,-5.13,-14.3
16,1934,-3.37,-13.78
15,1935,-4.04,-13.83
14,1936,-4.04,-13.83
13,1937,-3.99,-13.61
12,1938,-4.31,-13.97
11,1939,-4.31,-13.97
10,1940,-4.31,-13.92
9,1941,-4.31,-13.92
8,1942,-4.31,-13.92
7,1943,-4.52,-13.43
6,1944,-4.52,-13.43
5,1945,-3.22,-13.05
4,1946,-3.22,-13.05
3,1947,-2.89,-13.05
1.5,1949,-1.76,-12.22
1,1949,-1.76,-12.22
0,1950,-3.48,-12.84
-1,1951,-3.45,-12.47
-2,1952,-5.49,-14.5
-3,1953,-4.35,-13.33
-4,1954,-4.35,-13.33
-5,1955,-4.3,-13.55
-6,1956,-4.3,-13.55
-7,1957,-4.48,-13.4
-8,1958,-3.7,-13.48
-9,1959,-1.71,-13.01
-10,1960,-2.56,-12.89
-11,1961,-3.55,-13.31
-12,1962,-3.34,-13.13
-13,1963,-1.18,-12.43
-14,1964,-2.42,-12.53
-15,1965,-4.61,-13.27
-16,1966,-3.05,-12.25
-17,1967,-2.71,-12.37
-18,1968,-2.84,-13.32
-19,1969,-1.98,-12.71
-20,1970,-1.73,-12.71
-21,1971,-1.82,-12.7
-22,1972,-3.16,-13.58
-23,1973,-2.41,-13.11
-24,1974,-1.69,-12.62
-25,1975,-3.05,-13.2
-26,1976,-3.92,-13.39
-27,1977,-3.4,-13.46
-28,1978,-3.4,-13.46
-29,1979,-4.89,-13.56
-30,1980,-3.56,-13.26
-31,1981,-3.96,-12.98
-32,1982,-3.96,-12.98
-33,1983,-3.96,-12.98
-34,1984,-4.2,-12.85
-35,1985,-4.2,-12.85
-36,1986,-4.5,-12.83
-37,1987,-4.5,-12.7
-38,1988,-3.91,-12.7
-39,1989,-3.91,-12.7
-40,1990,-3.19,-11.97
-41,1991,-3.87,-12.75
-42,1992,-3.87,-12.75
-43,1993,-4.44,-12.24
-44,1994,-4.44,-12.24
-45,1995,-4.27,-12.37
-46,1996,-3.26,-12.2
-47,1997,-3.78,-12.55
-48,1998,-3.78,-12.55
-49,1999,-3.55,-11.67
-50,2000,-3.85,-12.59
-51,2001,-2.92,-12.43
-52,2002,-2.93,-12.35
-53,2003,-3.46,-13.14
-54,2004,-3.94,-13.06
-55,2005,-3.72,-11.88
-56,2006,-3.63,-12.67
-57,2007,-2.74,-12.29