Year CE,SA_temp,SA_min,SA_max,LNA_anomalies,Composite_annual
857,-0.30,-1.12,0.53,-0.17,-0.26
858,-0.21,-1.00,0.58,-0.18,-0.03
859,-0.07,-0.88,0.74,-0.28,0.28
860,-0.38,-1.19,0.43,-0.23,-0.49
861,-0.41,-1.22,0.39,-0.26,-0.59
862,-0.19,-0.98,0.61,-0.35,-0.16
863,-0.37,-1.21,0.47,-0.31,-0.60
864,0.08,-0.80,0.96,-0.51,0.43
865,-0.32,-1.16,0.52,-0.47,-0.54
866,-0.38,-1.25,0.49,-0.50,-0.70
867,-0.31,-1.25,0.62,-0.53,-0.63
868,-0.32,-1.26,0.61,-0.52,-0.65
869,-0.39,-1.29,0.52,-0.52,-0.74
870,-0.36,-1.25,0.53,-0.50,-0.67
871,-0.43,-1.28,0.42,-0.46,-0.65
872,-0.56,-1.36,0.24,-0.40,-0.93
873,-0.69,-1.49,0.11,-0.30,-1.22
874,-0.59,-1.40,0.22,-0.30,-1.02
875,-0.40,-1.18,0.38,-0.37,-0.58
876,-0.71,-1.58,0.17,-0.22,-1.28
877,-0.35,-1.13,0.43,-0.32,-0.44
878,-0.15,-0.95,0.64,-0.37,0.03
879,-0.23,-1.08,0.62,-0.26,-0.27
880,-0.18,-1.03,0.67,-0.21,-0.12
881,0.07,-0.72,0.86,-0.27,0.56
882,-0.06,-0.86,0.74,-0.17,0.27
883,-0.02,-0.83,0.78,-0.19,0.34
884,-0.04,-0.84,0.76,-0.23,0.30
885,-0.06,-0.85,0.74,-0.20,0.24
886,0.12,-0.66,0.90,-0.27,0.63
887,-0.21,-1.06,0.63,-0.17,-0.16
888,0.32,-0.49,1.12,-0.36,1.03
889,0.04,-0.82,0.90,-0.33,0.55
890,-0.38,-1.20,0.44,-0.20,-0.48
891,-0.22,-1.01,0.56,-0.24,-0.12
892,-0.06,-0.84,0.73,-0.29,0.27
893,-0.04,-0.84,0.75,-0.27,0.21
894,-0.16,-1.03,0.70,-0.23,-0.09
895,0.14,-0.63,0.92,-0.34,0.62
896,0.17,-0.65,0.98,-0.36,0.74
897,-0.01,-0.82,0.80,-0.30,0.22
898,-0.02,-0.83,0.79,-0.32,0.19
899,-0.18,-1.06,0.70,-0.24,-0.18
900,-0.17,-1.05,0.71,-0.25,-0.16
901,0.00,-0.81,0.81,-0.29,0.24
902,-0.29,-1.13,0.55,-0.19,-0.33
903,-0.27,-1.12,0.57,-0.17,-0.28
904,0.06,-0.72,0.84,-0.26,0.51
905,0.07,-0.75,0.88,-0.24,0.44
906,0.24,-0.55,1.02,-0.28,0.84
907,-0.04,-0.84,0.77,-0.21,0.29
908,-0.03,-0.84,0.78,-0.17,0.30
909,0.22,-0.61,1.04,-0.27,0.92
910,-0.25,-1.11,0.61,-0.14,-0.18
911,0.01,-0.79,0.81,-0.21,0.46
912,-0.16,-0.96,0.65,-0.19,0.06
913,0.11,-0.72,0.94,-0.29,0.68
914,-0.28,-1.08,0.51,-0.19,-0.21
915,-0.19,-0.97,0.60,-0.26,0.01
916,-0.10,-0.96,0.76,-0.30,0.27
917,-0.55,-1.38,0.27,-0.15,-0.80
918,-0.31,-1.15,0.54,-0.20,-0.37
919,0.16,-0.64,0.96,-0.35,0.73
920,-0.12,-0.92,0.68,-0.24,0.07
921,0.04,-0.74,0.82,-0.29,0.46
922,-0.01,-0.82,0.81,-0.26,0.29
923,-0.14,-1.02,0.74,-0.17,-0.03
924,0.02,-0.80,0.83,-0.21,0.36
925,0.34,-0.45,1.13,-0.30,1.12
926,-0.05,-0.88,0.77,-0.15,0.29
927,-0.40,-1.37,0.57,-0.01,-0.45
928,-0.10,-0.96,0.77,-0.06,0.26
929,0.11,-0.74,0.97,-0.11,0.66
930,0.13,-0.74,0.99,-0.08,0.70
931,0.12,-0.74,0.99,-0.12,0.69
932,-0.09,-0.97,0.78,-0.06,0.30
933,-0.12,-0.98,0.74,-0.09,0.22
934,0.14,-0.72,1.00,-0.22,0.82
935,0.02,-0.81,0.84,-0.17,0.40
936,0.00,-0.82,0.83,-0.18,0.36
937,-0.27,-1.26,0.72,-0.07,-0.29
938,0.03,-0.79,0.86,-0.21,0.41
939,0.04,-0.79,0.86,-0.19,0.43
940,0.23,-0.58,1.04,-0.24,0.94
941,-0.08,-0.90,0.74,-0.17,0.22
942,-0.16,-0.97,0.66,-0.14,0.07
943,-0.17,-0.98,0.64,-0.16,0.03
944,-0.05,-0.87,0.76,-0.18,0.22
945,-0.06,-0.87,0.76,-0.19,0.22
946,-0.43,-1.29,0.43,-0.08,-0.51
947,-0.15,-0.96,0.67,-0.19,0.15
948,-0.20,-1.22,0.82,-0.12,-0.24
949,0.08,-0.76,0.92,-0.24,0.41
950,0.13,-0.73,1.00,-0.28,0.48
951,0.12,-0.75,0.98,-0.30,0.44
952,-0.21,-1.01,0.58,-0.22,-0.13
953,-0.23,-1.02,0.57,-0.25,-0.17
954,0.11,-0.68,0.89,-0.34,0.57
955,-0.05,-0.82,0.73,-0.32,0.21
956,-0.11,-0.88,0.67,-0.33,0.10
957,-0.55,-1.48,0.38,-0.15,-0.93
958,-0.27,-1.07,0.52,-0.28,-0.30
959,-0.38,-1.17,0.40,-0.28,-0.50
960,-0.41,-1.19,0.38,-0.28,-0.58
961,-0.35,-1.15,0.45,-0.31,-0.50
962,-0.36,-1.16,0.44,-0.32,-0.53
963,-0.09,-0.89,0.72,-0.42,0.11
964,-0.40,-1.20,0.41,-0.34,-0.63
965,-0.57,-1.36,0.23,-0.34,-0.98
966,-0.63,-1.45,0.18,-0.38,-1.15
967,-0.50,-1.39,0.40,-0.47,-0.97
968,-0.08,-1.04,0.87,-0.64,-0.02
969,-0.12,-1.07,0.82,-0.59,-0.07
970,-0.24,-1.12,0.64,-0.55,-0.33
971,-0.42,-1.28,0.43,-0.47,-0.60
972,-0.68,-1.47,0.11,-0.37,-1.18
973,-0.37,-1.20,0.47,-0.43,-0.44
974,-0.39,-1.22,0.44,-0.38,-0.66
975,-0.40,-1.23,0.44,-0.37,-0.68
976,-0.34,-1.20,0.52,-0.39,-0.59
977,-0.06,-0.90,0.79,-0.51,0.06
978,-0.49,-1.30,0.33,-0.34,-0.85
979,-0.49,-1.30,0.33,-0.37,-0.85
980,-0.19,-1.02,0.64,-0.48,-0.17
981,-0.20,-1.04,0.63,-0.48,-0.21
982,-0.52,-1.35,0.30,-0.41,-0.94
983,-0.88,-1.78,0.02,-0.26,-1.72
984,-0.59,-1.39,0.21,-0.39,-1.02
985,-0.57,-1.37,0.23,-0.36,-0.98
986,-0.20,-1.02,0.62,-0.43,-0.17
987,-0.48,-1.29,0.33,-0.35,-0.81
988,-0.43,-1.25,0.39,-0.35,-0.73
989,-0.15,-0.97,0.67,-0.45,-0.08
990,-0.65,-1.43,0.14,-0.32,-1.10
991,-0.65,-1.43,0.14,-0.31,-1.09
992,-0.66,-1.45,0.12,-0.28,-1.12
993,-0.69,-1.47,0.10,-0.29,-1.16
994,-0.57,-1.36,0.22,-0.34,-0.95
995,-0.30,-1.11,0.52,-0.42,-0.31
996,-0.03,-0.86,0.80,-0.48,0.14
997,-0.31,-1.17,0.55,-0.40,-0.53
998,-0.15,-1.16,0.85,-0.49,0.10
999,-0.50,-1.30,0.30,-0.36,-0.84
1000,-0.77,-1.68,0.15,-0.23,-1.45
1001,-0.30,-1.16,0.55,-0.34,-0.49
1002,-0.03,-0.85,0.79,-0.47,0.14
1003,0.01,-0.81,0.83,-0.46,0.21
1004,-0.06,-0.87,0.75,-0.44,0.09
1005,-0.33,-1.18,0.51,-0.39,-0.55
1006,-0.14,-0.95,0.68,-0.45,-0.06
1007,-0.43,-1.26,0.40,-0.37,-0.74
1008,-0.69,-1.65,0.26,-0.26,-1.36
1009,-0.43,-1.26,0.40,-0.36,-0.74
1010,-0.51,-1.32,0.30,-0.33,-0.87
1011,-0.41,-1.24,0.42,-0.36,-0.69
1012,-0.41,-1.24,0.42,-0.36,-0.69
1013,-0.41,-1.24,0.42,-0.36,-0.69
1014,-0.29,-1.09,0.52,-0.41,-0.32
1015,-0.56,-1.36,0.24,-0.33,-0.95
1016,-0.58,-1.38,0.22,-0.36,-1.00
1017,-0.07,-1.00,0.86,-0.54,0.19
1018,-0.55,-1.39,0.29,-0.38,-0.80
1019,-0.53,-1.36,0.30,-0.36,-0.95
1020,-0.29,-1.12,0.54,-0.47,-0.39
1021,-0.57,-1.42,0.27,-0.39,-1.07
1022,-0.10,-1.01,0.80,-0.56,-0.13
1023,-0.10,-1.01,0.80,-0.57,-0.13
1024,-0.59,-1.42,0.25,-0.40,-1.09
1025,-0.30,-1.12,0.53,-0.48,-0.40
1026,-0.55,-1.37,0.27,-0.36,-0.97
1027,-0.30,-1.12,0.52,-0.45,-0.40
1028,-0.56,-1.40,0.27,-0.39,-1.03
1029,-0.59,-1.42,0.25,-0.40,-1.09
1030,-0.34,-1.18,0.50,-0.51,-0.52
1031,-0.32,-1.17,0.52,-0.49,-0.50
1032,-0.38,-1.31,0.55,-0.45,-0.76
1033,-0.12,-1.01,0.77,-0.55,-0.16
1034,-0.12,-1.01,0.77,-0.55,-0.14
1035,-0.08,-0.96,0.81,-0.55,-0.06
1036,-0.05,-0.92,0.82,-0.51,0.02
1037,0.00,-0.86,0.86,-0.52,0.14
1038,-0.12,-0.93,0.69,-0.44,-0.04
1039,-0.36,-1.20,0.47,-0.34,-0.59
1040,-0.44,-1.25,0.37,-0.32,-0.72
1041,-0.18,-0.97,0.61,-0.38,-0.10
1042,-0.45,-1.25,0.36,-0.26,-0.71
1043,-0.18,-0.97,0.60,-0.38,-0.10
1044,-0.22,-1.01,0.57,-0.36,-0.15
1045,-0.26,-1.11,0.59,-0.34,-0.38
1046,0.00,-0.80,0.80,-0.39,0.22
1047,-0.33,-1.15,0.50,-0.33,-0.49
1048,-0.32,-1.15,0.50,-0.34,-0.48
1049,-0.33,-1.16,0.49,-0.30,-0.49
1050,-0.08,-0.86,0.71,-0.38,0.11
1051,-0.33,-1.16,0.49,-0.28,-0.49
1052,-0.36,-1.19,0.47,-0.28,-0.55
1053,0.16,-0.70,1.02,-0.46,0.67
1054,-0.03,-0.82,0.75,-0.39,0.20
1055,-0.01,-0.79,0.77,-0.38,0.26
1056,-0.25,-1.07,0.57,-0.27,-0.28
1057,0.01,-0.76,0.79,-0.36,0.34
1058,0.20,-0.61,1.01,-0.38,0.65
1059,-0.31,-1.12,0.50,-0.23,-0.36
1060,-0.06,-0.83,0.72,-0.32,0.23
1061,-0.18,-0.96,0.60,-0.28,-0.05
1062,0.07,-0.96,1.10,-0.38,0.69
1063,-0.28,-1.10,0.53,-0.22,-0.31
1064,-0.03,-0.81,0.74,-0.30,0.28
1065,-0.55,-1.37,0.26,-0.16,-0.76
1066,-0.31,-1.14,0.51,-0.24,-0.20
1067,0.11,-0.76,0.98,-0.38,0.66
1068,-0.17,-0.96,0.62,-0.28,0.02
1069,-0.54,-1.35,0.26,-0.20,-0.77
1070,-0.28,-1.09,0.54,-0.28,-0.14
1071,-0.46,-1.28,0.35,-0.18,-0.59
1072,-0.19,-1.01,0.62,-0.21,0.05
1073,-0.30,-1.17,0.56,-0.16,-0.12
1074,-0.54,-1.39,0.32,-0.07,-0.66
1075,-0.70,-1.64,0.24,0.00,-1.08
1076,-0.19,-1.05,0.66,-0.19,0.11
1077,0.07,-0.89,1.02,-0.27,0.72
1078,-0.32,-1.17,0.53,-0.07,-0.24
1079,-0.24,-1.09,0.62,-0.09,-0.07
1080,0.03,-0.80,0.86,-0.17,0.55
1081,0.01,-0.83,0.85,-0.16,0.53
1082,0.01,-0.83,0.84,-0.16,0.51
1083,-0.05,-0.89,0.79,-0.18,0.40
1084,0.10,-0.69,0.90,-0.21,0.64
1085,0.08,-0.71,0.87,-0.22,0.58
1086,0.09,-0.69,0.87,-0.25,0.57
1087,0.06,-0.72,0.84,-0.29,0.48
1088,-0.24,-1.04,0.57,-0.22,-0.06
1089,-0.53,-1.33,0.27,-0.20,-0.76
1090,-0.25,-1.04,0.53,-0.32,-0.18
1091,-0.53,-1.33,0.26,-0.23,-0.85
1092,-0.17,-0.96,0.62,-0.41,-0.12
1093,0.04,-0.83,0.91,-0.51,0.36
1094,-0.68,-1.48,0.12,-0.31,-1.21
1095,-0.46,-1.27,0.35,-0.41,-0.71
1096,-0.16,-1.02,0.69,-0.49,-0.21
1097,-0.13,-0.97,0.71,-0.48,-0.12
1098,-0.20,-1.00,0.60,-0.42,-0.18
1099,-0.16,-0.95,0.62,-0.39,-0.09
1100,-0.34,-1.12,0.45,-0.31,-0.45
1101,-0.46,-1.27,0.35,-0.29,-0.74
1102,-0.48,-1.38,0.42,-0.27,-0.86
1103,-0.12,-0.92,0.68,-0.42,-0.03
1104,-0.13,-0.93,0.67,-0.41,-0.05
1105,-0.19,-0.99,0.60,-0.39,-0.17
1106,-0.21,-1.01,0.59,-0.42,-0.23
1107,-0.40,-1.19,0.40,-0.41,-0.56
1108,-0.65,-1.45,0.16,-0.32,-1.14
1109,0.04,-0.83,0.90,-0.51,0.34
1110,-0.18,-0.98,0.62,-0.43,-0.15
1111,-0.41,-1.25,0.43,-0.31,-0.68
1112,-0.26,-1.06,0.53,-0.39,-0.30
1113,-0.30,-1.10,0.50,-0.39,-0.41
1114,-0.38,-1.19,0.44,-0.42,-0.58
1115,-0.25,-1.16,0.67,-0.53,-0.25
1116,-0.75,-1.58,0.09,-0.37,-1.43
1117,-0.48,-1.31,0.35,-0.48,-0.82
1118,-0.44,-1.26,0.37,-0.44,-0.72
1119,-0.39,-1.19,0.41,-0.41,-0.58
1120,-0.29,-1.08,0.50,-0.38,-0.36
1121,-0.25,-1.04,0.54,-0.39,-0.28
1122,-0.27,-1.06,0.53,-0.40,-0.33
1123,-0.36,-1.26,0.54,-0.46,-0.37
1124,-0.25,-1.08,0.58,-0.47,-0.36
1125,-0.44,-1.25,0.38,-0.43,-0.70
1126,-0.33,-1.25,0.58,-0.51,-0.39
1127,-0.58,-1.41,0.24,-0.43,-0.99
1128,-0.83,-1.65,-0.01,-0.37,-1.57
1129,-0.61,-1.45,0.22,-0.47,-1.07
1130,-0.48,-1.35,0.39,-0.52,-0.88
1131,-0.47,-1.38,0.43,-0.57,-0.91
1132,-0.51,-1.43,0.42,-0.58,-1.00
1133,-0.70,-1.69,0.29,-0.51,-1.50
1134,-0.47,-1.44,0.50,-0.62,-0.98
1135,-0.45,-1.43,0.53,-0.59,-0.94
1136,-0.22,-1.24,0.81,-0.69,-0.39
1137,-0.70,-1.70,0.31,-0.50,-1.50
1138,-0.47,-1.44,0.51,-0.58,-0.97
1139,-0.91,-1.83,0.01,-0.50,-1.88
1140,-0.70,-1.63,0.24,-0.57,-1.39
1141,-0.38,-1.41,0.65,-0.70,-0.72
1142,-0.49,-1.51,0.52,-0.66,-1.06
1143,-0.27,-1.29,0.76,-0.70,-0.50
1144,-0.71,-1.67,0.26,-0.47,-1.49
1145,-0.41,-1.30,0.48,-0.52,-0.77
1146,-0.31,-1.16,0.54,-0.51,-0.52
1147,-0.45,-1.31,0.40,-0.35,-0.81
1148,-0.26,-1.04,0.51,-0.31,-0.24
1149,0.04,-0.78,0.87,-0.36,0.50
1150,-0.33,-1.17,0.50,-0.19,-0.38
1151,-0.07,-0.85,0.71,-0.27,0.21
1152,-0.13,-0.90,0.65,-0.29,0.06
1153,-0.27,-1.05,0.51,-0.33,-0.25
1154,0.01,-0.81,0.84,-0.48,0.33
1155,-0.13,-0.97,0.71,-0.42,0.09
1156,-0.65,-1.45,0.15,-0.19,-1.05
1157,-0.38,-1.18,0.41,-0.29,-0.41
1158,-0.17,-0.94,0.61,-0.26,0.00
1159,0.03,-0.75,0.82,-0.28,0.37
1160,0.20,-0.61,1.00,-0.29,0.68
1161,0.69,-0.15,1.54,-0.43,1.85
1162,0.28,-0.53,1.10,-0.26,0.89
1163,-0.36,-1.23,0.51,-0.07,-0.34
1164,0.35,-0.62,1.31,-0.33,1.29
1165,-0.18,-0.99,0.64,-0.16,0.09
1166,-0.16,-0.96,0.65,-0.20,0.10
1167,-0.17,-0.96,0.63,-0.19,0.07
1168,0.06,-0.77,0.89,-0.28,0.58
1169,-0.25,-1.11,0.60,-0.19,-0.24
1170,-0.15,-0.94,0.65,-0.19,0.10
1171,-0.13,-0.94,0.67,-0.21,0.15
1172,-0.07,-0.87,0.73,-0.21,0.28
1173,-0.06,-0.87,0.74,-0.21,0.29
1174,-0.05,-0.86,0.75,-0.22,0.30
1175,-0.22,-1.09,0.64,-0.15,-0.14
1176,0.38,-0.41,1.16,-0.31,1.15
1177,0.36,-0.42,1.15,-0.31,1.13
1178,0.23,-0.57,1.03,-0.30,0.91
1179,-0.01,-0.80,0.79,-0.22,0.38
1180,-0.26,-1.09,0.58,-0.10,-0.11
1181,0.17,-0.63,0.96,-0.24,0.76
1182,0.01,-0.79,0.82,-0.20,0.43
1183,0.01,-0.80,0.81,-0.18,0.42
1184,0.07,-0.73,0.87,-0.22,0.51
1185,0.28,-0.52,1.07,-0.29,1.00
1186,0.30,-0.49,1.09,-0.27,1.04
1187,-0.09,-0.90,0.72,-0.16,0.24
1188,-0.32,-1.18,0.55,-0.08,-0.29
1189,-0.13,-0.94,0.67,-0.14,0.14
1190,-0.02,-0.82,0.77,-0.20,0.33
1191,0.23,-0.56,1.02,-0.30,0.89
1192,0.03,-0.77,0.83,-0.23,0.43
1193,-0.18,-1.00,0.64,-0.16,0.08
1194,0.17,-0.65,0.98,-0.26,0.81
1195,0.29,-0.50,1.08,-0.27,1.02
1196,0.35,-0.43,1.14,-0.31,1.12
1197,-0.45,-1.32,0.43,-0.05,-0.51
1198,0.13,-0.68,0.95,-0.26,0.74
1199,0.29,-0.50,1.07,-0.30,0.99
1200,0.32,-0.46,1.10,-0.31,1.04
1201,-0.02,-0.82,0.77,-0.21,0.31
1202,-0.57,-1.44,0.29,-0.08,-0.77
1203,-0.59,-1.45,0.27,-0.10,-0.82
1204,0.04,-0.76,0.84,-0.31,0.50
1205,0.57,-0.25,1.39,-0.45,1.51
1206,0.02,-0.78,0.82,-0.27,0.31
1207,0.23,-0.55,1.01,-0.34,0.81
1208,-0.06,-0.85,0.73,-0.25,0.20
1209,-0.35,-1.21,0.50,-0.13,-0.42
1210,-0.27,-1.14,0.60,-0.14,-0.26
1211,-0.15,-0.95,0.64,-0.23,0.07
1212,-0.48,-1.36,0.40,-0.12,-0.48
1213,-0.56,-1.47,0.36,-0.10,-0.60
1214,-0.27,-1.09,0.55,-0.13,-0.12
1215,-0.31,-1.18,0.56,-0.12,-0.31
1216,0.30,-0.56,1.17,-0.32,1.13
1217,-0.13,-0.95,0.68,-0.14,0.13
1218,0.43,-0.40,1.27,-0.33,1.36
1219,-0.19,-1.09,0.71,-0.10,-0.07
1220,0.02,-0.80,0.84,-0.18,0.43
1221,0.10,-0.72,0.93,-0.23,0.70
1222,0.14,-0.68,0.96,-0.05,0.77
1223,0.15,-0.63,0.92,-0.06,0.68
1224,-0.01,-0.84,0.83,0.02,0.38
1225,0.16,-0.63,0.95,-0.02,0.72
1226,0.24,-0.52,1.01,-0.13,0.87
1227,-0.19,-0.96,0.58,-0.14,0.01
1228,0.04,-0.76,0.85,-0.33,0.45
1229,-0.14,-0.88,0.60,-0.28,0.03
1230,-0.02,-0.77,0.74,-0.21,0.30
1231,0.07,-0.71,0.84,-0.20,0.41
1232,0.11,-0.63,0.86,-0.25,0.55
1233,0.07,-0.73,0.88,-0.33,0.53
1234,-0.02,-0.79,0.75,-0.27,0.23
1235,0.05,-0.73,0.83,-0.27,0.35
1236,0.32,-0.43,1.07,-0.26,0.92
1237,0.11,-0.64,0.85,-0.25,0.53
1238,0.07,-0.74,0.89,-0.42,0.46
1239,-0.12,-0.89,0.65,-0.14,0.14
1240,0.19,-0.63,1.00,-0.26,0.79
1241,-0.38,-1.20,0.45,-0.13,-0.27
1242,-0.41,-1.23,0.41,-0.13,-0.41
1243,0.04,-0.73,0.80,-0.24,0.42
1244,0.01,-0.75,0.78,-0.22,0.41
1245,-0.15,-0.93,0.64,-0.08,0.13
1246,0.20,-0.61,1.01,-0.19,0.83
1247,-0.12,-0.91,0.67,-0.07,0.19
1248,-0.45,-1.27,0.36,-0.11,-0.49
1249,-0.13,-0.90,0.64,-0.28,0.11
1250,0.05,-0.75,0.85,-0.31,0.47
1251,-0.10,-0.90,0.70,-0.03,0.24
1252,-0.16,-1.03,0.72,0.06,0.20
1253,0.05,-0.69,0.80,-0.22,0.45
1254,0.17,-0.58,0.91,-0.20,0.67
1255,0.23,-0.52,0.98,-0.14,0.81
1256,0.30,-0.47,1.07,-0.26,0.93
1257,-0.02,-0.79,0.76,-0.10,0.35
1258,-0.05,-0.85,0.75,-0.04,0.34
1259,0.26,-0.51,1.03,-0.20,0.90
1260,0.09,-0.66,0.84,-0.20,0.55
1261,0.25,-0.51,1.00,-0.21,0.79
1262,0.09,-0.68,0.87,-0.09,0.54
1263,0.08,-0.68,0.83,-0.16,0.54
1264,0.09,-0.67,0.85,-0.27,0.48
1265,0.02,-0.77,0.81,-0.20,0.33
1266,0.13,-0.62,0.88,-0.21,0.60
1267,0.14,-0.62,0.89,-0.16,0.65
1268,-0.09,-0.86,0.67,-0.24,0.20
1269,-0.02,-0.78,0.73,-0.27,0.29
1270,0.01,-0.74,0.76,-0.21,0.38
1271,-0.08,-0.88,0.72,-0.02,0.28
1272,-0.19,-1.05,0.66,0.02,0.05
1273,-0.15,-0.92,0.63,-0.12,0.10
1274,-0.37,-1.20,0.46,-0.05,-0.24
1275,0.05,-0.76,0.86,-0.19,0.54
1276,-0.02,-0.81,0.77,-0.09,0.40
1277,-0.34,-1.13,0.46,-0.10,-0.23
1278,-0.01,-0.76,0.74,-0.22,0.32
1279,0.23,-0.58,1.03,-0.13,0.73
1280,0.24,-0.51,0.99,-0.15,0.83
1281,-0.11,-0.96,0.73,-0.01,0.15
1282,-0.02,-0.80,0.76,-0.11,0.33
1283,0.06,-0.69,0.81,-0.15,0.50
1284,0.13,-0.62,0.88,-0.19,0.61
1285,0.07,-0.72,0.85,-0.09,0.45
1286,-0.06,-0.82,0.69,-0.20,0.23
1287,-0.03,-0.78,0.72,-0.26,0.30
1288,0.00,-0.77,0.77,-0.11,0.38
1289,-0.31,-1.14,0.52,-0.09,-0.27
1290,-0.42,-1.24,0.39,-0.17,-0.53
1291,-0.19,-1.00,0.61,-0.08,-0.02
1292,0.08,-0.67,0.83,-0.13,0.51
1293,-0.07,-0.85,0.71,-0.19,0.18
1294,0.21,-0.54,0.96,-0.15,0.75
1295,0.12,-0.63,0.87,-0.23,0.54
1296,-0.04,-0.82,0.74,-0.42,0.22
1297,-0.04,-0.80,0.72,-0.30,0.21
1298,-0.01,-0.76,0.74,-0.26,0.30
1299,-0.04,-0.78,0.71,-0.22,0.27
1300,-0.08,-0.83,0.67,-0.18,0.21
1301,-0.08,-0.83,0.68,-0.18,0.22
1302,-0.09,-0.85,0.66,-0.16,0.20
1303,-0.01,-0.77,0.74,-0.16,0.33
1304,-0.05,-0.85,0.76,-0.15,0.36
1305,0.01,-0.77,0.79,-0.19,0.45
1306,0.08,-0.68,0.84,-0.13,0.54
1307,0.13,-0.63,0.89,-0.10,0.63
1308,0.16,-0.59,0.92,-0.23,0.69
1309,-0.10,-0.87,0.68,-0.11,0.23
1310,-0.21,-1.00,0.59,-0.08,0.00
1311,-0.14,-0.91,0.64,-0.16,0.14
1312,0.13,-0.63,0.89,-0.25,0.60
1313,-0.42,-1.26,0.42,-0.03,-0.42
1314,-0.08,-0.87,0.72,-0.04,0.31
1315,-0.27,-1.06,0.53,-0.08,-0.11
1316,0.01,-0.82,0.83,-0.31,0.41
1317,0.09,-0.68,0.87,-0.15,0.60
1318,-0.11,-0.91,0.69,-0.05,0.18
1319,0.07,-0.71,0.84,-0.20,0.55
1320,-0.07,-0.87,0.72,-0.06,0.31
1321,0.02,-0.78,0.82,-0.13,0.50
1322,-0.12,-0.89,0.66,-0.16,0.17
1323,0.08,-0.72,0.89,-0.08,0.64
1324,-0.12,-0.94,0.69,0.00,0.19
1325,-0.18,-0.95,0.59,-0.16,0.04
1326,0.33,-0.41,1.08,-0.14,1.02
1327,0.19,-0.57,0.96,-0.10,0.79
1328,-0.13,-0.89,0.64,-0.24,0.08
1329,0.17,-0.59,0.93,-0.12,0.75
1330,0.07,-0.74,0.88,0.02,0.61
1331,0.12,-0.67,0.91,-0.06,0.70
1332,0.08,-0.71,0.86,-0.04,0.59
1333,0.05,-0.74,0.85,-0.02,0.56
1334,0.26,-0.55,1.07,-0.09,0.99
1335,-0.28,-1.24,0.69,0.22,0.02
1336,0.13,-0.78,1.05,0.12,0.86
1337,0.20,-0.60,1.01,-0.02,0.89
1338,-0.13,-1.02,0.75,0.03,0.15
1339,0.39,-0.43,1.21,-0.18,1.10
1340,0.48,-0.33,1.29,-0.13,1.30
1341,0.27,-0.55,1.08,-0.02,0.93
1342,0.22,-0.60,1.04,-0.05,0.90
1343,0.06,-0.77,0.88,-0.05,0.56
1344,0.11,-0.70,0.92,-0.11,0.66
1345,-0.06,-0.87,0.75,-0.06,0.32
1346,0.02,-0.78,0.82,0.00,0.49
1347,0.06,-0.71,0.82,-0.12,0.52
1348,-0.02,-0.81,0.76,-0.28,0.20
1349,-0.13,-0.90,0.63,-0.30,-0.01
1350,0.09,-0.66,0.85,-0.34,0.46
1351,0.06,-0.72,0.84,-0.20,0.44
1352,-0.32,-1.08,0.44,-0.34,-0.39
1353,-0.28,-1.06,0.49,-0.50,-0.28
1354,-0.32,-1.07,0.43,-0.36,-0.31
1355,-0.20,-1.00,0.60,-0.27,0.02
1356,-0.41,-1.21,0.38,-0.15,-0.43
1357,-0.37,-1.17,0.43,-0.14,-0.37
1358,-0.33,-1.11,0.44,-0.24,-0.30
1359,-0.18,-0.93,0.58,-0.32,-0.01
1360,-0.21,-0.99,0.58,-0.18,0.02
1361,-0.58,-1.42,0.26,-0.08,-0.76
1362,-0.21,-0.96,0.53,-0.32,-0.10
1363,-0.33,-1.09,0.43,-0.23,-0.31
1364,-0.41,-1.17,0.34,-0.22,-0.48
1365,-0.55,-1.32,0.23,-0.25,-0.77
1366,-0.38,-1.14,0.37,-0.25,-0.42
1367,-0.33,-1.08,0.43,-0.22,-0.32
1368,0.01,-0.74,0.77,-0.40,0.28
1369,-0.64,-1.40,0.12,-0.38,-0.96
1370,-0.26,-1.02,0.50,-0.38,-0.20
1371,-0.29,-1.07,0.49,-0.17,-0.21
1372,-0.30,-1.07,0.46,-0.21,-0.26
1373,-0.02,-0.77,0.73,-0.37,0.23
1374,-0.26,-1.00,0.49,-0.34,-0.24
1375,-0.52,-1.27,0.22,-0.37,-0.73
1376,-0.31,-1.06,0.44,-0.41,-0.30
1377,0.03,-0.75,0.81,-0.24,0.32
1378,-0.38,-1.17,0.40,-0.24,-0.46
1379,-0.16,-0.93,0.61,-0.36,-0.06
1380,-0.34,-1.16,0.47,-0.27,-0.43
1381,-0.54,-1.34,0.26,-0.38,-0.84
1382,-0.52,-1.30,0.26,-0.47,-0.80
1383,-0.19,-1.02,0.64,-0.54,-0.26
1384,-0.40,-1.22,0.43,-0.56,-0.66
1385,-0.34,-1.16,0.49,-0.48,-0.52
1386,-0.53,-1.37,0.31,-0.51,-0.92
1387,-0.53,-1.36,0.30,-0.43,-0.89
1388,-0.20,-1.06,0.66,-0.38,-0.19
1389,-0.33,-1.14,0.49,-0.53,-0.48
1390,-0.54,-1.45,0.37,-0.61,-1.03
1391,-0.59,-1.42,0.23,-0.58,-1.04
1392,-0.57,-1.41,0.26,-0.59,-1.01
1393,-0.41,-1.25,0.44,-0.56,-0.67
1394,-0.59,-1.47,0.28,-0.45,-1.02
1395,-0.52,-1.39,0.35,-0.59,-0.94
1396,-0.42,-1.32,0.47,-0.71,-0.80
1397,-0.51,-1.39,0.36,-0.59,-0.94
1398,-0.53,-1.40,0.34,-0.73,-0.99
1399,-0.79,-1.66,0.09,-0.79,-1.53
1400,-0.42,-1.26,0.43,-0.53,-0.67
1401,-0.69,-1.55,0.16,-0.51,-1.23
1402,-0.86,-1.74,0.03,-0.54,-1.60
1403,-0.68,-1.51,0.15,-0.68,-1.24
1404,-0.80,-1.66,0.06,-0.58,-1.49
1405,-0.79,-1.70,0.11,-0.50,-1.46
1406,-0.23,-1.12,0.66,-0.46,-0.30
1407,-0.12,-1.03,0.79,-0.43,-0.09
1408,-0.37,-1.25,0.52,-0.41,-0.54
1409,-0.61,-1.43,0.22,-0.54,-1.06
1410,-0.73,-1.54,0.07,-0.59,-1.31
1411,-0.71,-1.52,0.09,-0.60,-1.29
1412,-0.79,-1.59,0.02,-0.70,-1.38
1413,-0.65,-1.50,0.19,-0.74,-1.23
1414,-0.77,-1.63,0.09,-0.65,-1.46
1415,-0.64,-1.48,0.20,-0.64,-1.19
1416,-0.65,-1.45,0.14,-0.61,-1.15
1417,-0.60,-1.45,0.26,-0.62,-1.11
1418,-0.58,-1.42,0.27,-0.59,-1.05
1419,-0.76,-1.60,0.07,-0.55,-1.39
1420,-0.54,-1.38,0.30,-0.73,-0.98
1421,-0.54,-1.43,0.34,-0.66,-1.04
1422,-0.56,-1.41,0.29,-0.61,-1.03
1423,-0.52,-1.39,0.35,-0.61,-0.96
1424,-0.62,-1.46,0.21,-0.61,-1.14
1425,-0.77,-1.58,0.03,-0.56,-1.36
1426,-0.46,-1.29,0.37,-0.53,-0.77
1427,-0.55,-1.36,0.27,-0.56,-0.94
1428,-0.47,-1.29,0.35,-0.66,-0.80
1429,-0.34,-1.18,0.51,-0.51,-0.54
1430,-0.58,-1.41,0.24,-0.54,-1.02
1431,-0.72,-1.51,0.07,-0.63,-1.29
1432,-0.53,-1.33,0.26,-0.49,-0.85
1433,-0.44,-1.27,0.40,-0.46,-0.71
1434,-0.49,-1.30,0.31,-0.55,-0.94
1435,-0.46,-1.29,0.36,-0.60,-0.97
1436,-0.65,-1.41,0.11,-0.51,-1.23
1437,-0.42,-1.21,0.38,-0.58,-0.93
1438,-0.45,-1.27,0.37,-0.54,-1.19
1439,-0.45,-1.22,0.33,-0.43,-0.85
1440,-0.75,-1.52,0.01,-0.45,-1.55
1441,-0.66,-1.41,0.08,-0.52,-1.20
1442,-0.80,-1.55,-0.05,-0.46,-1.51
1443,-0.49,-1.26,0.28,-0.52,-0.99
1444,-0.53,-1.32,0.26,-0.59,-1.08
1445,-0.75,-1.54,0.03,-0.59,-1.63
1446,-0.84,-1.67,0.00,-0.49,-2.01
1447,-0.82,-1.61,-0.04,-0.51,-1.66
1448,-0.76,-1.52,0.00,-0.63,-1.59
1449,-0.64,-1.40,0.12,-0.60,-1.33
1450,-0.60,-1.36,0.16,-0.48,-1.12
1451,-0.69,-1.48,0.10,-0.37,-1.44
1452,-0.33,-1.10,0.44,-0.35,-0.39
1453,-0.24,-1.03,0.56,-0.45,-0.33
1454,-0.50,-1.30,0.31,-0.56,-1.23
1455,-0.50,-1.39,0.38,-0.63,-1.42
1456,-0.84,-1.68,0.00,-0.52,-2.11
1457,-0.57,-1.36,0.22,-0.49,-1.25
1458,-0.67,-1.42,0.08,-0.57,-1.34
1459,-0.70,-1.47,0.08,-0.45,-1.04
1460,-0.66,-1.43,0.10,-0.50,-1.29
1461,-0.25,-1.03,0.54,-0.31,0.01
1462,-0.30,-1.10,0.50,-0.35,-0.47
1463,-0.34,-1.13,0.44,-0.35,-0.53
1464,-0.36,-1.14,0.42,-0.44,-0.23
1465,-0.40,-1.18,0.37,-0.49,-0.51
1466,-0.41,-1.16,0.35,-0.42,-0.57
1467,-0.37,-1.16,0.41,-0.48,-0.79
1468,-0.29,-1.07,0.50,-0.33,-0.29
1469,-0.05,-0.87,0.78,-0.16,0.42
1470,0.02,-0.78,0.81,-0.23,0.49
1471,0.10,-0.73,0.94,-0.17,0.98
1472,0.09,-0.72,0.90,-0.22,0.86
1473,-0.10,-0.92,0.71,-0.20,0.53
1474,0.01,-0.79,0.81,-0.30,0.56
1475,-0.05,-0.95,0.84,-0.09,0.46
1476,-0.13,-0.94,0.68,-0.25,0.18
1477,-0.28,-1.07,0.50,-0.37,-0.17
1478,-0.44,-1.27,0.39,-0.32,-0.13
1479,-0.61,-1.40,0.18,-0.36,-0.91
1480,-0.32,-1.10,0.45,-0.42,-0.33
1481,-0.27,-1.06,0.51,-0.32,-0.03
1482,-0.36,-1.15,0.43,-0.37,-0.58
1483,-0.32,-1.14,0.50,-0.30,-0.17
1484,-0.15,-0.95,0.65,-0.47,0.29
1485,-0.57,-1.35,0.22,-0.41,-0.89
1486,-0.47,-1.28,0.33,-0.38,-0.67
1487,-0.46,-1.27,0.35,-0.36,-0.62
1488,-0.35,-1.20,0.51,-0.24,-0.24
1489,-0.28,-1.16,0.60,-0.20,-0.17
1490,-0.63,-1.50,0.23,-0.21,-1.10
1491,-0.31,-1.13,0.52,-0.30,-0.41
1492,-0.62,-1.54,0.30,-0.26,-1.56
1493,-0.64,-1.53,0.26,-0.49,-2.11
1494,-0.45,-1.33,0.43,-0.40,-1.28
1495,-0.35,-1.30,0.61,-0.41,-1.39
1496,-0.27,-1.19,0.64,-0.36,-0.92
1497,-0.37,-1.26,0.52,-0.38,-0.98
1498,-0.40,-1.26,0.46,-0.54,-0.98
1499,-0.48,-1.42,0.45,-0.27,-0.99
1500,-0.24,-1.19,0.70,-0.30,-0.86
1501,-0.30,-1.19,0.59,-0.34,-0.84
1502,-0.19,-1.09,0.71,-0.35,-0.53
1503,-0.12,-1.02,0.77,-0.27,-0.15
1504,-0.10,-0.95,0.74,-0.22,0.22
1505,-0.36,-1.19,0.48,-0.36,-0.75
1506,-0.14,-0.98,0.69,-0.40,-0.22
1507,-0.50,-1.39,0.39,-0.27,-0.99
1508,-0.37,-1.22,0.47,-0.28,-0.51
1509,-0.29,-1.14,0.56,-0.48,-0.81
1510,-0.49,-1.40,0.42,-0.49,-1.60
1511,-0.56,-1.45,0.33,-0.35,-1.28
1512,-0.38,-1.24,0.49,-0.45,-1.00
1513,-0.35,-1.20,0.49,-0.51,-1.00
1514,-0.28,-1.10,0.55,-0.48,-0.71
1515,-0.51,-1.41,0.39,-0.30,-1.25
1516,-0.15,-0.98,0.69,-0.45,-0.28
1517,-0.44,-1.29,0.42,-0.48,-1.10
1518,-0.43,-1.30,0.44,-0.50,-1.08
1519,-0.65,-1.56,0.26,-0.24,-1.33
1520,-0.43,-1.33,0.48,-0.34,-0.97
1521,-0.42,-1.26,0.42,-0.37,-0.62
1522,-0.54,-1.33,0.26,-0.53,-1.10
1523,-0.62,-1.42,0.19,-0.49,-1.12
1524,-0.43,-1.27,0.41,-0.40,-0.74
1525,-0.36,-1.21,0.49,-0.33,-0.69
1526,-0.49,-1.40,0.41,-0.20,-0.88
1527,-0.38,-1.25,0.48,-0.29,-0.79
1528,-0.09,-0.93,0.75,-0.55,-0.35
1529,-0.62,-1.41,0.17,-0.64,-1.44
1530,-0.90,-1.70,-0.10,-0.44,-1.57
1531,-0.31,-1.13,0.51,-0.42,-0.56
1532,-0.25,-1.08,0.58,-0.50,-0.39
1533,-0.39,-1.19,0.41,-0.44,-0.35
1534,-0.40,-1.21,0.42,-0.49,-0.63
1535,-0.39,-1.19,0.41,-0.51,-0.68
1536,-0.34,-1.17,0.48,-0.48,-0.86
1537,-0.19,-1.03,0.66,-0.32,-0.29
1538,-0.25,-1.10,0.61,-0.29,-0.48
1539,-0.31,-1.17,0.56,-0.28,-0.41
1540,-0.25,-1.07,0.57,-0.49,-0.31
1541,-0.41,-1.23,0.40,-0.47,-0.58
1542,-0.25,-1.06,0.56,-0.50,-0.37
1543,-0.29,-1.09,0.51,-0.52,-0.60
1544,-0.10,-0.95,0.76,-0.64,-0.43
1545,-0.70,-1.49,0.10,-0.48,-1.45
1546,-0.42,-1.21,0.37,-0.56,-0.85
1547,-0.43,-1.24,0.39,-0.55,-0.96
1548,-0.25,-1.07,0.57,-0.58,-0.73
1549,-0.17,-1.02,0.68,-0.29,0.10
1550,-0.23,-1.04,0.59,-0.39,-0.30
1551,-0.30,-1.12,0.53,-0.56,-0.80
1552,-0.23,-1.08,0.62,-0.57,-0.59
1553,-0.48,-1.26,0.30,-0.49,-0.95
1554,-0.63,-1.40,0.15,-0.58,-1.61
1555,-0.49,-1.26,0.28,-0.55,-1.07
1556,-0.41,-1.17,0.35,-0.48,-0.69
1557,-0.20,-1.01,0.60,-0.38,-0.02
1558,-0.24,-1.01,0.53,-0.47,-0.26
1559,-0.19,-1.00,0.61,-0.54,-0.23
1560,-0.21,-1.02,0.59,-0.39,0.31
1561,-0.05,-0.88,0.78,-0.63,0.03
1562,-0.46,-1.25,0.33,-0.58,-0.73
1563,-0.70,-1.47,0.07,-0.64,-1.58
1564,-0.76,-1.56,0.05,-0.57,-1.58
1565,-0.82,-1.60,-0.03,-0.57,-1.44
1566,-0.56,-1.39,0.26,-0.67,-0.97
1567,-0.37,-1.16,0.42,-0.53,-0.56
1568,0.04,-0.78,0.86,-0.41,0.43
1569,-0.34,-1.14,0.45,-0.47,-0.30
1570,-0.64,-1.46,0.19,-0.46,-0.72
1571,-0.33,-1.27,0.61,-0.49,-0.29
1572,-0.15,-1.03,0.72,-0.58,-0.10
1573,-0.45,-1.27,0.37,-0.42,-0.28
1574,-0.32,-1.15,0.51,-0.56,-0.25
1575,-0.43,-1.31,0.45,-0.75,-0.91
1576,-0.41,-1.25,0.43,-0.68,-0.37
1577,-0.33,-1.25,0.59,-0.82,-0.83
1578,-0.53,-1.33,0.27,-0.66,-0.93
1579,-0.54,-1.33,0.24,-0.60,-0.91
1580,-0.27,-1.11,0.57,-0.66,-0.16
1581,-0.54,-1.35,0.27,-0.72,-0.97
1582,-0.61,-1.40,0.18,-0.65,-1.11
1583,-0.51,-1.32,0.31,-0.51,-0.28
1584,-0.41,-1.21,0.40,-0.50,-0.33
1585,-0.36,-1.19,0.47,-0.58,-0.54
1586,-0.21,-1.08,0.67,-0.76,-0.19
1587,-0.33,-1.17,0.52,-0.68,-0.36
1588,-0.29,-1.11,0.53,-0.67,-0.43
1589,-0.41,-1.23,0.40,-0.55,-0.43
1590,-0.46,-1.27,0.35,-0.61,-0.56
1591,-0.61,-1.40,0.18,-0.68,-1.30
1592,-0.83,-1.61,-0.05,-0.68,-1.77
1593,-0.46,-1.26,0.34,-0.68,-0.71
1594,-0.60,-1.37,0.16,-0.56,-0.98
1595,-0.31,-1.11,0.48,-0.39,0.09
1596,-0.33,-1.10,0.44,-0.49,-0.51
1597,-0.43,-1.21,0.34,-0.50,-0.66
1598,-0.27,-1.08,0.54,-0.66,-0.81
1599,-0.15,-0.93,0.64,-0.45,0.01
1600,-0.11,-0.94,0.72,-0.50,0.06
1601,-0.36,-1.20,0.48,-0.68,-0.84
1602,-0.37,-1.22,0.47,-0.81,-1.06
1603,-0.47,-1.32,0.38,-0.88,-1.20
1604,-0.32,-1.16,0.51,-0.74,-0.84
1605,-0.41,-1.21,0.38,-0.60,-0.85
1606,-0.59,-1.37,0.20,-0.64,-1.18
1607,-0.66,-1.44,0.11,-0.67,-1.47
1608,-0.46,-1.26,0.35,-0.57,-0.47
1609,-0.34,-1.18,0.51,-0.50,-0.07
1610,-0.48,-1.31,0.34,-0.69,-1.04
1611,-0.69,-1.49,0.11,-0.71,-1.47
1612,-0.71,-1.54,0.12,-0.66,-1.21
1613,-0.39,-1.24,0.47,-0.70,-0.37
1614,-0.53,-1.35,0.29,-0.63,-0.71
1615,-0.59,-1.42,0.23,-0.56,-0.90
1616,-0.50,-1.32,0.32,-0.57,-0.85
1617,-0.51,-1.31,0.29,-0.57,-1.00
1618,-0.51,-1.32,0.29,-0.52,-0.53
1619,-0.43,-1.26,0.40,-0.72,-0.79
1620,-0.33,-1.13,0.47,-0.56,-0.43
1621,-0.27,-1.08,0.53,-0.58,-0.45
1622,-0.20,-1.03,0.63,-0.60,-0.08
1623,-0.50,-1.29,0.29,-0.52,-0.91
1624,-0.45,-1.25,0.35,-0.63,-0.99
1625,-0.29,-1.13,0.56,-0.76,-0.73
1626,-0.40,-1.27,0.48,-0.85,-1.36
1627,-0.43,-1.29,0.43,-0.76,-0.98
1628,-0.38,-1.20,0.44,-0.73,-1.08
1629,-0.06,-0.90,0.78,-0.65,-0.33
1630,-0.02,-0.87,0.83,-0.67,-0.17
1631,-0.35,-1.15,0.46,-0.60,-0.76
1632,-0.42,-1.22,0.37,-0.51,-0.43
1633,-0.34,-1.15,0.48,-0.53,-0.18
1634,-0.22,-1.06,0.61,-0.41,0.43
1635,-0.36,-1.21,0.48,-0.20,0.29
1636,-0.45,-1.25,0.35,-0.61,-0.46
1637,-0.45,-1.29,0.39,-0.71,-0.61
1638,-0.30,-1.18,0.58,-0.85,-0.54
1639,-0.59,-1.41,0.23,-0.67,-0.65
1640,-0.37,-1.23,0.49,-0.68,-0.19
1641,-0.22,-1.17,0.73,-0.71,0.23
1642,-0.47,-1.36,0.42,-0.77,-0.33
1643,-0.38,-1.34,0.57,-0.82,-0.07
1644,-0.67,-1.52,0.17,-0.66,-0.57
1645,-0.64,-1.44,0.16,-0.65,-0.77
1646,-0.57,-1.37,0.24,-0.72,-0.74
1647,-0.57,-1.37,0.22,-0.52,-0.56
1648,-0.36,-1.13,0.41,-0.65,-0.31
1649,-0.33,-1.11,0.45,-0.63,-0.26
1650,-0.50,-1.34,0.33,-0.88,-0.79
1651,-0.54,-1.31,0.24,-0.48,-0.47
1652,-0.26,-1.04,0.52,-0.46,0.01
1653,-0.39,-1.22,0.43,-0.54,-0.26
1654,-0.66,-1.44,0.11,-0.72,-1.09
1655,-0.75,-1.50,-0.01,-0.62,-1.23
1656,-0.89,-1.67,-0.12,-0.62,-1.45
1657,-0.40,-1.15,0.35,-0.52,-0.49
1658,-0.57,-1.32,0.17,-0.57,-1.01
1659,-0.37,-1.17,0.42,-0.74,-0.62
1660,-0.47,-1.31,0.36,-0.83,-0.83
1661,-1.05,-1.81,-0.28,-0.74,-1.84
1662,-0.36,-1.17,0.45,-0.69,-0.29
1663,-0.33,-1.18,0.51,-0.83,-0.36
1664,-0.54,-1.39,0.31,-0.87,-1.13
1665,-0.68,-1.46,0.10,-0.87,-1.24
1666,-0.43,-1.28,0.43,-0.95,-0.68
1667,-0.60,-1.39,0.19,-0.75,-0.92
1668,-0.64,-1.45,0.16,-0.93,-1.22
1669,-0.65,-1.47,0.18,-0.85,-1.08
1670,-0.57,-1.40,0.26,-0.85,-0.82
1671,-0.33,-1.16,0.50,-0.80,-0.35
1672,-0.34,-1.16,0.48,-0.78,-0.42
1673,-0.30,-1.14,0.55,-0.79,-0.20
1674,-0.67,-1.52,0.18,-1.01,-1.00
1675,-0.35,-1.15,0.44,-0.75,-0.34
1676,-0.34,-1.12,0.43,-0.66,-0.32
1677,-0.18,-1.01,0.64,-0.68,0.12
1678,-0.15,-1.07,0.77,-0.94,0.07
1679,-0.22,-1.03,0.59,-0.77,-0.13
1680,-0.44,-1.23,0.34,-0.62,-0.45
1681,-0.68,-1.47,0.12,-0.75,-0.99
1682,-0.32,-1.16,0.53,-0.80,-0.18
1683,-0.37,-1.18,0.44,-0.67,-0.20
1684,-0.34,-1.14,0.46,-0.70,-0.18
1685,-0.43,-1.22,0.37,-0.78,-0.55
1686,-0.28,-1.12,0.57,-0.74,-0.17
1687,-0.25,-1.03,0.53,-0.55,-0.04
1688,-0.29,-1.08,0.50,-0.62,-0.34
1689,-0.27,-1.06,0.52,-0.73,-0.22
1690,-0.53,-1.29,0.24,-0.67,-0.67
1691,-0.24,-1.04,0.56,-0.78,-0.14
1692,-0.62,-1.36,0.12,-0.65,-0.90
1693,-0.38,-1.17,0.40,-0.37,-0.18
1694,-0.42,-1.16,0.32,-0.60,-0.53
1695,-0.55,-1.30,0.20,-0.76,-0.89
1696,-0.57,-1.32,0.18,-0.69,-0.92
1697,-0.47,-1.26,0.31,-0.64,-0.77
1698,-0.53,-1.29,0.22,-0.72,-0.93
1699,-0.18,-1.08,0.71,-0.79,-0.22
1700,-0.43,-1.19,0.33,-0.53,-0.56
1701,-0.28,-1.03,0.47,-0.51,-0.20
1702,-0.17,-0.93,0.59,-0.39,0.06
1703,-0.20,-0.98,0.58,-0.29,-0.12
1704,-0.34,-1.06,0.38,-0.43,-0.57
1705,-0.17,-0.87,0.53,-0.41,-0.07
1706,-0.38,-1.07,0.30,-0.41,-0.35
1707,-0.26,-0.95,0.44,-0.41,-0.23
1708,-0.39,-1.07,0.30,-0.32,-0.49
1709,-0.43,-1.11,0.25,-0.36,-0.69
1710,-0.11,-0.81,0.60,-0.29,-0.12
1711,-0.32,-1.00,0.36,-0.41,-0.45
1712,-0.51,-1.19,0.17,-0.33,-0.69
1713,-0.28,-0.96,0.41,-0.38,-0.20
1714,0.08,-0.60,0.75,-0.24,0.35
1715,-0.15,-0.85,0.55,-0.38,-0.07
1716,-0.15,-0.85,0.54,-0.39,-0.24
1717,0.00,-0.72,0.72,-0.38,0.00
1718,-0.28,-0.99,0.43,-0.42,-0.15
1719,-0.14,-0.88,0.59,-0.27,0.35
1720,0.07,-0.62,0.76,-0.27,0.49
1721,-0.58,-1.26,0.09,-0.54,-0.80
1722,-0.43,-1.14,0.28,-0.46,-0.83
1723,-0.43,-1.16,0.30,-0.26,-0.81
1724,-0.04,-0.79,0.71,-0.33,-0.07
1725,0.03,-0.68,0.75,-0.41,0.23
1726,0.02,-0.78,0.81,-0.33,0.14
1727,-0.22,-0.95,0.52,-0.32,-0.32
1728,-0.45,-1.16,0.26,-0.33,-0.73
1729,-0.15,-0.95,0.64,-0.26,-0.18
1730,-0.04,-0.78,0.69,-0.46,-0.07
1731,0.04,-0.72,0.80,-0.44,0.32
1732,-0.36,-1.12,0.40,-0.28,-0.54
1733,-0.08,-0.82,0.66,-0.59,0.20
1734,-0.20,-0.90,0.51,-0.48,-0.19
1735,-0.10,-0.79,0.60,-0.42,-0.09
1736,-0.49,-1.18,0.21,-0.60,-0.65
1737,-0.43,-1.12,0.27,-0.52,-0.66
1738,-0.27,-0.95,0.42,-0.54,-0.26
1739,-0.02,-0.73,0.68,-0.37,0.06
1740,-0.28,-0.97,0.41,-0.39,-0.25
1741,0.03,-0.71,0.77,-0.37,-0.01
1742,-0.13,-0.91,0.65,-0.64,-0.17
1743,-0.15,-0.88,0.59,-0.50,-0.18
1744,-0.09,-0.80,0.62,-0.44,-0.06
1745,0.07,-0.68,0.81,-0.53,0.16
1746,-0.04,-0.79,0.70,-0.57,-0.09
1747,-0.06,-0.89,0.76,-0.45,-0.12
1748,0.30,-0.51,1.10,-0.03,0.59
1749,-0.06,-0.78,0.65,-0.30,-0.01
1750,-0.21,-0.91,0.49,-0.53,-0.29
1751,-0.10,-0.82,0.61,-0.48,-0.08
1752,0.05,-0.65,0.75,-0.44,0.35
1753,0.07,-0.63,0.77,-0.24,0.27
1754,0.09,-0.60,0.79,-0.36,0.31
1755,0.34,-0.41,1.09,-0.34,0.93
1756,0.35,-0.40,1.09,-0.20,0.80
1757,0.34,-0.40,1.08,-0.29,0.58
1758,0.22,-0.49,0.94,-0.31,0.42
1759,0.18,-0.54,0.90,-0.14,0.41
1760,0.12,-0.60,0.83,-0.14,0.30
1761,-0.19,-0.88,0.51,-0.40,-0.04
1762,0.04,-0.65,0.72,-0.27,0.25
1763,-0.09,-0.78,0.60,-0.27,0.01
1764,-0.09,-0.78,0.60,-0.32,0.15
1765,0.15,-0.54,0.83,-0.27,0.55
1766,-0.23,-0.95,0.49,-0.27,-0.24
1767,-0.30,-1.01,0.41,-0.44,-0.17
1768,-0.03,-0.78,0.72,-0.37,0.14
1769,0.00,-0.71,0.70,-0.42,-0.02
1770,-0.18,-0.91,0.55,-0.25,-0.26
1771,-0.61,-1.29,0.08,-0.47,-0.95
1772,-0.30,-1.00,0.40,-0.47,-0.44
1773,-0.44,-1.13,0.26,-0.42,-0.67
1774,-0.51,-1.23,0.22,-0.41,-0.86
1775,-0.03,-0.73,0.67,-0.19,0.07
1776,-0.04,-0.76,0.67,-0.18,0.02
1777,-0.13,-0.83,0.57,-0.20,-0.22
1778,-0.28,-0.99,0.44,-0.35,-0.41
1779,0.19,-0.58,0.96,-0.31,0.46
1780,0.26,-0.44,0.97,-0.06,0.60
1781,-0.06,-0.75,0.64,-0.22,-0.07
1782,-0.22,-0.93,0.48,-0.42,-0.32
1783,0.16,-0.55,0.87,-0.32,0.34
1784,-0.08,-0.80,0.64,-0.19,0.04
1785,-0.01,-0.71,0.70,-0.41,0.19
1786,-0.14,-0.85,0.57,-0.43,-0.01
1787,0.16,-0.55,0.87,-0.31,0.34
1788,-0.24,-0.96,0.49,-0.40,-0.36
1789,0.09,-0.62,0.80,-0.37,0.29
1790,0.05,-0.68,0.78,-0.40,0.13
1791,-0.24,-0.94,0.46,-0.43,-0.28
1792,-0.06,-0.78,0.66,-0.34,-0.08
1793,-0.02,-0.76,0.72,-0.15,-0.04
1794,-0.18,-0.87,0.51,-0.29,-0.16
1795,0.05,-0.64,0.74,-0.23,0.32
1796,-0.03,-0.75,0.68,-0.13,0.08
1797,-0.04,-0.76,0.67,-0.18,0.04
1798,-0.09,-0.77,0.59,-0.24,0.16
1799,-0.14,-0.83,0.55,-0.18,0.08
1800,-0.55,-1.24,0.14,-0.30,-0.59
1801,-0.07,-0.75,0.62,-0.35,0.24
1802,-0.14,-0.84,0.56,-0.38,-0.04
1803,0.20,-0.48,0.88,-0.19,0.54
1804,-0.23,-0.95,0.50,-0.24,-0.24
1805,-0.15,-0.84,0.55,-0.28,-0.05
1806,0.03,-0.70,0.75,-0.47,0.27
1807,0.18,-0.52,0.88,-0.12,0.63
1808,0.46,-0.25,1.18,0.28,1.23
1809,0.21,-0.51,0.92,-0.06,0.59
1810,-0.05,-0.78,0.68,-0.31,0.10
1811,0.02,-0.71,0.74,-0.23,0.11
1812,-0.20,-0.93,0.54,-0.37,-0.07
1813,0.01,-0.72,0.74,-0.28,0.31
1814,0.12,-0.60,0.83,-0.31,0.44
1815,0.22,-0.55,0.98,-0.30,0.74
1816,0.17,-0.57,0.91,-0.12,0.79
1817,0.18,-0.55,0.91,-0.21,0.82
1818,-0.05,-0.78,0.69,-0.36,0.44
1819,0.07,-0.68,0.81,-0.53,0.53
1820,-0.23,-0.96,0.51,-0.32,-0.24
1821,0.06,-0.65,0.78,-0.23,0.31
1822,0.03,-0.70,0.75,-0.33,0.43
1823,-0.24,-0.95,0.47,-0.20,0.01
1824,-0.33,-1.06,0.40,-0.40,-0.30
1825,-0.32,-1.01,0.37,-0.31,-0.46
1826,-0.54,-1.23,0.15,-0.52,-0.91
1827,-0.21,-0.87,0.46,-0.41,-0.21
1828,-0.39,-1.07,0.29,-0.41,-0.40
1829,-0.26,-0.92,0.40,-0.44,-0.14
1830,-0.05,-0.72,0.61,-0.31,0.09
1831,-0.05,-0.72,0.62,-0.20,0.04
1832,-0.06,-0.72,0.59,-0.38,0.11
1833,-0.37,-1.06,0.32,-0.38,-0.62
1834,-0.35,-1.02,0.32,-0.49,-0.33
1835,-0.62,-1.29,0.04,-0.48,-0.74
1836,-0.40,-1.12,0.31,-0.57,-0.48
1837,-0.28,-1.00,0.45,-0.51,-0.31
1838,-0.74,-1.44,-0.05,-0.59,-1.07
1839,-0.45,-1.14,0.25,-0.47,-0.54
1840,-0.61,-1.29,0.07,-0.56,-0.83
1841,-0.55,-1.24,0.14,-0.66,-0.80
1842,-0.59,-1.27,0.09,-0.56,-0.81
1843,-0.46,-1.14,0.22,-0.41,-0.52
1844,-0.55,-1.23,0.13,-0.36,-0.75
1845,-0.21,-0.88,0.46,-0.33,-0.18
1846,-0.65,-1.34,0.04,-0.30,-0.91
1847,-0.27,-0.95,0.40,-0.28,-0.22
1848,-0.09,-0.77,0.58,-0.36,0.03
1849,-0.51,-1.19,0.18,-0.42,-0.73
1850,-0.51,-1.19,0.17,-0.69,-0.75
1851,-0.02,-0.70,0.66,-0.35,0.09
1852,-0.53,-1.23,0.16,-0.56,-0.51
1853,-0.36,-1.04,0.31,-0.34,-0.32
1854,-0.44,-1.11,0.23,-0.63,-0.58
1855,-0.49,-1.18,0.19,0.12,-0.57
1856,-0.40,-1.08,0.28,-0.38,-0.40
1857,-0.41,-1.08,0.25,-0.45,-0.56
1858,-0.47,-1.16,0.21,-0.34,-0.77
1859,-0.23,-0.90,0.44,-0.29,-0.39
1860,-0.27,-0.97,0.43,-0.64,-0.48
1861,-0.30,-1.02,0.42,-0.75,-0.71
1862,-0.33,-1.00,0.34,-0.35,-0.54
1863,-0.35,-1.06,0.35,-0.36,-0.36
1864,-0.47,-1.16,0.23,-0.27,-0.56
1865,-0.53,-1.25,0.19,-0.56,-0.62
1866,-0.30,-0.99,0.39,-0.68,-0.20
1867,-0.10,-0.80,0.59,-0.59,0.02
1868,-0.54,-1.23,0.14,-0.23,-0.56
1869,-0.51,-1.21,0.19,-0.29,-0.43
1870,-0.66,-1.37,0.04,-0.23,-0.73
1871,-0.21,-0.90,0.47,-0.24,-0.23
1872,-0.46,-1.16,0.24,-0.38,-0.50
1873,-0.55,-1.27,0.17,-0.61,-0.55
1874,-0.58,-1.30,0.14,-0.56,-0.68
1875,-0.15,-0.82,0.53,-0.36,-0.24
1876,-0.34,-1.04,0.36,-0.51,-0.52
1877,-0.27,-0.95,0.41,0.00,-0.21
1878,-0.21,-0.98,0.56,-0.17,0.28
1879,-0.15,-0.85,0.55,-0.14,0.07
1880,-0.63,-1.30,0.03,-0.13,-0.74
1881,-0.18,-0.88,0.52,-0.07,-0.24
1882,-0.41,-1.09,0.26,-0.23,-0.46
1883,0.00,-0.66,0.66,-0.33,0.39
1884,-0.13,-0.83,0.57,-0.27,0.44
1885,0.00,-0.67,0.66,-0.41,0.45
1886,-0.45,-1.15,0.25,-0.33,-0.10
1887,-0.49,-1.16,0.18,-0.36,-0.38
1888,-0.42,-1.11,0.27,-0.41,-0.20
1889,-0.40,-1.10,0.31,-0.49,-0.08
1890,-0.59,-1.30,0.13,-0.73,-0.56
1891,-0.13,-0.81,0.54,-0.47,0.28
1892,-0.48,-1.10,0.13,-0.80,0.02
1893,-0.41,-1.02,0.20,-0.90,-0.19
1894,-0.19,-0.81,0.43,-0.86,0.40
1895,-0.59,-1.15,-0.03,-0.90,-0.47
1896,-0.66,-1.27,-0.05,-0.55,-0.34
1897,-0.27,-0.83,0.29,-0.64,-0.01
1898,-0.18,-0.78,0.43,-0.61,0.37
1899,-0.29,-0.87,0.30,-0.54,0.02
1900,-0.11,-0.81,0.58,-0.60,0.03
1901,-0.18,-0.74,0.38,-0.49,0.01
1902,0.10,-0.48,0.67,-0.49,0.38
1903,-0.38,-0.96,0.20,-0.69,-0.34
1904,-0.78,-1.37,-0.18,-0.45,-1.04
1905,-0.94,-1.49,-0.39,-0.46,-1.22
1906,-0.27,-0.81,0.27,-0.32,-0.33
1907,-0.33,-0.90,0.24,-0.52,-0.14
1908,-0.62,-1.20,-0.05,-0.52,-0.61
1909,-0.14,-0.70,0.41,-0.72,0.04
1910,-0.69,-1.23,-0.15,-0.85,-0.83
1911,-0.34,-0.90,0.21,-0.97,-0.45
1912,-0.42,-0.99,0.14,-0.74,-0.42
1913,-0.55,-1.11,0.02,-0.43,-0.76
1914,-0.12,-0.66,0.43,-0.22,-0.05
1915,-0.55,-1.09,0.00,-0.45,-0.42
1916,-0.63,-1.20,-0.07,-0.55,-0.53
1917,-0.39,-0.95,0.18,-0.40,-0.42
1918,-0.37,-0.95,0.21,-0.65,-0.43
1919,-0.26,-0.82,0.29,0.04,-0.21
1920,-0.12,-0.68,0.44,-0.49,-0.04
1921,-0.57,-1.14,-0.01,-0.65,-0.49
1922,-0.37,-0.95,0.21,-0.50,-0.36
1923,-0.44,-0.99,0.12,-0.63,-0.55
1924,-0.43,-0.98,0.12,-1.08,-0.41
1925,-0.02,-0.59,0.54,-0.69,0.32
1926,-0.24,-0.79,0.32,-0.42,0.08
1927,-0.28,-0.85,0.28,-0.61,-0.02
1928,-0.40,-0.99,0.19,-0.74,-0.32
1929,-0.46,-1.04,0.13,-0.56,-0.31
1930,-0.18,-0.78,0.41,-0.42,0.28
1931,-0.09,-0.65,0.48,-0.66,0.11
1932,0.16,-0.40,0.71,-0.11,0.29
1933,-0.13,-0.68,0.42,-0.53,0.05
1934,-0.42,-0.97,0.12,-0.45,-0.27
1935,-0.47,-1.02,0.08,-0.56,-0.31
1936,-0.69,-1.28,-0.10,-0.33,-0.27
1937,-0.17,-0.73,0.39,-0.42,-0.01
1938,-0.40,-0.94,0.15,-0.48,-0.17
1939,-0.05,-0.64,0.55,-0.33,0.22
1940,-0.48,-1.06,0.10,-0.04,-0.62
1941,-0.51,-1.06,0.04,-0.22,-0.22
1942,-0.33,-0.90,0.23,-0.17,-0.12
1943,0.20,-0.38,0.77,0.23,0.24
1944,0.24,-0.34,0.82,0.35,0.52
1945,0.60,0.03,1.18,0.20,1.10
1946,-0.05,-0.59,0.48,-0.19,0.22
1947,0.05,-0.49,0.60,-0.25,0.47
1948,0.22,-0.34,0.79,-0.44,0.67
1949,0.13,-0.42,0.69,-0.33,0.43
1950,-0.04,-0.66,0.57,-0.35,0.05
1951,-0.46,-1.04,0.12,-0.32,-0.27
1952,0.15,-0.40,0.70,-0.11,0.41
1953,0.07,-0.48,0.63,0.00,0.50
1954,0.02,-0.54,0.58,-0.15,0.47
1955,0.06,-0.50,0.63,-0.32,0.35
1956,-0.60,-1.16,-0.05,-0.21,-0.42
1957,-0.10,-0.67,0.46,-0.18,-0.19
1958,0.18,-0.39,0.74,-0.17,0.61
1959,-0.32,-0.87,0.23,-0.47,-0.08
1960,0.33,-0.23,0.90,-0.05,0.63
1961,-0.04,-0.61,0.53,-0.05,0.22
1962,0.12,-0.46,0.70,-0.14,0.16
1963,0.27,-0.30,0.83,-0.15,0.43
1964,-0.16,-0.74,0.43,-0.54,0.00
1965,-0.20,-0.78,0.39,0.01,-0.35
1966,-0.62,-1.21,-0.04,-0.13,-0.53
1967,-0.39,-0.94,0.16,-0.13,-0.35
1968,0.28,-0.28,0.83,-0.21,0.23
1969,-0.07,-0.62,0.48,0.11,0.21
1970,0.37,-0.19,0.93,0.05,0.35
1971,-0.67,-1.23,-0.11,-0.27,-0.36
1972,-0.20,-0.80,0.39,0.00,-0.08
1973,0.05,-0.50,0.60,-0.14,0.25
1974,-0.46,-1.02,0.09,-0.18,-0.39
1975,-0.28,-0.84,0.27,-0.04,-0.26
1976,-0.51,-1.05,0.03,-0.25,-0.54
1977,-0.44,-1.00,0.11,0.19,-0.38
1978,0.07,-0.50,0.64,0.15,0.28
1979,0.00,-0.57,0.58,0.12,0.01
1980,-0.18,-0.75,0.39,0.18,-0.23
1981,0.27,-0.29,0.83,0.23,0.64
1982,-0.12,-0.70,0.46,0.22,-0.25
1983,0.16,-0.41,0.74,0.17,0.19
1984,0.63,0.05,1.22,-0.04,1.01
1985,0.05,-0.54,0.64,0.25,0.00
1986,0.35,-0.19,0.89,0.12,0.66
1987,0.30,-0.26,0.85,0.05,0.55
1988,0.20,-0.37,0.76,-0.05,0.46
1989,0.66,0.09,1.23,0.30,1.09
1990,0.55,0.00,1.09,0.20,0.95
1991,0.30,-0.29,0.90,0.08,0.58
1992,-0.15,-0.69,0.39,0.13,-0.16
1993,0.03,-0.50,0.57,0.34,0.04
1994,-0.05,-0.58,0.49,0.29,0.14
1995,0.02,-0.52,0.56,0.10,0.24