"","site","0","100","200","300","400","500","600","700","800","900","1000","1100","1200","1300","1400","1500","1600","1700","1710","1720","1730","1740","1750","1760","1770","1780","1790","1800","1810","1820","1830","1840","1850","1860","1870","1880","1890","1900","1910","1920","1930","1940","1950","1960","1970","1980","1990","2000"
"1","Bush-Gd_Acopia",0.212238028645515,0.949101448059082,1.88677728176117,0.326010853052139,1.08562970161438,2.0426127910614,0.464439153671265,1.23196029663086,2.16295266151428,0.666599810123444,1.55874192714691,2.56964349746704,0.911055445671082,1.69006156921387,2.47340989112854,1.07094490528107,0.794022440910339,0.814813852310181,1.07033848762512,1.51270747184753,0.842173337936401,1.05317783355713,1.39819467067719,0.858903765678406,1.02433669567108,1.28566980361938,0.864888966083527,0.985508739948273,1.17333364486694,0.858960926532745,1.10381436347961,1.4556428194046,1.36096918582916,1.62230813503265,2.01428580284119,2.18991732597351,2.80724740028381,3.35534358024597,4.34631729125977,3.82117557525635,3.80191135406494,5.61958837509155,3.84448719024658,3.90675401687622,6.01003503799438,7.64400148391724,9.00576114654541,10.9612150192261
"2","Bush-Gd_Huamnmrc",0,0,0,0,0,0,0,0,0,0,0,0,0,0,0,0,0.140874132514,0,0.297065019607544,0.429235517978668,0,0.314551025629044,0.425098836421967,0,0.325610339641571,0.414998173713684,0,0.330347448587418,0.398589164018631,0,0.385827362537384,0.513020932674408,0,0.583466172218323,0.729948580265045,0,1.02792227268219,1.23112368583679,0,0,1.43460273742676,0,0,1.52482938766479,0,0,0,4.32993841171265
"3","Bush-Gd_Miski",0,0,0,0,0,0,0,0,0,0,0,0,0,0,0,0,0.140874132514,0,0.297065019607544,0.429235517978668,0,0.314551025629044,0.425098836421967,0,0.325610339641571,0.414998173713684,0,0.330347448587418,0.398589164018631,0,0.385827362537384,0.513020932674408,0,0.583466172218323,0.729948580265045,0,1.02792227268219,1.23112368583679,0,0,1.43460273742676,0,0,1.52482938766479,0,0,0,4.32993841171265
"4","Bush-Gd_Pacucha",0,0,0,0,0,0,0,0,0,0,0,0,0,0,0,0,0.59514456987381,0.933479309082031,1.25499713420868,1.81337189674377,1.04182422161102,1.32886946201324,1.79589581489563,1.13484358787537,1.37559127807617,1.7532240152359,1.20832943916321,1.39560389518738,1.68390154838562,1.25728213787079,1.62998735904694,2.16733646392822,2.05465841293335,2.46494317054749,3.08378076553345,3.38905024528503,4.34261655807495,5.21800231933594,6.81244945526123,6.0258674621582,6.07700634002686,9.1753568649292,6.31985330581665,6.45103693008423,9.92639446258545,12.6772594451904,14.9921951293945,18.2977733612061
"5","Clm-A-C_Belmir-1",0,0,0,0,0,0,0,0,0,0,0,0,0,0,0,0,0.883461892604828,1.09492421150208,1.5552533864975,2.1557309627533,1.55049312114716,2.22578859329224,0,0,0,0,3.23419642448425,0,0,0,0,0,3.80478882789612,0,0,4.31894779205322,0,0,5.09500503540039,0,0,5.33404064178467,0,4.53851699829102,4.45377683639526,0,4.80450963973999,4.43822145462036
"6","Clm-A-C_Belmir-2",0,0,0,0,0,0,0,0,0,0,0,0,0,0,0,0,0.883461892604828,1.09492421150208,1.5552533864975,2.1557309627533,1.55049312114716,2.22578859329224,0,0,0,0,3.23419642448425,0,0,0,0,0,3.80478882789612,0,0,4.31894779205322,0,0,5.09500503540039,0,0,5.33404064178467,0,4.53851699829102,4.45377683639526,0,4.80450963973999,4.43822145462036
"7","Clm-A-C_Belmir-3",0,0,0,0,0,0,0,0,0,0,0,0,0,0,0,0,0.883461892604828,1.09492421150208,1.5552533864975,2.1557309627533,1.55049312114716,2.22578859329224,0,0,0,0,3.23419642448425,0,0,0,0,0,3.80478882789612,0,0,4.31894779205322,0,0,5.09500503540039,0,0,5.33404064178467,0,4.53851699829102,4.45377683639526,0,4.80450963973999,4.43822145462036
"8","Clm-A-C_Guarne-1",0,0,0,0,0,0,0,0,0,0,0,0,0,0,0,0,0,0,0,0,0,0,0,0,0.0687300786375999,0.11143684387207,0,0.146618545055389,0.172935977578163,0.111986361443996,0.17743943631649,0.258103251457214,0,0.337796032428741,0.381855756044388,0,0.527593731880188,0.6406210064888,0,0.764955282211304,0.968291580677032,0,0.826950788497925,0,0,0,0,0
"9","Clm-A-C_Guarne-2",0,0,0,0,0,0,0,0,0,0,0,0,0,0,0,0,0,0,0,0,0,0,0,0,0.0687300786375999,0.11143684387207,0,0.146618545055389,0.172935977578163,0.111986361443996,0.17743943631649,0.258103251457214,0,0.337796032428741,0.381855756044388,0,0.527593731880188,0.6406210064888,0,0.764955282211304,0.968291580677032,0,0.826950788497925,0,0,0,0,0
"10","Clm-A-E_Cucunb-1",0.522601544857025,2.22045254707336,4.18549823760986,0.810978651046753,2.5582160949707,4.57930660247803,1.16246008872986,2.92075037956238,4.91110610961914,1.62285029888153,3.49137306213379,6.05016469955444,2.51315474510193,4.80692005157471,7.17367458343506,8.43241691589355,8.1525182723999,5.67877912521362,8.28761768341064,11.7840938568115,8.14789295196533,12.020806312561,16.6594390869141,12.0078248977661,17.5278205871582,22.9850654602051,17.2636108398438,22.3950710296631,22.7286529541016,13.9752359390259,18.2311668395996,21.9311943054199,18.4508495330811,22.0156593322754,21.3794593811035,19.6058597564697,22.6936721801758,23.8969554901123,21.4492664337158,23.2716522216797,26.2163734436035,20.3946018218994,21.898229598999,16.0979900360107,15.3491182327271,16.7559108734131,15.7330808639526,14.1573247909546
"11","Clm-A-E_Cucunb-2",0.522601544857025,2.22045254707336,4.18549823760986,0.810978651046753,2.5582160949707,4.57930660247803,1.16246008872986,2.92075037956238,4.91110610961914,1.62285029888153,3.49137306213379,6.05016469955444,2.51315474510193,4.80692005157471,7.17367458343506,8.43241691589355,8.1525182723999,5.67877912521362,8.28761768341064,11.7840938568115,8.14789295196533,12.020806312561,16.6594390869141,12.0078248977661,17.5278205871582,22.9850654602051,17.2636108398438,22.3950710296631,22.7286529541016,13.9752359390259,18.2311668395996,21.9311943054199,18.4508495330811,22.0156593322754,21.3794593811035,19.6058597564697,22.6936721801758,23.8969554901123,21.4492664337158,23.2716522216797,26.2163734436035,20.3946018218994,21.898229598999,16.0979900360107,15.3491182327271,16.7559108734131,15.7330808639526,14.1573247909546
"12","Clm-A-E_Fuquen-1",0.0511817336082458,0.217463210225105,0.409912794828415,0.0794243589043617,0.250542551279068,0.44848096370697,0.113847196102142,0.286047875881195,0.480976223945618,0.15893617272377,0.341932624578476,0.592531561851501,0.246129423379898,0.470772624015808,0.702564120292664,0.825840830802917,2.65712451934814,2.85974621772766,4.07441473007202,5.66245460510254,4.03385066986084,5.8072829246521,7.8231348991394,5.86324024200439,8.32506465911865,10.5767803192139,8.33831787109375,10.525691986084,10.8102617263794,7.11369562149048,9.17796325683594,10.9556722640991,9.59041118621826,11.531346321106,11.3579664230347,10.7685136795044,12.6123247146606,13.5106077194214,12.5776767730713,13.9292526245117,16.0139293670654,13.03928565979,14.4368944168091,11.0266065597534,10.797646522522,12.0641260147095,11.6082029342651,10.7064952850342
"13","Clm-A-E_Fuquen-2",0.0511817336082458,0.217463210225105,0.409912794828415,0.0794243589043617,0.250542551279068,0.44848096370697,0.113847196102142,0.286047875881195,0.480976223945618,0.15893617272377,0.341932624578476,0.592531561851501,0.246129423379898,0.470772624015808,0.702564120292664,0.825840830802917,2.65712451934814,2.85974621772766,4.07441473007202,5.66245460510254,4.03385066986084,5.8072829246521,7.8231348991394,5.86324024200439,8.32506465911865,10.5767803192139,8.33831787109375,10.525691986084,10.8102617263794,7.11369562149048,9.17796325683594,10.9556722640991,9.59041118621826,11.531346321106,11.3579664230347,10.7685136795044,12.6123247146606,13.5106077194214,12.5776767730713,13.9292526245117,16.0139293670654,13.03928565979,14.4368944168091,11.0266065597534,10.797646522522,12.0641260147095,11.6082029342651,10.7064952850342
"14","Clm-A-E_Fuquen-3",0.0511817336082458,0.217463210225105,0.409912794828415,0.0794243589043617,0.250542551279068,0.44848096370697,0.113847196102142,0.286047875881195,0.480976223945618,0.15893617272377,0.341932624578476,0.592531561851501,0.246129423379898,0.470772624015808,0.702564120292664,0.825840830802917,2.65712451934814,2.85974621772766,4.07441473007202,5.66245460510254,4.03385066986084,5.8072829246521,7.8231348991394,5.86324024200439,8.32506465911865,10.5767803192139,8.33831787109375,10.525691986084,10.8102617263794,7.11369562149048,9.17796325683594,10.9556722640991,9.59041118621826,11.531346321106,11.3579664230347,10.7685136795044,12.6123247146606,13.5106077194214,12.5776767730713,13.9292526245117,16.0139293670654,13.03928565979,14.4368944168091,11.0266065597534,10.797646522522,12.0641260147095,11.6082029342651,10.7064952850342
"15","Clm-A-E_Fuquen-4",0.0511817336082458,0.217463210225105,0.409912794828415,0.0794243589043617,0.250542551279068,0.44848096370697,0.113847196102142,0.286047875881195,0.480976223945618,0.15893617272377,0.341932624578476,0.592531561851501,0.246129423379898,0.470772624015808,0.702564120292664,0.825840830802917,2.65712451934814,2.85974621772766,4.07441473007202,5.66245460510254,4.03385066986084,5.8072829246521,7.8231348991394,5.86324024200439,8.32506465911865,10.5767803192139,8.33831787109375,10.525691986084,10.8102617263794,7.11369562149048,9.17796325683594,10.9556722640991,9.59041118621826,11.531346321106,11.3579664230347,10.7685136795044,12.6123247146606,13.5106077194214,12.5776767730713,13.9292526245117,16.0139293670654,13.03928565979,14.4368944168091,11.0266065597534,10.797646522522,12.0641260147095,11.6082029342651,10.7064952850342
"16","Clm-A-E_Guatvt-1",0.0624951347708702,0.265532076358795,0.500521421432495,0.0969806089997292,0.30592343211174,0.547614872455597,0.139012396335602,0.349276959896088,0.587292969226837,0.194068014621735,0.417514681816101,0.723506927490234,0.300534784793854,0.574833989143372,0.857861518859863,1.00838780403137,1.93549013137817,1.86958837509155,2.64813995361328,3.65728449821472,2.56996417045593,3.68049359321594,4.93332052230835,3.65822720527649,5.17110586166382,6.54060697555542,5.11792802810669,6.43450117111206,6.57837200164795,4.31215906143188,5.54721641540527,6.60368347167969,5.77218627929688,6.929039478302,6.81715202331543,6.46238899230957,7.56453275680542,8.10203647613525,7.54892206192017,8.36324310302734,9.6196870803833,7.84598541259766,8.69670963287354,6.65221214294434,6.52077198028564,7.29217195510864,7.02327251434326,6.48387813568115
"17","Clm-A-E_Guatvt-2",0.0624951347708702,0.265532076358795,0.500521421432495,0.0969806089997292,0.30592343211174,0.547614872455597,0.139012396335602,0.349276959896088,0.587292969226837,0.194068014621735,0.417514681816101,0.723506927490234,0.300534784793854,0.574833989143372,0.857861518859863,1.00838780403137,1.93549013137817,1.86958837509155,2.64813995361328,3.65728449821472,2.56996417045593,3.68049359321594,4.93332052230835,3.65822720527649,5.17110586166382,6.54060697555542,5.11792802810669,6.43450117111206,6.57837200164795,4.31215906143188,5.54721641540527,6.60368347167969,5.77218627929688,6.929039478302,6.81715202331543,6.46238899230957,7.56453275680542,8.10203647613525,7.54892206192017,8.36324310302734,9.6196870803833,7.84598541259766,8.69670963287354,6.65221214294434,6.52077198028564,7.29217195510864,7.02327251434326,6.48387813568115
"18","Clm-A-E_Herrer-1",0.150288760662079,0.638862609863281,1.20481562614441,0.233554184436798,0.737085163593292,1.32001793384552,0.335239619016647,0.842687368392944,1.41756737232208,0.468632936477661,1.00864481925964,1.62793612480164,0.643677771091461,1.18731200695038,1.72330713272095,1.98159897327423,5.60833978652954,5.91084432601929,8.50514984130859,11.9538707733154,8.57267093658447,12.5038232803345,17.1064605712891,12.8734455108643,18.5979347229004,24.1184139251709,19.0114727020264,24.5185546875,25.4361000061035,16.5582485198975,21.7333164215088,26.3896503448486,23.0127029418945,27.9496421813965,27.7147350311279,26.162410736084,30.8472862243652,33.1448974609375,30.5313014984131,33.7573356628418,38.7070236206055,30.7717056274414,33.5547256469727,25.0032329559326,24.0553855895996,26.4193553924561,24.8821144104004,22.3789844512939
"19","Clm-A-E_Herrer-2",0.150288760662079,0.638862609863281,1.20481562614441,0.233554184436798,0.737085163593292,1.32001793384552,0.335239619016647,0.842687368392944,1.41756737232208,0.468632936477661,1.00864481925964,1.62793612480164,0.643677771091461,1.18731200695038,1.72330713272095,1.98159897327423,5.60833978652954,5.91084432601929,8.50514984130859,11.9538707733154,8.57267093658447,12.5038232803345,17.1064605712891,12.8734455108643,18.5979347229004,24.1184139251709,19.0114727020264,24.5185546875,25.4361000061035,16.5582485198975,21.7333164215088,26.3896503448486,23.0127029418945,27.9496421813965,27.7147350311279,26.162410736084,30.8472862243652,33.1448974609375,30.5313014984131,33.7573356628418,38.7070236206055,30.7717056274414,33.5547256469727,25.0032329559326,24.0553855895996,26.4193553924561,24.8821144104004,22.3789844512939
"20","Clm-A-E_Suesca-1",0.0415964908897877,0.176737010478973,0.333144903182983,0.0645498782396317,0.203621312975883,0.36449009180069,0.0925260558724403,0.232477247714996,0.390899688005447,0.129170835018158,0.277895987033844,0.481563121080399,0.200034663081169,0.382607012987137,0.570988953113556,0.671178579330444,1.85454344749451,1.94622457027435,2.76600527763367,3.833899974823,2.72067141532898,3.90733575820923,5.25055265426636,3.92485165596008,5.55980682373047,7.04598140716553,5.54776906967163,6.98740816116333,7.16693019866943,4.71856594085693,6.07940244674683,7.24806308746338,6.34819555282593,7.62983703613281,7.51472043991089,7.13040113449097,8.3519344329834,8.95004463195801,8.34198665618896,9.24415302276611,10.6346187591553,8.67343425750732,9.61343574523926,7.35239553451538,7.20631408691406,8.05788898468018,7.75968647003174,7.16267347335815
"21","Clm-A-E_Suesca-2",0.0415964908897877,0.176737010478973,0.333144903182983,0.0645498782396317,0.203621312975883,0.36449009180069,0.0925260558724403,0.232477247714996,0.390899688005447,0.129170835018158,0.277895987033844,0.481563121080399,0.200034663081169,0.382607012987137,0.570988953113556,0.671178579330444,1.85454344749451,1.94622457027435,2.76600527763367,3.833899974823,2.72067141532898,3.90733575820923,5.25055265426636,3.92485165596008,5.55980682373047,7.04598140716553,5.54776906967163,6.98740816116333,7.16693019866943,4.71856594085693,6.07940244674683,7.24806308746338,6.34819555282593,7.62983703613281,7.51472043991089,7.13040113449097,8.3519344329834,8.95004463195801,8.34198665618896,9.24415302276611,10.6346187591553,8.67343425750732,9.61343574523926,7.35239553451538,7.20631408691406,8.05788898468018,7.75968647003174,7.16267347335815
"22","Clm-A-E_Ubaqu-10",0.117921680212021,0.500947415828705,0.944118142127991,0.182901814579964,0.576867520809174,1.03245151042938,0.262047439813614,0.658307909965515,1.10674464702606,0.36566287279129,0.786563396453857,1.34142208099365,0.551345467567444,1.04666042327881,1.5532443523407,1.81784427165985,2.9841947555542,2.1236367225647,2.99345922470093,4.10862493515015,2.77463126182556,3.95610189437866,5.2883996963501,3.77028846740723,5.31622791290283,6.71660280227661,5.0616455078125,6.3480429649353,6.37294006347656,4.02854299545288,5.14981698989868,6.08732128143311,5.21656799316406,6.20395183563232,6.0434193611145,5.65604162216187,6.57365274429321,6.98981475830078,6.4522533416748,7.10690546035767,8.13363456726074,6.58717823028564,7.268798828125,5.53555345535278,5.41102313995361,6.03835296630859,5.80496644973755,5.35087728500366
"23","Clm-A-E_Ubaqu-11",0.117921680212021,0.500947415828705,0.944118142127991,0.182901814579964,0.576867520809174,1.03245151042938,0.262047439813614,0.658307909965515,1.10674464702606,0.36566287279129,0.786563396453857,1.34142208099365,0.551345467567444,1.04666042327881,1.5532443523407,1.81784427165985,2.9841947555542,2.1236367225647,2.99345922470093,4.10862493515015,2.77463126182556,3.95610189437866,5.2883996963501,3.77028846740723,5.31622791290283,6.71660280227661,5.0616455078125,6.3480429649353,6.37294006347656,4.02854299545288,5.14981698989868,6.08732128143311,5.21656799316406,6.20395183563232,6.0434193611145,5.65604162216187,6.57365274429321,6.98981475830078,6.4522533416748,7.10690546035767,8.13363456726074,6.58717823028564,7.268798828125,5.53555345535278,5.41102313995361,6.03835296630859,5.80496644973755,5.35087728500366
"24","Clm-A-E_Ubaqu-12",0.117921680212021,0.500947415828705,0.944118142127991,0.182901814579964,0.576867520809174,1.03245151042938,0.262047439813614,0.658307909965515,1.10674464702606,0.36566287279129,0.786563396453857,1.34142208099365,0.551345467567444,1.04666042327881,1.5532443523407,1.81784427165985,2.9841947555542,2.1236367225647,2.99345922470093,4.10862493515015,2.77463126182556,3.95610189437866,5.2883996963501,3.77028846740723,5.31622791290283,6.71660280227661,5.0616455078125,6.3480429649353,6.37294006347656,4.02854299545288,5.14981698989868,6.08732128143311,5.21656799316406,6.20395183563232,6.0434193611145,5.65604162216187,6.57365274429321,6.98981475830078,6.4522533416748,7.10690546035767,8.13363456726074,6.58717823028564,7.268798828125,5.53555345535278,5.41102313995361,6.03835296630859,5.80496644973755,5.35087728500366
"25","Clm-A-E_Ubaque-1",0.117921680212021,0.500947415828705,0.944118142127991,0.182901814579964,0.576867520809174,1.03245151042938,0.262047439813614,0.658307909965515,1.10674464702606,0.36566287279129,0.786563396453857,1.34142208099365,0.551345467567444,1.04666042327881,1.5532443523407,1.81784427165985,2.9841947555542,2.1236367225647,2.99345922470093,4.10862493515015,2.77463126182556,3.95610189437866,5.2883996963501,3.77028846740723,5.31622791290283,6.71660280227661,5.0616455078125,6.3480429649353,6.37294006347656,4.02854299545288,5.14981698989868,6.08732128143311,5.21656799316406,6.20395183563232,6.0434193611145,5.65604162216187,6.57365274429321,6.98981475830078,6.4522533416748,7.10690546035767,8.13363456726074,6.58717823028564,7.268798828125,5.53555345535278,5.41102313995361,6.03835296630859,5.80496644973755,5.35087728500366
"26","Clm-A-E_Ubaque-2",0.117921680212021,0.500947415828705,0.944118142127991,0.182901814579964,0.576867520809174,1.03245151042938,0.262047439813614,0.658307909965515,1.10674464702606,0.36566287279129,0.786563396453857,1.34142208099365,0.551345467567444,1.04666042327881,1.5532443523407,1.81784427165985,2.9841947555542,2.1236367225647,2.99345922470093,4.10862493515015,2.77463126182556,3.95610189437866,5.2883996963501,3.77028846740723,5.31622791290283,6.71660280227661,5.0616455078125,6.3480429649353,6.37294006347656,4.02854299545288,5.14981698989868,6.08732128143311,5.21656799316406,6.20395183563232,6.0434193611145,5.65604162216187,6.57365274429321,6.98981475830078,6.4522533416748,7.10690546035767,8.13363456726074,6.58717823028564,7.268798828125,5.53555345535278,5.41102313995361,6.03835296630859,5.80496644973755,5.35087728500366
"27","Clm-A-E_Ubaque-3",0.117921680212021,0.500947415828705,0.944118142127991,0.182901814579964,0.576867520809174,1.03245151042938,0.262047439813614,0.658307909965515,1.10674464702606,0.36566287279129,0.786563396453857,1.34142208099365,0.551345467567444,1.04666042327881,1.5532443523407,1.81784427165985,2.9841947555542,2.1236367225647,2.99345922470093,4.10862493515015,2.77463126182556,3.95610189437866,5.2883996963501,3.77028846740723,5.31622791290283,6.71660280227661,5.0616455078125,6.3480429649353,6.37294006347656,4.02854299545288,5.14981698989868,6.08732128143311,5.21656799316406,6.20395183563232,6.0434193611145,5.65604162216187,6.57365274429321,6.98981475830078,6.4522533416748,7.10690546035767,8.13363456726074,6.58717823028564,7.268798828125,5.53555345535278,5.41102313995361,6.03835296630859,5.80496644973755,5.35087728500366
"28","Clm-A-E_Ubaque-4",0.117921680212021,0.500947415828705,0.944118142127991,0.182901814579964,0.576867520809174,1.03245151042938,0.262047439813614,0.658307909965515,1.10674464702606,0.36566287279129,0.786563396453857,1.34142208099365,0.551345467567444,1.04666042327881,1.5532443523407,1.81784427165985,2.9841947555542,2.1236367225647,2.99345922470093,4.10862493515015,2.77463126182556,3.95610189437866,5.2883996963501,3.77028846740723,5.31622791290283,6.71660280227661,5.0616455078125,6.3480429649353,6.37294006347656,4.02854299545288,5.14981698989868,6.08732128143311,5.21656799316406,6.20395183563232,6.0434193611145,5.65604162216187,6.57365274429321,6.98981475830078,6.4522533416748,7.10690546035767,8.13363456726074,6.58717823028564,7.268798828125,5.53555345535278,5.41102313995361,6.03835296630859,5.80496644973755,5.35087728500366
"29","Clm-A-E_Ubaque-5",0.117921680212021,0.500947415828705,0.944118142127991,0.182901814579964,0.576867520809174,1.03245151042938,0.262047439813614,0.658307909965515,1.10674464702606,0.36566287279129,0.786563396453857,1.34142208099365,0.551345467567444,1.04666042327881,1.5532443523407,1.81784427165985,2.9841947555542,2.1236367225647,2.99345922470093,4.10862493515015,2.77463126182556,3.95610189437866,5.2883996963501,3.77028846740723,5.31622791290283,6.71660280227661,5.0616455078125,6.3480429649353,6.37294006347656,4.02854299545288,5.14981698989868,6.08732128143311,5.21656799316406,6.20395183563232,6.0434193611145,5.65604162216187,6.57365274429321,6.98981475830078,6.4522533416748,7.10690546035767,8.13363456726074,6.58717823028564,7.268798828125,5.53555345535278,5.41102313995361,6.03835296630859,5.80496644973755,5.35087728500366
"30","Clm-A-E_Ubaque-6",0.117921680212021,0.500947415828705,0.944118142127991,0.182901814579964,0.576867520809174,1.03245151042938,0.262047439813614,0.658307909965515,1.10674464702606,0.36566287279129,0.786563396453857,1.34142208099365,0.551345467567444,1.04666042327881,1.5532443523407,1.81784427165985,2.9841947555542,2.1236367225647,2.99345922470093,4.10862493515015,2.77463126182556,3.95610189437866,5.2883996963501,3.77028846740723,5.31622791290283,6.71660280227661,5.0616455078125,6.3480429649353,6.37294006347656,4.02854299545288,5.14981698989868,6.08732128143311,5.21656799316406,6.20395183563232,6.0434193611145,5.65604162216187,6.57365274429321,6.98981475830078,6.4522533416748,7.10690546035767,8.13363456726074,6.58717823028564,7.268798828125,5.53555345535278,5.41102313995361,6.03835296630859,5.80496644973755,5.35087728500366
"31","Clm-A-E_Ubaque-7",0.117921680212021,0.500947415828705,0.944118142127991,0.182901814579964,0.576867520809174,1.03245151042938,0.262047439813614,0.658307909965515,1.10674464702606,0.36566287279129,0.786563396453857,1.34142208099365,0.551345467567444,1.04666042327881,1.5532443523407,1.81784427165985,2.9841947555542,2.1236367225647,2.99345922470093,4.10862493515015,2.77463126182556,3.95610189437866,5.2883996963501,3.77028846740723,5.31622791290283,6.71660280227661,5.0616455078125,6.3480429649353,6.37294006347656,4.02854299545288,5.14981698989868,6.08732128143311,5.21656799316406,6.20395183563232,6.0434193611145,5.65604162216187,6.57365274429321,6.98981475830078,6.4522533416748,7.10690546035767,8.13363456726074,6.58717823028564,7.268798828125,5.53555345535278,5.41102313995361,6.03835296630859,5.80496644973755,5.35087728500366
"32","Clm-A-E_Ubaque-8",0.117921680212021,0.500947415828705,0.944118142127991,0.182901814579964,0.576867520809174,1.03245151042938,0.262047439813614,0.658307909965515,1.10674464702606,0.36566287279129,0.786563396453857,1.34142208099365,0.551345467567444,1.04666042327881,1.5532443523407,1.81784427165985,2.9841947555542,2.1236367225647,2.99345922470093,4.10862493515015,2.77463126182556,3.95610189437866,5.2883996963501,3.77028846740723,5.31622791290283,6.71660280227661,5.0616455078125,6.3480429649353,6.37294006347656,4.02854299545288,5.14981698989868,6.08732128143311,5.21656799316406,6.20395183563232,6.0434193611145,5.65604162216187,6.57365274429321,6.98981475830078,6.4522533416748,7.10690546035767,8.13363456726074,6.58717823028564,7.268798828125,5.53555345535278,5.41102313995361,6.03835296630859,5.80496644973755,5.35087728500366
"33","Clm-A-E_Ubaque-9",0.117921680212021,0.500947415828705,0.944118142127991,0.182901814579964,0.576867520809174,1.03245151042938,0.262047439813614,0.658307909965515,1.10674464702606,0.36566287279129,0.786563396453857,1.34142208099365,0.551345467567444,1.04666042327881,1.5532443523407,1.81784427165985,2.9841947555542,2.1236367225647,2.99345922470093,4.10862493515015,2.77463126182556,3.95610189437866,5.2883996963501,3.77028846740723,5.31622791290283,6.71660280227661,5.0616455078125,6.3480429649353,6.37294006347656,4.02854299545288,5.14981698989868,6.08732128143311,5.21656799316406,6.20395183563232,6.0434193611145,5.65604162216187,6.57365274429321,6.98981475830078,6.4522533416748,7.10690546035767,8.13363456726074,6.58717823028564,7.268798828125,5.53555345535278,5.41102313995361,6.03835296630859,5.80496644973755,5.35087728500366
"34","Clm-A-E_Verjon-1",0.155594140291214,0.661330461502075,1.24702954292297,0.241707190871239,0.762721717357635,1.36576330661774,0.3468157351017,0.871682822704315,1.4661717414856,0.484645038843155,1.04298889636993,1.66866636276245,0.655499339103699,1.20305478572845,1.73919022083282,1.99336326122284,1.96201646327972,0.839869618415833,1.26124966144562,1.83739495277405,1.19506537914276,1.81269454956055,2.59149503707886,1.73688101768494,2.61615800857544,3.54986810684204,2.45138692855835,3.27636575698853,3.22848963737488,1.75318765640259,2.30619502067566,2.77995681762695,2.15128779411316,2.50083756446838,2.33438730239868,1.97033715248108,2.19514346122742,2.19336032867432,1.76642525196075,1.78397941589355,1.86236917972565,1.20805490016937,1.11666166782379,0.655842483043671,0.512922823429108,0.452242851257324,0.318181842565536,0.18952964246273
"35","Clm-A-E_Verjon-2",0.155594140291214,0.661330461502075,1.24702954292297,0.241707190871239,0.762721717357635,1.36576330661774,0.3468157351017,0.871682822704315,1.4661717414856,0.484645038843155,1.04298889636993,1.66866636276245,0.655499339103699,1.20305478572845,1.73919022083282,1.99336326122284,1.96201646327972,0.839869618415833,1.26124966144562,1.83739495277405,1.19506537914276,1.81269454956055,2.59149503707886,1.73688101768494,2.61615800857544,3.54986810684204,2.45138692855835,3.27636575698853,3.22848963737488,1.75318765640259,2.30619502067566,2.77995681762695,2.15128779411316,2.50083756446838,2.33438730239868,1.97033715248108,2.19514346122742,2.19336032867432,1.76642525196075,1.78397941589355,1.86236917972565,1.20805490016937,1.11666166782379,0.655842483043671,0.512922823429108,0.452242851257324,0.318181842565536,0.18952964246273
"36","Clm-A-E_Verjon-3",0.155594140291214,0.661330461502075,1.24702954292297,0.241707190871239,0.762721717357635,1.36576330661774,0.3468157351017,0.871682822704315,1.4661717414856,0.484645038843155,1.04298889636993,1.66866636276245,0.655499339103699,1.20305478572845,1.73919022083282,1.99336326122284,1.96201646327972,0.839869618415833,1.26124966144562,1.83739495277405,1.19506537914276,1.81269454956055,2.59149503707886,1.73688101768494,2.61615800857544,3.54986810684204,2.45138692855835,3.27636575698853,3.22848963737488,1.75318765640259,2.30619502067566,2.77995681762695,2.15128779411316,2.50083756446838,2.33438730239868,1.97033715248108,2.19514346122742,2.19336032867432,1.76642525196075,1.78397941589355,1.86236917972565,1.20805490016937,1.11666166782379,0.655842483043671,0.512922823429108,0.452242851257324,0.318181842565536,0.18952964246273
"37","Cusco_C-PLS-10",0,0,0,0,0,0,0,0,0,0,0,0,0,0,0,0,0.107418172061443,0,0.226515546441078,0.32729709148407,0,0.23984882235527,0.324142813682556,0,0.248281687498093,0.316440939903259,0,0.251893788576126,0.303928881883621,0,0.294197857379913,0.391184449195862,0,0.444899767637253,0.55659431219101,0,0,0.938746154308319,0,0,1.09390127658844,0,0,1.16270017623901,0,0,0,3.30162858963013
"38","Cusco_C-PLS-11",0,0,0,0,0,0,0,0,0,0,0,0,0,0,0,0,0.0952913239598274,0,0.20094333589077,0.290347278118134,0,0.212771371006966,0.28754910826683,0,0.220252215862274,0.280716717243195,0,0.223456531763077,0.269617170095444,0,0.260984718799591,0.347022145986557,0,0.394673347473145,0.493758231401443,0,0,0.832767486572266,0,0,0.970406591892242,0,0,1.03143858909607,0,0,0,2.93120551109314
"39","Cusco_C-PLS-12",0.205439642071724,0.918709754943848,1.82637917995453,0.315578103065491,1.05089890956879,1.97728681564331,0.449590146541595,1.19258391857147,2.09383964538574,0.645305991172791,1.50896382331848,2.48822355270386,0.882418632507324,1.63737142086029,2.3969395160675,1.03811609745026,0.607949912548065,0.55317223072052,0.725504696369171,1.0233142375946,0.565683424472809,0.705348670482635,0.933837950229645,0.568325281143188,0.675217390060425,0.844074964523315,0.56177169084549,0.6371248960495,0.754548907279968,0.546273291110992,0.699620008468628,0.919487833976746,0.851965725421906,1.01267719268799,1.25183606147766,1.34974956512451,1.73567819595337,2.07552790641785,2.67099356651306,2.33674001693726,2.28966665267944,3.29050970077515,2.23057961463928,2.25276684761047,3.4653308391571,4.37840127944946,5.12563896179199,6.20836544036865
"40","Cusco_C-PLS-13",0,0,0,0,0,0,0,0,0,0,0,0,0,0,0,0,0.422766298055649,0.663105368614197,0.891498506069183,1.28814494609833,0.740069210529327,0.943974375724792,1.27573072910309,0.806146323680878,0.97716361284256,1.24541842937469,0.858347594738007,0.991379737854004,1.19617462158203,0.893121659755707,1.15787613391876,1.53958678245544,1.45954501628876,1.75099456310272,2.19059133529663,2.40744209289551,3.08481669425964,3.69462847709656,0,4.26743793487549,4.30527353286743,0,4.48224830627441,4.57604551315308,7.04298973083496,9.00473594665527,10.6495723724365,12.9977426528931
"41","Cusco_Cs-PLS-1",0.0951788350939751,0.425669491291046,0.846296668052673,0.146243125200272,0.487041443586349,0.916453540325165,0.208397671580315,0.5528404712677,0.970707893371582,0.299188315868378,0.699666440486908,1.15615057945251,0.410886615514755,0.764058470726013,1.12092983722687,0.486540764570236,0.5469069480896,0.734498202800751,0.984568119049072,1.41848003864288,0.80972295999527,1.02988481521606,1.38841724395752,0.871532738208771,1.05366396903992,1.33947217464447,0.917181789875031,1.056596159935,1.27127611637115,0.943491697311401,1.22134780883789,1.62163031101227,1.53041160106659,1.83406913280487,2.2902090549469,2.50696206092834,3.21956896781921,3.8592631816864,5.02397632598877,4.43473386764526,4.43923187255859,6.61135244369507,4.53482389450073,4.6159462928772,7.10561323165894,9.04804611206055,10.6684837341309,12.9904451370239
"42","Cusco_Cs-PLS-2",0.573661684989929,2.56559443473816,5.10079765319824,0.881436288356781,2.93549537658691,5.52364730834961,1.25605416297913,3.33207893371582,5.85064888000488,1.80326735973358,4.21702814102173,6.96834850311279,2.47649526596069,4.60513210296631,6.75606632232666,2.93247771263123,1.65253484249115,1.84870827198029,2.47312307357788,3.55565738677979,2.01472759246826,2.55663537979126,3.4404022693634,2.14120006561279,2.58247900009155,3.27499294281006,2.22196936607361,2.55250763893127,3.06085276603699,2.25063896179199,2.90961122512817,3.85820627212524,3.61506628990173,4.32908344268799,5.39263725280762,5.86337471008301,7.57363605499268,9.10542011260986,11.7938375473022,10.3760070800781,10.2222013473511,14.7394151687622,10.0078573226929,10.1171836853027,15.586555480957,19.6874885559082,23.0225448608398,27.8493709564209
"43","Cusco_Cs-PLS-3",0,0,0,0,0,0,0,0,0,0,0,0,0,0,0,0,0.117477484047413,0,0.247727885842323,0.357947260141373,0,0.26230975985527,0.354497581720352,0,0.271532326936722,0.346074461936951,0,0.275482684373856,0.332390666007996,0,0.321748375892639,0.427817404270172,0,0.486562967300415,0.608717262744904,0,0,1.02665627002716,0,0,1.19634103775024,0,0,1.27158272266388,0,0,0,3.61081385612488
"44","Cusco_Cs-PLS-4",0,0,0,0,0,0,0,0,0,0,0,0,0,0,0,0,0.117477484047413,0,0.247727885842323,0.357947260141373,0,0.26230975985527,0.354497581720352,0,0.271532326936722,0.346074461936951,0,0.275482684373856,0.332390666007996,0,0.321748375892639,0.427817404270172,0,0.486562967300415,0.608717262744904,0,0,1.02665627002716,0,0,1.19634103775024,0,0,1.27158272266388,0,0,0,3.61081385612488
"45","Cusco_Cs-PLS-5",0,0,0,0,0,0,0,0,0,0,0,0,0,0,0,0,0.0797863453626633,0,0.168247580528259,0.243104487657547,0,0.178151056170464,0.240761607885361,0,0.184414684772491,0.235040932893753,0,0.187097623944283,0.225747421383858,0,0.218519568443298,0.290557712316513,0,0.330455511808395,0.413418173789978,0,0,0.697266817092896,0,0,0.81251049041748,0,0,0.863611817359924,0,0,0,2.45233082771301
"46","Cusco_Cs-PLS-6",0,0,0,0,0,0,0,0,0,0,0,0,0,0,0,0,0,0,0,0.1117834597826,0,0,0.11070616543293,0,0.0847969204187393,0.108075700700283,0,0.0860305801033974,0.103802390396595,0,0.100478909909725,0.133603245019913,0,0,0.190096512436867,0,0,0.320614814758301,0,0,0.373605757951736,0,0,0.397102981805801,0,0,0,1.12762224674225
"47","Cusco_Cs-PLS-7",0,0,0,0,0,0,0,0,0,0,0,0,0,0,0,0,0.0797863453626633,0,0.168247580528259,0.243104487657547,0,0.178151056170464,0.240761607885361,0,0.184414684772491,0.235040932893753,0,0.187097623944283,0.225747421383858,0,0.218519568443298,0.290557712316513,0,0.330455511808395,0.413418173789978,0,0,0.697266817092896,0,0,0.81251049041748,0,0,0.863611817359924,0,0,0,2.45233082771301
"48","Cusco_Cs-PLS-8",0,0,0,0,0,0,0,0,0,0,0,0,0,0,0,0,0.0797863453626633,0,0.168247580528259,0.243104487657547,0,0.178151056170464,0.240761607885361,0,0.184414684772491,0.235040932893753,0,0.187097623944283,0.225747421383858,0,0.218519568443298,0.290557712316513,0,0.330455511808395,0.413418173789978,0,0,0.697266817092896,0,0,0.81251049041748,0,0,0.863611817359924,0,0,0,2.45233082771301
"49","Cusco_Cs-PLS-9",2.91132974624634,13.0199823379517,25.8857116699219,4.47317504882812,14.8971710205078,28.0315952301025,6.37429571151733,16.9097690582275,29.6910572052002,9.15130043029785,21.400728225708,35.3631935119629,12.5678186416626,23.370267868042,34.2858963012695,14.8818435668945,4.68882322311401,3.58235549926758,4.60735034942627,6.37616872787476,3.43499326705933,4.20717477798462,5.47902345657349,3.25191569328308,3.80353021621704,4.68413734436035,3.04523491859436,3.40621328353882,3.97859239578247,2.8203239440918,3.57768964767456,4.66017198562622,4.24962091445923,5.01589822769165,6.1471848487854,6.69582366943359,8.80493068695068,10.481728553772,13.059757232666,11.1714773178101,10.7001762390137,14.9726324081421,9.97244453430176,9.9538631439209,15.2951440811157,19.0388641357422,22.0613079071045,26.5192165374756
"50","Cusco_Cusc-CH1",0,0,0,0,0,0,0,0,0,0,0,0,0,0,0,0,0.711158215999603,1.11544573307037,1.49963819980621,2.16685891151428,1.2449107170105,1.58791065216064,2.14597606658936,1.35606265068054,1.64374017715454,2.09498620033264,1.44387328624725,1.6676539182663,2.01215028762817,1.50236856937408,1.9477264881134,2.58982276916504,2.45518016815186,2.94544339179993,3.68491291999817,4.04968976974487,5.18913841247559,6.21493577957153,0,7.17848968505859,7.2421350479126,0,7.53983449935913,7.69761562347412,11.8473968505859,15.1363840103149,17.9102592468262,21.8614368438721
"51","Cusco_Cusc-DP1",0,0,0,0,0,0,0,0,0,0,0,0,0,0,0,0,0.302070200443268,0.47379457950592,0.636983454227448,0.920390844345093,0.528785884380341,0.674477934837341,0.911520719528198,0.575998604297638,0.698191940784454,0.889862298965454,0.613296866416931,0.708349466323853,0.854677140712738,0.638143181800842,0.827312588691711,1.10004818439484,1.04285764694214,1.251100897789,1.56519651412964,0,2.20412850379944,2.63984441757202,0,3.04912161827087,3.07615542411804,0,3.20260572433472,3.26962471008301,5.03227758407593,6.42930126190186,7.60561847686768,9.28449630737305
"52","Cusco_Cusc-IA1",0,0,0,0,0,0,0,0,0,0,0,0,0,0,0,0,0.302070200443268,0.47379457950592,0.636983454227448,0.920390844345093,0.528785884380341,0.674477934837341,0.911520719528198,0.575998604297638,0.698191940784454,0.889862298965454,0.613296866416931,0.708349466323853,0.854677140712738,0.638143181800842,0.827312588691711,1.10004818439484,1.04285764694214,1.251100897789,1.56519651412964,0,2.20412850379944,2.63984441757202,0,3.04912161827087,3.07615542411804,0,3.20260572433472,3.26962471008301,5.03227758407593,6.42930126190186,7.60561847686768,9.28449630737305
"53","Cusco_Cusc-YC1",0,0,0,0,0,0,0,0,0,0,0,0,0,0,0,0,0.302070200443268,0.47379457950592,0.636983454227448,0.920390844345093,0.528785884380341,0.674477934837341,0.911520719528198,0.575998604297638,0.698191940784454,0.889862298965454,0.613296866416931,0.708349466323853,0.854677140712738,0.638143181800842,0.827312588691711,1.10004818439484,1.04285764694214,1.251100897789,1.56519651412964,0,2.20412850379944,2.63984441757202,0,3.04912161827087,3.07615542411804,0,3.20260572433472,3.26962471008301,5.03227758407593,6.42930126190186,7.60561847686768,9.28449630737305
"54","EpNGEO-F_Caricoch",0,0,0,0,0,0,0,0,0,0,0,0,0,0,0,0,0,0,0,0,0,0,0,0,0,0,0,0,0,0,0,0,0,0,0,0,0,0,0,0,0,4.99954652786255,6.06423044204712,8.23469161987305,8.15223598480225,8.1948766708374,10.081690788269,10.2231922149658
"55","EpNGEO-F_Chiriacu1",0,0,0,0,0,0,0,0,0,0,0,0,0,0,0,0,0,0,0,0,0,0,0,0,0,0,0,0,0,0,0,0,0,0,0,0,0,0,0,0,0,4.99954652786255,6.06423044204712,8.23469161987305,8.15223598480225,8.1948766708374,10.081690788269,10.2231922149658
"56","EpNGEO-F_Cubilche1",0.0132420118898153,0.0550867356359959,0.0966986492276192,0.0198881104588509,0.0610243901610374,0.101236440241337,0.0276398342102766,0.067001149058342,0.104599073529243,0.0403282456099987,0.0875326469540596,0.133609190583229,0,0.103975795209408,0.144210889935493,0,0.920611619949341,1.38129901885986,1.91008198261261,2.4071409702301,1.64137470722198,2.15829133987427,2.64764809608459,1.94901144504547,2.44432258605957,2.8935534954071,2.22487473487854,2.67240977287292,3.06134700775146,2.51588344573975,3.67565274238586,4.7251353263855,4.45973205566406,5.72061204910278,7.04650449752808,6.66655349731445,8.00143432617188,9.3617000579834,9.57268238067627,11.168194770813,12.7111854553223,17.0874404907227,20.7029590606689,28.0875911712646,27.7813549041748,27.9093647003174,34.3251495361328,34.79248046875
"57","EpNGEO-F_Cuicocha1",0.0120984353125095,0.0503294616937637,0.0883477851748466,0.0181705802679062,0.0557543411850929,0.0924936905503273,0.0252528674900532,0.0612149499356747,0.0955659225583076,0.0368455126881599,0.0799733549356461,0.122070744633675,0,0,0.131756871938705,0,0,0,0,0,0,0,0,0,0,0,0,0,0,0,1.9810962677002,2.54543232917786,2.4013364315033,3.07909369468689,3.7915210723877,3.58603119850159,4.30307388305664,5.03360748291016,5.14620733261108,6.00315761566162,6.83186531066895,9.18309497833252,11.1263236999512,15.0956192016602,14.9322547912598,15.0021438598633,18.4514675140381,18.7040596008301
"58","EpNGEO-F_Cunrro1",0.0132420118898153,0.0550867356359959,0.0966986492276192,0.0198881104588509,0.0610243901610374,0.101236440241337,0.0276398342102766,0.067001149058342,0.104599073529243,0.0403282456099987,0.0875326469540596,0.133609190583229,0,0.103975795209408,0.144210889935493,0,0.920611619949341,1.38129901885986,1.91008198261261,2.4071409702301,1.64137470722198,2.15829133987427,2.64764809608459,1.94901144504547,2.44432258605957,2.8935534954071,2.22487473487854,2.67240977287292,3.06134700775146,2.51588344573975,3.67565274238586,4.7251353263855,4.45973205566406,5.72061204910278,7.04650449752808,6.66655349731445,8.00143432617188,9.3617000579834,9.57268238067627,11.168194770813,12.7111854553223,17.0874404907227,20.7029590606689,28.0875911712646,27.7813549041748,27.9093647003174,34.3251495361328,34.79248046875
"59","EpNGEO-F_Huarmcch1",0,0,0,0,0,0,0,0,0,0,0,0,0,0,0,0,0,0,0,0,0,0,0,0,0,0,0,0,0,0,0,0,0,0,0,0,0,0,0,0,0,4.99954652786255,6.06423044204712,8.23469161987305,8.15223598480225,8.1948766708374,10.081690788269,10.2231922149658
"60","EpNGEO-F_SanPablo",0.0152801806107163,0.0635655149817467,0.111582204699516,0.0229492262005806,0.0704170688986778,0.116818435490131,0.0318940728902817,0.0773137584328651,0.120698630809784,0.0465354435145855,0.101005397737026,0.154173895716667,0.0689096823334694,0.119979426264763,0.166407376527786,0.0883944407105446,0,0,0,2.04675889015198,1.39534378051758,1.83426344394684,2.24932336807251,1.6238819360733,2.03760671615601,2.41307687759399,1.85597145557404,2.22974991798401,2.55449295043945,2.09926700592041,3.06660652160645,3.94186472892761,3.71920084953308,4.77021884918213,5.87525272369385,5.55556344985962,6.66666841506958,7.79774475097656,7.96836948394775,9.29231452941895,10.5697145462036,14.2086906433105,17.1717433929443,23.2464866638184,22.9365863800049,23.0006408691406,28.2637977600098,28.6079807281494
"61","EpNGEO-F_Yahurcch",0.0795455798506737,0.330880403518677,0.580773711204529,0.119438171386719,0.366451650857925,0.607874989509583,0.165950119495392,0.402244031429291,0.627915024757385,0.242074280977249,0.525383055210114,0.80025714635849,0.356924682855606,0.62011331319809,0.858212649822235,0.45487841963768,0.999154388904572,0.970738172531128,1.34994697570801,1.70901846885681,1.17059636116028,1.54515588283539,1.90107154846191,1.37536215782166,1.72853600978851,2.04814672470093,1.57391047477722,1.88768351078033,2.15616703033447,1.76387238502502,2.56253457069397,3.28062415122986,3.06971430778503,3.92424893379211,4.82015037536621,4.51066493988037,5.39207649230957,6.27325105667114,6.33417272567749,7.3273777961731,8.24224853515625,11.0948076248169,12.7328395843506,16.4471874237061,15.3264427185059,14.6979990005493,17.6726188659668,17.2155895233154
"62","EpNGEO-F_Yambo1",0.0180277694016695,0.0749954804778099,0.131646245718002,0.0270758178085089,0.0830790475010872,0.137824013829231,0.0376290716230869,0.0912158489227295,0.142401933670044,0.0549031682312489,0.119167573750019,0.181896522641182,0.0813006013631821,0.141553401947021,0.196329742670059,0.10428898781538,0.673914313316345,0,0,1.61867952346802,1.10214126110077,1.44709086418152,1.77247393131256,1.27817416191101,1.60210251808167,1.89538145065308,1.45637321472168,1.74808287620544,2.00096893310547,1.64307701587677,2.39846181869507,3.08107161521912,2.90526819229126,3.72443342208862,4.5851936340332,4.33382177352905,5.19876718521118,6.07888412475586,6.2100944519043,7.24015331268311,8.23371982574463,11.0664596557617,13.3504610061646,18.07053565979,17.8380184173584,17.8933620452881,21.9914817810059,22.2693462371826
"63","EpNGEO-F_Yanacoch1",0,0,0,0,0,0,0,0,0,0,0,0,0,0,0,0,0,0,0,0,0,0,0,0,0,0,0,0,0,0,0,0,0,0,0,0,0,0,0,0,0,4.99954652786255,6.06423044204712,8.23469161987305,8.15223598480225,8.1948766708374,10.081690788269,10.2231922149658
"64","EpNGEO-J_Colta-22",0,0,0,0,0,0,0,0,0,0,0,0,0,0,0,0,0,0,0,0,0,0,0,0,0,0,0,0,0,0.828097462654114,1.2102233171463,1.55631768703461,1.46906220912933,1.88500225543976,2.32263588905334,2.19714426994324,2.6376051902771,3.08626484870911,3.15482759475708,3.68016719818115,4.18719816207886,5.63070631027222,6.7934193611145,9.19741821289062,9.0818338394165,9.09116744995117,11.1720399856567,11.3073863983154
"65","EpNGEO-J_DsChrrrs1",0.0372246727347374,0.15485455095768,0.271829962730408,0.0559075511991978,0.171545907855034,0.284586161375046,0.0776984542608261,0.188347205519676,0.294038861989975,0.113366901874542,0.246063381433487,0.375589340925217,0.167873695492744,0.292286783456802,0.405391812324524,0.215341299772263,0.261455982923508,0.227901235222816,0.300433099269867,0.361625045537949,0.236261576414108,0.298390656709671,0.352379620075226,0.245503485202789,0.298081606626511,0.342355221509933,0.255902200937271,0.299513518810272,0.33501198887825,0.269341945648193,0.385790824890137,0.48760986328125,0.452838748693466,0.573492288589478,0.698616862297058,0.653593361377716,0.777831673622131,0.903189182281494,0.91681969165802,1.06349992752075,1.20425283908844,1.61336326599121,1.94287931919098,2.62360334396362,2.58491086959839,2.59365463256836,3.18763017654419,3.22732710838318
"66","EpNGEO-J_Estrllsc1",0.0388974770903587,0.161813408136368,0.284045487642288,0.0584199242293835,0.179254844784737,0.297374904155731,0.0811900720000267,0.196811154484749,0.307252407073975,0.118461385369301,0.257120996713638,0.392467588186264,0.175417602062225,0.305421590805054,0.42360931634903,0.225018322467804,0.189376890659332,0.112365283071995,0.141647070646286,0.162393391132355,0.100816830992699,0.120600588619709,0.134419500827789,0.0880171954631805,0.100158289074898,0.107411950826645,0.0746504664421082,0.0810069069266319,0.0837127566337585,0.0619497522711754,0.0815088376402855,0.0949398055672646,0.0806381329894066,0.0944517552852631,0.106700778007507,0.0914820730686188,0.101267993450165,0.109431251883507,0.102691933512688,0.111339882016182,0.1179159283638,0.150916427373886,0.163711696863174,0.201795548200607,0.182012215256691,0.176125451922417,0.212087363004684,0.207535982131958
"67","EpNGEO-J_Fondocch1",0.0413822568953037,0.1721500903368,0.302190393209457,0.0621518082916737,0.190705701708794,0.316371291875839,0.0863765105605125,0.209383517503738,0.326879769563675,0.12602873146534,0.273545950651169,0.417538553476334,0.186623334884644,0.324932008981705,0.450669586658478,0.239392548799515,0.199096500873566,0.115975469350815,0.148257628083229,0.172274857759476,0.108347237110138,0.131218835711479,0.147962838411331,0.0979283303022385,0.112534016370773,0.121732756495476,0.0852188840508461,0.0930118337273598,0.0965016186237335,0.0715420618653297,0.0940840393304825,0.109367683529854,0.0923134535551071,0.107447683811188,0.120373621582985,0.101602807641029,0.110873006284237,0.117675974965096,0.107609316706657,0.113724261522293,0.116797760128975,0.146318301558495,0.14722053706646,0.16703325510025,0.135983869433403,0.1253781914711,0.146625518798828,0.135452315211296
"68","EpNGEO-J_Jigeno1",0.0388974770903587,0.161813408136368,0.284045487642288,0.0584199242293835,0.179254844784737,0.297374904155731,0.0811900720000267,0.196811154484749,0.307252407073975,0.118461385369301,0.257120996713638,0.392467588186264,0.175417602062225,0.305421590805054,0.42360931634903,0.225018322467804,0.189376890659332,0.112365283071995,0.141647070646286,0.162393391132355,0.100816830992699,0.120600588619709,0.134419500827789,0.0880171954631805,0.100158289074898,0.107411950826645,0.0746504664421082,0.0810069069266319,0.0837127566337585,0.0619497522711754,0.0815088376402855,0.0949398055672646,0.0806381329894066,0.0944517552852631,0.106700778007507,0.0914820730686188,0.101267993450165,0.109431251883507,0.102691933512688,0.111339882016182,0.1179159283638,0.150916427373886,0.163711696863174,0.201795548200607,0.182012215256691,0.176125451922417,0.212087363004684,0.207535982131958
"69","EpNGEO-J_Kuyuk1",0,0,0,0,0,0,0,0,0,0,0,0,0,0,0,0,0,0,0,0,0,0,0,0,0,0,0,0,0,0,0,0,0,0,0,0,0,0,0,0,0,0,0,0,0,0,0,0
"70","EpNGEO-J_Llaviucu",0.0345824770629406,0.143863007426262,0.252535551786423,0.0519392490386963,0.159369632601738,0.2643863260746,0.0721834376454353,0.174978375434875,0.273168087005615,0.105320148169994,0.228597864508629,0.34893012046814,0.155958071351051,0.271540343761444,0.376617223024368,0.200056448578835,0.35938161611557,0.386498689651489,0.518387138843536,0.635194540023804,0.422363340854645,0.542878448963165,0.652389049530029,0.462487101554871,0.571042120456696,0.66666579246521,0.506304502487183,0.601601481437683,0.682645440101624,0.556373775005341,0.807069301605225,1.03140914440155,0.968358814716339,1.237065076828,1.51858723163605,0,0,2.00244569778442,0,2.3815643787384,2.70769691467285,3.63707685470581,4.403395652771,5.97109222412109,5.89689207077026,5.92773532867432,7.29699516296387,7.39491033554077
"71","EpNGEO-J_Marmlcch1",0.0413822568953037,0.1721500903368,0.302190393209457,0.0621518082916737,0.190705701708794,0.316371291875839,0.0863765105605125,0.209383517503738,0.326879769563675,0.12602873146534,0.273545950651169,0.417538553476334,0.186623334884644,0.324932008981705,0.450669586658478,0.239392548799515,0.199096500873566,0.115975469350815,0.148257628083229,0.172274857759476,0.108347237110138,0.131218835711479,0.147962838411331,0.0979283303022385,0.112534016370773,0.121732756495476,0.0852188840508461,0.0930118337273598,0.0965016186237335,0.0715420618653297,0.0940840393304825,0.109367683529854,0.0923134535551071,0.107447683811188,0.120373621582985,0.101602807641029,0.110873006284237,0.117675974965096,0.107609316706657,0.113724261522293,0.116797760128975,0.146318301558495,0.14722053706646,0.16703325510025,0.135983869433403,0.1253781914711,0.146625518798828,0.135452315211296
"72","EpNGEO-J_Pi√±an1",0,0,0,0,0,0,0,0,0,0,0,0,0,0,0,0,0,0,0,0,0,0,0,0,0,0,0,0,0,0,0,0,0,0,0,0,0,0,0,0,0,0,0,0,0,0,0,0
"73","JunnPln_HgpCv,in",0,0,0,0,0,0,0,0,0,0,0,0,0,0,0,0,0.634743750095367,0.995590209960938,1.3385009765625,1.93402826786041,1.11114406585693,1.41728854179382,1.91538941860199,1.21035277843475,1.46711909770966,1.86987829208374,1.28872799873352,1.48846328258514,1.79594337940216,1.34093797206879,1.73844182491302,2.31154441833496,2.19136929512024,2.62895321846008,3.28896617889404,3.61454749107361,4.63156175613403,5.5471363067627,0,6.40715551376343,6.46396255493164,0,6.72967338562012,6.87050151824951,10.5743846893311,13.5175619125366,15.9875059127808,19.5135536193848
"74","JunnPln_HgpCv,ot",0,0,0,0,0,0,0,0,0,0,0,0,0,0,0,0,0.634743750095367,0.995590209960938,1.3385009765625,1.93402826786041,1.11114406585693,1.41728854179382,1.91538941860199,1.21035277843475,1.46711909770966,1.86987829208374,1.28872799873352,1.48846328258514,1.79594337940216,1.34093797206879,1.73844182491302,2.31154441833496,2.19136929512024,2.62895321846008,3.28896617889404,3.61454749107361,4.63156175613403,5.5471363067627,0,6.40715551376343,6.46396255493164,0,6.72967338562012,6.87050151824951,10.5743846893311,13.5175619125366,15.9875059127808,19.5135536193848
"75","JunnPln_J11,GK251",0,0,0,0,0,0,0,0,0,0,0,0,0,0,0,0,0.391643732786179,0.614289939403534,0.825869560241699,1.19331634044647,0.68558794260025,0.874482274055481,1.18181598186493,0.746800720691681,0.90522825717926,1.15373504161835,0.795159101486206,0.918397903442383,1.10811638832092,0.827373206615448,1.07263743877411,1.42624795436859,1.35209846496582,1.62209248542786,2.0293276309967,2.23021483421326,2.85772347450256,3.42264294624329,0,3.95328426361084,3.98833441734314,0,4.15228128433228,4.239173412323,6.5245099067688,8.33579635620117,9.86092948913574,12.0376482009888
"76","JunnPln_J11,GK252",0,0,0,0,0,0,0,0,0,0,0,0,0,0,0,0,0.391643732786179,0.614289939403534,0.825869560241699,1.19331634044647,0.68558794260025,0.874482274055481,1.18181598186493,0.746800720691681,0.90522825717926,1.15373504161835,0.795159101486206,0.918397903442383,1.10811638832092,0.827373206615448,1.07263743877411,1.42624795436859,1.35209846496582,1.62209248542786,2.0293276309967,2.23021483421326,2.85772347450256,3.42264294624329,0,3.95328426361084,3.98833441734314,0,4.15228128433228,4.239173412323,6.5245099067688,8.33579635620117,9.86092948913574,12.0376482009888
"77","JunnPln_J11,GK253",0,0,0,0,0,0,0,0,0,0,0,0,0,0,0,0,0.391643732786179,0.614289939403534,0.825869560241699,1.19331634044647,0.68558794260025,0.874482274055481,1.18181598186493,0.746800720691681,0.90522825717926,1.15373504161835,0.795159101486206,0.918397903442383,1.10811638832092,0.827373206615448,1.07263743877411,1.42624795436859,1.35209846496582,1.62209248542786,2.0293276309967,2.23021483421326,2.85772347450256,3.42264294624329,0,3.95328426361084,3.98833441734314,0,4.15228128433228,4.239173412323,6.5245099067688,8.33579635620117,9.86092948913574,12.0376482009888
"78","JunnPln_J13,Qd.A1",0,0,0,0,0,0,0,0,0,0,0,0,0,0,0,0,0.391643732786179,0.614289939403534,0.825869560241699,1.19331634044647,0.68558794260025,0.874482274055481,1.18181598186493,0.746800720691681,0.90522825717926,1.15373504161835,0.795159101486206,0.918397903442383,1.10811638832092,0.827373206615448,1.07263743877411,1.42624795436859,1.35209846496582,1.62209248542786,2.0293276309967,2.23021483421326,2.85772347450256,3.42264294624329,0,3.95328426361084,3.98833441734314,0,4.15228128433228,4.239173412323,6.5245099067688,8.33579635620117,9.86092948913574,12.0376482009888
"79","JunnPln_Jn10,TdS1",0.1258664727211,0.562914192676544,1.11916029453278,0.193394958972931,0.644073724746704,1.21191084384918,0.275589436292648,0.731087744235992,1.28365623950958,0.395652860403061,0.925233244895935,1.52888417243958,0.543365061283112,1.01038479804993,1.48230850696564,0.643411636352539,1.07007193565369,1.5153169631958,2.02634572982788,2.9134407043457,1.66297924518585,2.11241841316223,2.84442281723022,1.78787553310394,2.16040539741516,2.74556398391724,1.88432681560516,2.17114043235779,2.61359882354736,1.94525408744812,2.51808571815491,3.34353351593018,3.16297793388367,3.79053711891174,4.73652935028076,5.19571256637573,6.64757823944092,7.95410871505737,10.3752031326294,9.18627166748047,9.27325248718262,14.0069437026978,9.66263771057129,9.87209892272949,15.2139205932617,19.3882865905762,22.846212387085,27.8361663818359
"80","JunnPln_Jn10,TdS2",0.1258664727211,0.562914192676544,1.11916029453278,0.193394958972931,0.644073724746704,1.21191084384918,0.275589436292648,0.731087744235992,1.28365623950958,0.395652860403061,0.925233244895935,1.52888417243958,0.543365061283112,1.01038479804993,1.48230850696564,0.643411636352539,1.07007193565369,1.5153169631958,2.02634572982788,2.9134407043457,1.66297924518585,2.11241841316223,2.84442281723022,1.78787553310394,2.16040539741516,2.74556398391724,1.88432681560516,2.17114043235779,2.61359882354736,1.94525408744812,2.51808571815491,3.34353351593018,3.16297793388367,3.79053711891174,4.73652935028076,5.19571256637573,6.64757823944092,7.95410871505737,10.3752031326294,9.18627166748047,9.27325248718262,14.0069437026978,9.66263771057129,9.87209892272949,15.2139205932617,19.3882865905762,22.846212387085,27.8361663818359
"81","JunnPln_Jn14,PR.1",0,0,0.117900013923645,0,0,0.127670988440514,0,0,0.135229140520096,0,0,0.161063119769096,0,0.106440849602222,0.156156539916992,0,0.530365884304047,0.831874430179596,1.11839663982391,1.61599481105804,0.928426563739777,1.18422830104828,1.60042095184326,1.01132118701935,1.22586464881897,1.56239378452301,1.07680833339691,1.24369895458221,1.50061678886414,1.12043285369873,1.45257091522217,1.931431889534,1.83101844787598,2.19664573669434,2.7481255531311,3.0201678276062,3.86994314193726,4.63496017456055,0,5.35355710983276,5.40102243423462,0,5.63368654251099,5.75268125534058,8.85686492919922,11.3090534210205,13.3658323287964,16.3088150024414
"82","JunnPln_Jn7,SPdP1",0,0,0.120472058653831,0,0,0.130456179380417,0,0,0.13817922770977,0,0,0.164576798677444,0,0.108762912452221,0.159563168883324,0,0,0,0,0.0474772341549397,0,0,0.0470196790993214,0,0,0.045902457088232,0,0,0.0440874770283699,0,0,0.0567446425557137,0,0,0.0807387456297874,0,0,0.136173143982887,0,0,0,0,0.174905389547348,0.179519593715668,0.278856039047241,0.350234657526016,0.403165459632874,0.485495120286942
"83","JunnPln_Jnn12,Ch1",0,0,0,0,0,0,0,0,0,0,0,0,0,0,0,0,0,0,0,0,0,0,0,0,0,0,0,0,0,0,0,0,0,0,0,0,0,0,0,0,0,0,0,0,0,0,0,0
"84","JunnPln_Jnn1,CR.1",0.207111150026321,0.926263391971588,1.84155464172363,0.3182273209095,1.05980980396271,1.99421715736389,0.453476577997208,1.20298945903778,2.11227536201477,0.651038408279419,1.52248501777649,2.51580142974854,0.894095659255981,1.66260313987732,2.43916058540344,1.05872023105621,0.273330986499786,0.160369426012039,0.197092816233635,0,0.131178632378578,0,0,0.102992825210094,0,0,0.0772641822695732,0,0,0.0549669787287712,0,0,0.0637403726577759,0.0698300153017044,0,0.0741338208317757,0.0947873666882515,0,0.102991707623005,0.0728542059659958,0,0.0573033764958382,0.0272021871060133,0,0.0331950038671494,0.0308047272264957,0.0213668961077929,0
"85","JunnPln_Jnn2,Wrs1",0.0333547703921795,0.149172574281693,0.296578109264374,0.051249772310257,0.170679897069931,0.321164041757584,0.0730313509702682,0.193738654255867,0.340177059173584,0.104848228394985,0.245192676782608,0.405164003372192,0.143992036581039,0.267758369445801,0.392821192741394,0.170504450798035,0.491183191537857,0.727199912071228,0.975751578807831,1.40723383426666,0.806100487709045,1.02645540237427,1.38509428501129,0.872883379459381,1.05655169487,1.34476757049561,0.924623906612396,1.06661093235016,1.28534638881683,0.957811594009399,1.24074184894562,1.64850509166718,1.56060671806335,1.8711017370224,2.33909392356873,2.56798624992371,3.2913990020752,3.93973755836487,5.13573169708252,4.53794193267822,4.57294178009033,6.90130519866943,4.75090503692627,4.84752941131592,7.46245670318604,9.52998161315918,11.2677850723267,13.7499628067017
"86","JunnPln_Jnn2,Wrs2",0.0333547703921795,0.149172574281693,0.296578109264374,0.051249772310257,0.170679897069931,0.321164041757584,0.0730313509702682,0.193738654255867,0.340177059173584,0.104848228394985,0.245192676782608,0.405164003372192,0.143992036581039,0.267758369445801,0.392821192741394,0.170504450798035,0.491183191537857,0.727199912071228,0.975751578807831,1.40723383426666,0.806100487709045,1.02645540237427,1.38509428501129,0.872883379459381,1.05655169487,1.34476757049561,0.924623906612396,1.06661093235016,1.28534638881683,0.957811594009399,1.24074184894562,1.64850509166718,1.56060671806335,1.8711017370224,2.33909392356873,2.56798624992371,3.2913990020752,3.93973755836487,5.13573169708252,4.53794193267822,4.57294178009033,6.90130519866943,4.75090503692627,4.84752941131592,7.46245670318604,9.52998161315918,11.2677850723267,13.7499628067017
"87","JunnPln_Jnn2,Wrs3",0.0333547703921795,0.149172574281693,0.296578109264374,0.051249772310257,0.170679897069931,0.321164041757584,0.0730313509702682,0.193738654255867,0.340177059173584,0.104848228394985,0.245192676782608,0.405164003372192,0.143992036581039,0.267758369445801,0.392821192741394,0.170504450798035,0.491183191537857,0.727199912071228,0.975751578807831,1.40723383426666,0.806100487709045,1.02645540237427,1.38509428501129,0.872883379459381,1.05655169487,1.34476757049561,0.924623906612396,1.06661093235016,1.28534638881683,0.957811594009399,1.24074184894562,1.64850509166718,1.56060671806335,1.8711017370224,2.33909392356873,2.56798624992371,3.2913990020752,3.93973755836487,5.13573169708252,4.53794193267822,4.57294178009033,6.90130519866943,4.75090503692627,4.84752941131592,7.46245670318604,9.52998161315918,11.2677850723267,13.7499628067017
"88","JunnPln_Jnn3,sp21",0.0333547703921795,0.149172574281693,0.296578109264374,0.051249772310257,0.170679897069931,0.321164041757584,0.0730313509702682,0.193738654255867,0.340177059173584,0.104848228394985,0.245192676782608,0.405164003372192,0.143992036581039,0.267758369445801,0.392821192741394,0.170504450798035,0.491183191537857,0.727199912071228,0.975751578807831,1.40723383426666,0.806100487709045,1.02645540237427,1.38509428501129,0.872883379459381,1.05655169487,1.34476757049561,0.924623906612396,1.06661093235016,1.28534638881683,0.957811594009399,1.24074184894562,1.64850509166718,1.56060671806335,1.8711017370224,2.33909392356873,2.56798624992371,3.2913990020752,3.93973755836487,5.13573169708252,4.53794193267822,4.57294178009033,6.90130519866943,4.75090503692627,4.84752941131592,7.46245670318604,9.52998161315918,11.2677850723267,13.7499628067017
"89","JunnPln_Jnn4,Ons1",0,0,0,0,0,0,0,0,0,0,0,0,0,0,0,0,0.0463960692286491,0,0.0978366136550903,0.141366198658943,0,0.103595525026321,0.140003800392151,0,0.107237853109837,0.136677205562592,0,0.108797989785671,0.131272986531258,0,0.127069965004921,0.168960422277451,0,0,0.240404263138771,0,0,0.405463337898254,0,0,0.472477972507477,0,0,0.502193570137024,0,0,0,1.42603981494904
"90","JunnPln_Jnn4,Ons2",0,0,0,0,0,0,0,0,0,0,0,0,0,0,0,0,0.0463960692286491,0,0.0978366136550903,0.141366198658943,0,0.103595525026321,0.140003800392151,0,0.107237853109837,0.136677205562592,0,0.108797989785671,0.131272986531258,0,0.127069965004921,0.168960422277451,0,0,0.240404263138771,0,0,0.405463337898254,0,0,0.472477972507477,0,0,0.502193570137024,0,0,0,1.42603981494904
"91","JunnPln_Jnn5,Cns1",0,0,0,0,0,0,0,0,0,0,0,0,0,0,0,0,0.0463960692286491,0,0.0978366136550903,0.141366198658943,0,0.103595525026321,0.140003800392151,0,0.107237853109837,0.136677205562592,0,0.108797989785671,0.131272986531258,0,0.127069965004921,0.168960422277451,0,0,0.240404263138771,0,0,0.405463337898254,0,0,0.472477972507477,0,0,0.502193570137024,0,0,0,1.42603981494904
"92","JunnPln_Jnn5,Cns2",0,0,0,0,0,0,0,0,0,0,0,0,0,0,0,0,0.0463960692286491,0,0.0978366136550903,0.141366198658943,0,0.103595525026321,0.140003800392151,0,0.107237853109837,0.136677205562592,0,0.108797989785671,0.131272986531258,0,0.127069965004921,0.168960422277451,0,0,0.240404263138771,0,0,0.405463337898254,0,0,0.472477972507477,0,0,0.502193570137024,0,0,0,1.42603981494904
"93","JunnPln_Jnn6,CR.1",1.11823391914368,5.00107860565186,9.94291591644287,1.71817183494568,5.7221212387085,10.7671709060669,2.44840931892395,6.49517679214478,11.4045906066895,3.51508450508118,8.22019577026367,13.5833072662354,4.82739877700806,8.97672176361084,13.169508934021,5.7162389755249,2.33878517150879,2.21950197219849,2.87049031257629,3.99865674972534,2.19235062599182,2.70883703231812,3.55744767189026,2.16064381599426,2.55441904067993,3.18115258216858,2.12401032447815,2.40605497360229,2.85002470016479,2.0777416229248,2.66039347648621,3.49742865562439,3.26353621482849,3.88167548179626,4.81192016601562,5.23242139816284,6.69860601425171,7.97027254104614,10.2730093002319,9.00827026367188,9.01347732543945,13.5077199935913,9.25655937194824,9.41687965393066,14.5041656494141,18.484842300415,21.8089466094971,26.5754776000977
"94","JunnPln_Jnn6,CR.2",1.11823391914368,5.00107860565186,9.94291591644287,1.71817183494568,5.7221212387085,10.7671709060669,2.44840931892395,6.49517679214478,11.4045906066895,3.51508450508118,8.22019577026367,13.5833072662354,4.82739877700806,8.97672176361084,13.169508934021,5.7162389755249,2.33878517150879,2.21950197219849,2.87049031257629,3.99865674972534,2.19235062599182,2.70883703231812,3.55744767189026,2.16064381599426,2.55441904067993,3.18115258216858,2.12401032447815,2.40605497360229,2.85002470016479,2.0777416229248,2.66039347648621,3.49742865562439,3.26353621482849,3.88167548179626,4.81192016601562,5.23242139816284,6.69860601425171,7.97027254104614,10.2730093002319,9.00827026367188,9.01347732543945,13.5077199935913,9.25655937194824,9.41687965393066,14.5041656494141,18.484842300415,21.8089466094971,26.5754776000977
"95","JunnPln_Jnn8,UpB1",0.14729979634285,0.658770740032196,1.30973792076111,0.226327449083328,0.753750681877136,1.4182825088501,0.322518527507782,0.855581939220428,1.50224530696869,0.463027119636536,1.08278775215149,1.78923201560974,0.635892629623413,1.18243944644928,1.73472535610199,0.752975821495056,0.603556573390961,0.75582081079483,1.00321042537689,1.43239641189575,0.81014209985733,1.02300894260406,1.37025475502014,0.854684174060822,1.02804708480835,1.3009546995163,0.887369394302368,1.01877129077911,1.2221565246582,0.905334770679474,1.1692521572113,1.54925656318665,1.46092116832733,1.74793982505798,2.18022680282593,2.38489031791687,3.04437947273254,3.63747644424438,4.73726987838745,4.20006084442139,4.24348020553589,6.40578317642212,4.42696475982666,4.5276780128479,6.99064826965332,8.87560558319092,10.3986778259277,12.6342210769653
"96","JunnPln_Jnn8,UpB2",0.14729979634285,0.658770740032196,1.30973792076111,0.226327449083328,0.753750681877136,1.4182825088501,0.322518527507782,0.855581939220428,1.50224530696869,0.463027119636536,1.08278775215149,1.78923201560974,0.635892629623413,1.18243944644928,1.73472535610199,0.752975821495056,0.603556573390961,0.75582081079483,1.00321042537689,1.43239641189575,0.81014209985733,1.02300894260406,1.37025475502014,0.854684174060822,1.02804708480835,1.3009546995163,0.887369394302368,1.01877129077911,1.2221565246582,0.905334770679474,1.1692521572113,1.54925656318665,1.46092116832733,1.74793982505798,2.18022680282593,2.38489031791687,3.04437947273254,3.63747644424438,4.73726987838745,4.20006084442139,4.24348020553589,6.40578317642212,4.42696475982666,4.5276780128479,6.99064826965332,8.87560558319092,10.3986778259277,12.6342210769653
"97","JunnPln_Jnn9,dbS1",0.150979265570641,0.675226390361786,1.34245431423187,0.231980979442596,0.77257889509201,1.45371031761169,0.330574840307236,0.876953780651093,1.53977048397064,0.474593222141266,1.10983502864838,1.83392596244812,0.651776850223541,1.21197593212128,1.77805769443512,0.771784663200378,0.80756551027298,1.07103979587555,1.43480861186981,2.06596255302429,1.17836558818817,1.49799978733063,2.01855897903442,1.2661235332489,1.53001868724823,1.94415271282196,1.33028709888458,1.53179430961609,1.84214377403259,1.36629211902618,1.76792418956757,2.34632635116577,2.21314930915833,2.65112233161926,3.30893421173096,3.6154670715332,4.6100926399231,5.50618600845337,7.16365623474121,6.38067674636841,6.47337818145752,9.78105068206787,6.80983448028564,7.0076756477356,10.9222440719604,13.7450714111328,15.8043947219849,19.0074977874756
"98","JunnPln_Jnn9,dbS2",0.150979265570641,0.675226390361786,1.34245431423187,0.231980979442596,0.77257889509201,1.45371031761169,0.330574840307236,0.876953780651093,1.53977048397064,0.474593222141266,1.10983502864838,1.83392596244812,0.651776850223541,1.21197593212128,1.77805769443512,0.771784663200378,0.80756551027298,1.07103979587555,1.43480861186981,2.06596255302429,1.17836558818817,1.49799978733063,2.01855897903442,1.2661235332489,1.53001868724823,1.94415271282196,1.33028709888458,1.53179430961609,1.84214377403259,1.36629211902618,1.76792418956757,2.34632635116577,2.21314930915833,2.65112233161926,3.30893421173096,3.6154670715332,4.6100926399231,5.50618600845337,7.16365623474121,6.38067674636841,6.47337818145752,9.78105068206787,6.80983448028564,7.0076756477356,10.9222440719604,13.7450714111328,15.8043947219849,19.0074977874756
"99","JunnPln_L.Alcc,s3",2.87036490440369,12.8371353149414,25.5222072601318,4.41032981872559,14.6879615783691,27.6379642486572,6.28475666046143,16.6722965240479,29.2741413116455,9.02277755737305,21.1002025604248,34.8666305541992,12.391321182251,23.0421085357666,33.8044624328613,14.6728620529175,4.33633518218994,3.0824568271637,3.97577214241028,5.51230096817017,2.95954537391663,3.62261819839478,4.71183204650879,2.77258133888245,3.22969079017639,3.957106590271,2.53840303421021,2.81786775588989,3.26185059547424,2.2735915184021,2.86105227470398,3.69500255584717,3.31551742553711,3.87972092628479,4.70308208465576,4.9422402381897,6.40293121337891,7.47107648849487,9.0377368927002,7.56525754928589,7.19161176681519,10.1387405395508,6.64675045013428,6.55165815353394,10.2180376052856,12.7078742980957,14.5476102828979,17.3349323272705
"100","JunnPln_L.Ccch,s",0,0,0,0,0,0,0,0,0,0,0,0,0,0,0,0,1.00611877441406,1.57808876037598,2.12162923812866,3.06558680534363,1.76125073432922,2.2465136051178,3.0360426902771,1.91850423812866,2.32549905776978,2.96390414237976,2.04273533821106,2.35933136940002,2.84671139717102,2.12549209594727,2.75556707382202,3.66397976875305,3.47349238395691,4.16709756851196,5.21327018737793,5.72934198379517,7.34138917922974,8.79264736175537,11.4808168411255,10.1558456420898,10.245888710022,0,10.6670618057251,10.890284538269,16.7612323760986,21.4143619537354,25.3323726654053,30.9242877960205
"101","JunnPln_L.Jnn,cn1",0,0,0,0,0,0,0,0,0,0,0,0,0,0,0,0,0.391643732786179,0.614289939403534,0.825869560241699,1.19331634044647,0.68558794260025,0.874482274055481,1.18181598186493,0.746800720691681,0.90522825717926,1.15373504161835,0.795159101486206,0.918397903442383,1.10811638832092,0.827373206615448,1.07263743877411,1.42624795436859,1.35209846496582,1.62209248542786,2.0293276309967,2.23021483421326,2.85772347450256,3.42264294624329,0,3.95328426361084,3.98833441734314,0,4.15228128433228,4.239173412323,6.5245099067688,8.33579635620117,9.86092948913574,12.0376482009888
"102","JunnPln_L.Jnn,cn4",0,0,0,0,0,0,0,0,0,0,0,0,0,0,0,0,0.391643732786179,0.614289939403534,0.825869560241699,1.19331634044647,0.68558794260025,0.874482274055481,1.18181598186493,0.746800720691681,0.90522825717926,1.15373504161835,0.795159101486206,0.918397903442383,1.10811638832092,0.827373206615448,1.07263743877411,1.42624795436859,1.35209846496582,1.62209248542786,2.0293276309967,2.23021483421326,2.85772347450256,3.42264294624329,0,3.95328426361084,3.98833441734314,0,4.15228128433228,4.239173412323,6.5245099067688,8.33579635620117,9.86092948913574,12.0376482009888
"103","JunnPln_L.Jnn,sh3",0,0,0,0,0,0,0,0,0,0,0,0,0,0,0,0,0.0463960692286491,0,0.0978366136550903,0.141366198658943,0,0.103595525026321,0.140003800392151,0,0.107237853109837,0.136677205562592,0,0.108797989785671,0.131272986531258,0,0.127069965004921,0.168960422277451,0,0,0.240404263138771,0,0,0.405463337898254,0,0,0.472477972507477,0,0,0.502193570137024,0,0,0,1.42603981494904
"104","JunnPln_L.Jnn,sh4",0,0,0,0,0,0,0,0,0,0,0,0,0,0,0,0,0.0463960692286491,0,0.0978366136550903,0.141366198658943,0,0.103595525026321,0.140003800392151,0,0.107237853109837,0.136677205562592,0,0.108797989785671,0.131272986531258,0,0.127069965004921,0.168960422277451,0,0,0.240404263138771,0,0,0.405463337898254,0,0,0.472477972507477,0,0,0.502193570137024,0,0,0,1.42603981494904
"105","JunnPln_L.Llcc,s1",0.1258664727211,0.562914192676544,1.11916029453278,0.193394958972931,0.644073724746704,1.21191084384918,0.275589436292648,0.731087744235992,1.28365623950958,0.395652860403061,0.925233244895935,1.52888417243958,0.543365061283112,1.01038479804993,1.48230850696564,0.643411636352539,1.07007193565369,1.5153169631958,2.02634572982788,2.9134407043457,1.66297924518585,2.11241841316223,2.84442281723022,1.78787553310394,2.16040539741516,2.74556398391724,1.88432681560516,2.17114043235779,2.61359882354736,1.94525408744812,2.51808571815491,3.34353351593018,3.16297793388367,3.79053711891174,4.73652935028076,5.19571256637573,6.64757823944092,7.95410871505737,10.3752031326294,9.18627166748047,9.27325248718262,14.0069437026978,9.66263771057129,9.87209892272949,15.2139205932617,19.3882865905762,22.846212387085,27.8361663818359
"106","JunnPln_L.Llcc,s2",0.1258664727211,0.562914192676544,1.11916029453278,0.193394958972931,0.644073724746704,1.21191084384918,0.275589436292648,0.731087744235992,1.28365623950958,0.395652860403061,0.925233244895935,1.52888417243958,0.543365061283112,1.01038479804993,1.48230850696564,0.643411636352539,1.07007193565369,1.5153169631958,2.02634572982788,2.9134407043457,1.66297924518585,2.11241841316223,2.84442281723022,1.78787553310394,2.16040539741516,2.74556398391724,1.88432681560516,2.17114043235779,2.61359882354736,1.94525408744812,2.51808571815491,3.34353351593018,3.16297793388367,3.79053711891174,4.73652935028076,5.19571256637573,6.64757823944092,7.95410871505737,10.3752031326294,9.18627166748047,9.27325248718262,14.0069437026978,9.66263771057129,9.87209892272949,15.2139205932617,19.3882865905762,22.846212387085,27.8361663818359
"107","JunnPln_L.Pc,12d1",0,0,0,0,0,0,0,0,0,0,0,0,0,0,0,0,0.882973492145538,1.38493657112122,1.86194956302643,2.6903703212738,1.54568016529083,1.97154867649078,2.66444230079651,1.68368637561798,2.04086637496948,2.60113310813904,1.79271197319031,2.0705578327179,2.49828433990479,1.86533963680267,2.41829586029053,3.21552205085754,3.04834985733032,3.65706014633179,4.57518482208252,5.02809143066406,6.44283008575439,7.71645975112915,10.0756072998047,8.91280746459961,8.99182891845703,0,9.36145210266113,9.55735397338867,14.7181262969971,18.8018379211426,22.2382316589355,27.1437072753906
"108","JunnPln_L.Pc,ins1",0,0,0,0,0,0,0,0,0,0,0,0,0,0,0,0,0.882973492145538,1.38493657112122,1.86194956302643,2.6903703212738,1.54568016529083,1.97154867649078,2.66444230079651,1.68368637561798,2.04086637496948,2.60113310813904,1.79271197319031,2.0705578327179,2.49828433990479,1.86533963680267,2.41829586029053,3.21552205085754,3.04834985733032,3.65706014633179,4.57518482208252,5.02809143066406,6.44283008575439,7.71645975112915,10.0756072998047,8.91280746459961,8.99182891845703,0,9.36145210266113,9.55735397338867,14.7181262969971,18.8018379211426,22.2382316589355,27.1437072753906
"109","JunnPln_L.Pc,ins2",0,0,0,0,0,0,0,0,0,0,0,0,0,0,0,0,0.882973492145538,1.38493657112122,1.86194956302643,2.6903703212738,1.54568016529083,1.97154867649078,2.66444230079651,1.68368637561798,2.04086637496948,2.60113310813904,1.79271197319031,2.0705578327179,2.49828433990479,1.86533963680267,2.41829586029053,3.21552205085754,3.04834985733032,3.65706014633179,4.57518482208252,5.02809143066406,6.44283008575439,7.71645975112915,10.0756072998047,8.91280746459961,8.99182891845703,0,9.36145210266113,9.55735397338867,14.7181262969971,18.8018379211426,22.2382316589355,27.1437072753906
"110","JunnPln_L.Prn,cn",0,0,0,0,0,0,0,0,0,0,0,0,0,0,0,0,1.20398938655853,1.8884471654892,2.53888416290283,3.66848754882812,2.10763120651245,2.68832945823669,3.63313293457031,2.29581117630005,2.78284859657288,3.54680705070496,2.44447445869446,2.82333445549011,3.40656638145447,2.54350686073303,3.2974967956543,4.3845648765564,4.15661478042603,4.98662948608398,6.23854970932007,6.85611581802368,8.78520011901855,10.5218734741211,13.7387180328369,12.1531677246094,12.2609195709229,18.5269565582275,12.7649230957031,13.0320472717285,20.0673046112061,25.6351795196533,30.3198356628418,37.0093536376953
"111","JunnPln_L.Prn,sh1",0,0,0,0,0,0,0,0,0,0,0,0,0,0,0,0,1.20398938655853,1.8884471654892,2.53888416290283,3.66848754882812,2.10763120651245,2.68832945823669,3.63313293457031,2.29581117630005,2.78284859657288,3.54680705070496,2.44447445869446,2.82333445549011,3.40656638145447,2.54350686073303,3.2974967956543,4.3845648765564,4.15661478042603,4.98662948608398,6.23854970932007,6.85611581802368,8.78520011901855,10.5218734741211,13.7387180328369,12.1531677246094,12.2609195709229,18.5269565582275,12.7649230957031,13.0320472717285,20.0673046112061,25.6351795196533,30.3198356628418,37.0093536376953
"112","JunnPln_L.Prn,sh2",0,0,0,0,0,0,0,0,0,0,0,0,0,0,0,0,1.20398938655853,1.8884471654892,2.53888416290283,3.66848754882812,2.10763120651245,2.68832945823669,3.63313293457031,2.29581117630005,2.78284859657288,3.54680705070496,2.44447445869446,2.82333445549011,3.40656638145447,2.54350686073303,3.2974967956543,4.3845648765564,4.15661478042603,4.98662948608398,6.23854970932007,6.85611581802368,8.78520011901855,10.5218734741211,13.7387180328369,12.1531677246094,12.2609195709229,18.5269565582275,12.7649230957031,13.0320472717285,20.0673046112061,25.6351795196533,30.3198356628418,37.0093536376953
"113","JunnPln_L.Tl,shr2",0,0,0,0,0,0,0,0,0,0,0,0,0,0,0,0,0.558079063892365,0.875342309474945,1.17683601379395,1.70043528079987,0.976939499378204,1.24610757827759,1.68404757976532,1.0641655921936,1.28991961479187,1.64403331279755,1.13307476043701,1.30868577957153,1.57902824878693,1.17897868156433,1.52847182750702,2.03235483169556,1.92669439315796,2.31142687797546,2.89172315597534,3.17798042297363,4.07215881347656,4.87715005874634,0,5.63329601287842,5.68324136734009,0,5.91685962677002,6.04067850112915,9.29720497131348,11.8782262802124,14.0514898300171,17.1532402038574
"114","JunnPln_L.Yncc,s1",0,0,0,0,0,0,0,0,0,0,0,0,0,0,0,0,1.00611877441406,1.57808876037598,2.12162923812866,3.06558680534363,1.76125073432922,2.2465136051178,3.0360426902771,1.91850423812866,2.32549905776978,2.96390414237976,2.04273533821106,2.35933136940002,2.84671139717102,2.12549209594727,2.75556707382202,3.66397976875305,3.47349238395691,4.16709756851196,5.21327018737793,5.72934198379517,7.34138917922974,8.79264736175537,11.4808168411255,10.1558456420898,10.245888710022,0,10.6670618057251,10.890284538269,16.7612323760986,21.4143619537354,25.3323726654053,30.9242877960205
"115","JunnPln_L.Yncc,s4",0,0,0,0,0,0,0,0,0,0,0,0,0,0,0,0,1.00611877441406,1.57808876037598,2.12162923812866,3.06558680534363,1.76125073432922,2.2465136051178,3.0360426902771,1.91850423812866,2.32549905776978,2.96390414237976,2.04273533821106,2.35933136940002,2.84671139717102,2.12549209594727,2.75556707382202,3.66397976875305,3.47349238395691,4.16709756851196,5.21327018737793,5.72934198379517,7.34138917922974,8.79264736175537,11.4808168411255,10.1558456420898,10.245888710022,0,10.6670618057251,10.890284538269,16.7612323760986,21.4143619537354,25.3323726654053,30.9242877960205
"116","JunnPln_Yncc2,is",0,0,0,0,0,0,0,0,0,0,0,0,0,0,0,0,0.4735007584095,0.742681980133057,0.998483598232269,1.44273006916046,0.828881859779358,1.05725681781769,1.42882597446442,0.902888655662537,1.09442901611328,1.39487600326538,0.961354374885559,1.11035120487213,1.33972263336182,1.00030148029327,1.29682815074921,1.72434639930725,1.63469898700714,1.96112418174744,2.4534752368927,2.69634938240051,3.45501303672791,4.13800573348999,0,4.7795557975769,4.82193183898926,0,5.02014493942261,5.12519836425781,7.88819026947021,10.0780515670776,11.921950340271,14.5536241531372
"117","JunnPln_Yncc4,oc",0,0,0,0,0,0,0,0,0,0,0,0,0,0,0,0,0.4735007584095,0.742681980133057,0.998483598232269,1.44273006916046,0.828881859779358,1.05725681781769,1.42882597446442,0.902888655662537,1.09442901611328,1.39487600326538,0.961354374885559,1.11035120487213,1.33972263336182,1.00030148029327,1.29682815074921,1.72434639930725,1.63469898700714,1.96112418174744,2.4534752368927,2.69634938240051,3.45501303672791,4.13800573348999,0,4.7795557975769,4.82193183898926,0,5.02014493942261,5.12519836425781,7.88819026947021,10.0780515670776,11.921950340271,14.5536241531372
"118","JunnPln_Yncch1,w",0,0,0,0,0,0,0,0,0,0,0,0,0,0,0,0,0.4735007584095,0.742681980133057,0.998483598232269,1.44273006916046,0.828881859779358,1.05725681781769,1.42882597446442,0.902888655662537,1.09442901611328,1.39487600326538,0.961354374885559,1.11035120487213,1.33972263336182,1.00030148029327,1.29682815074921,1.72434639930725,1.63469898700714,1.96112418174744,2.4534752368927,2.69634938240051,3.45501303672791,4.13800573348999,0,4.7795557975769,4.82193183898926,0,5.02014493942261,5.12519836425781,7.88819026947021,10.0780515670776,11.921950340271,14.5536241531372
"119","JunnPln_Yncch3,s1",0,0,0,0,0,0,0,0,0,0,0,0,0,0,0,0,0.4735007584095,0.742681980133057,0.998483598232269,1.44273006916046,0.828881859779358,1.05725681781769,1.42882597446442,0.902888655662537,1.09442901611328,1.39487600326538,0.961354374885559,1.11035120487213,1.33972263336182,1.00030148029327,1.29682815074921,1.72434639930725,1.63469898700714,1.96112418174744,2.4534752368927,2.69634938240051,3.45501303672791,4.13800573348999,0,4.7795557975769,4.82193183898926,0,5.02014493942261,5.12519836425781,7.88819026947021,10.0780515670776,11.921950340271,14.5536241531372
"120","JunnPln_Yncch3,s2",0,0,0,0,0,0,0,0,0,0,0,0,0,0,0,0,0.4735007584095,0.742681980133057,0.998483598232269,1.44273006916046,0.828881859779358,1.05725681781769,1.42882597446442,0.902888655662537,1.09442901611328,1.39487600326538,0.961354374885559,1.11035120487213,1.33972263336182,1.00030148029327,1.29682815074921,1.72434639930725,1.63469898700714,1.96112418174744,2.4534752368927,2.69634938240051,3.45501303672791,4.13800573348999,0,4.7795557975769,4.82193183898926,0,5.02014493942261,5.12519836425781,7.88819026947021,10.0780515670776,11.921950340271,14.5536241531372
"121","Sml-McE_ChrrrsLk",0.0372246727347374,0.15485455095768,0.271829962730408,0.0559075511991978,0.171545907855034,0.284586161375046,0.0776984542608261,0.188347205519676,0.294038861989975,0.113366901874542,0.246063381433487,0.375589340925217,0.167873695492744,0.292286783456802,0.405391812324524,0.215341299772263,0.261455982923508,0.227901235222816,0.300433099269867,0.361625045537949,0.236261576414108,0.298390656709671,0.352379620075226,0.245503485202789,0.298081606626511,0.342355221509933,0.255902200937271,0.299513518810272,0.33501198887825,0.269341945648193,0.385790824890137,0.48760986328125,0.452838748693466,0.573492288589478,0.698616862297058,0.653593361377716,0.777831673622131,0.903189182281494,0.91681969165802,1.06349992752075,1.20425283908844,1.61336326599121,1.94287931919098,2.62360334396362,2.58491086959839,2.59365463256836,3.18763017654419,3.22732710838318
"122","Sml-McE_FondCoch",0.0413822568953037,0.1721500903368,0.302190393209457,0.0621518082916737,0.190705701708794,0.316371291875839,0.0863765105605125,0.209383517503738,0.326879769563675,0.12602873146534,0.273545950651169,0.417538553476334,0.186623334884644,0.324932008981705,0.450669586658478,0.239392548799515,0.199096500873566,0.115975469350815,0.148257628083229,0.172274857759476,0.108347237110138,0.131218835711479,0.147962838411331,0.0979283303022385,0.112534016370773,0.121732756495476,0.0852188840508461,0.0930118337273598,0.0965016186237335,0.0715420618653297,0.0940840393304825,0.109367683529854,0.0923134535551071,0.107447683811188,0.120373621582985,0.101602807641029,0.110873006284237,0.117675974965096,0.107609316706657,0.113724261522293,0.116797760128975,0.146318301558495,0.14722053706646,0.16703325510025,0.135983869433403,0.1253781914711,0.146625518798828,0.135452315211296
"123","Sml-McE_LgnsdNpl",0.0388974770903587,0.161813408136368,0.284045487642288,0.0584199242293835,0.179254844784737,0.297374904155731,0.0811900720000267,0.196811154484749,0.307252407073975,0.118461385369301,0.257120996713638,0.392467588186264,0.175417602062225,0.305421590805054,0.42360931634903,0.225018322467804,0.189376890659332,0.112365283071995,0.141647070646286,0.162393391132355,0.100816830992699,0.120600588619709,0.134419500827789,0.0880171954631805,0.100158289074898,0.107411950826645,0.0746504664421082,0.0810069069266319,0.0837127566337585,0.0619497522711754,0.0815088376402855,0.0949398055672646,0.0806381329894066,0.0944517552852631,0.106700778007507,0.0914820730686188,0.101267993450165,0.109431251883507,0.102691933512688,0.111339882016182,0.1179159283638,0.150916427373886,0.163711696863174,0.201795548200607,0.182012215256691,0.176125451922417,0.212087363004684,0.207535982131958
"124","Sml-McE_Llaviacu",0.0345824770629406,0.143863007426262,0.252535551786423,0.0519392490386963,0.159369632601738,0.2643863260746,0.0721834376454353,0.174978375434875,0.273168087005615,0.105320148169994,0.228597864508629,0.34893012046814,0.155958071351051,0.271540343761444,0.376617223024368,0.200056448578835,0.35938161611557,0.386498689651489,0.518387138843536,0.635194540023804,0.422363340854645,0.542878448963165,0.652389049530029,0.462487101554871,0.571042120456696,0.66666579246521,0.506304502487183,0.601601481437683,0.682645440101624,0.556373775005341,0.807069301605225,1.03140914440155,0.968358814716339,1.237065076828,1.51858723163605,0,0,2.00244569778442,0,2.3815643787384,2.70769691467285,3.63707685470581,4.403395652771,5.97109222412109,5.89689207077026,5.92773532867432,7.29699516296387,7.39491033554077
"125","Sml-McE_Patoquns",0.0413822568953037,0.1721500903368,0.302190393209457,0.0621518082916737,0.190705701708794,0.316371291875839,0.0863765105605125,0.209383517503738,0.326879769563675,0.12602873146534,0.273545950651169,0.417538553476334,0.186623334884644,0.324932008981705,0.450669586658478,0.239392548799515,0.199096500873566,0.115975469350815,0.148257628083229,0.172274857759476,0.108347237110138,0.131218835711479,0.147962838411331,0.0979283303022385,0.112534016370773,0.121732756495476,0.0852188840508461,0.0930118337273598,0.0965016186237335,0.0715420618653297,0.0940840393304825,0.109367683529854,0.0923134535551071,0.107447683811188,0.120373621582985,0.101602807641029,0.110873006284237,0.117675974965096,0.107609316706657,0.113724261522293,0.116797760128975,0.146318301558495,0.14722053706646,0.16703325510025,0.135983869433403,0.1253781914711,0.146625518798828,0.135452315211296
"126","Sml-McE_Toreador",0.0413822568953037,0.1721500903368,0.302190393209457,0.0621518082916737,0.190705701708794,0.316371291875839,0.0863765105605125,0.209383517503738,0.326879769563675,0.12602873146534,0.273545950651169,0.417538553476334,0.186623334884644,0.324932008981705,0.450669586658478,0.239392548799515,0.199096500873566,0.115975469350815,0.148257628083229,0.172274857759476,0.108347237110138,0.131218835711479,0.147962838411331,0.0979283303022385,0.112534016370773,0.121732756495476,0.0852188840508461,0.0930118337273598,0.0965016186237335,0.0715420618653297,0.0940840393304825,0.109367683529854,0.0923134535551071,0.107447683811188,0.120373621582985,0.101602807641029,0.110873006284237,0.117675974965096,0.107609316706657,0.113724261522293,0.116797760128975,0.146318301558495,0.14722053706646,0.16703325510025,0.135983869433403,0.1253781914711,0.146625518798828,0.135452315211296
