<?xml version="1.0" encoding="UTF-8"?>
<metadata xml:lang="en"><Esri><CreaDate>20160819</CreaDate><CreaTime>11264700</CreaTime><ArcGISFormat>1.0</ArcGISFormat><SyncOnce>FALSE</SyncOnce><DataProperties><itemProps><itemName Sync="TRUE">dem2.bil</itemName><itemLocation><linkage Sync="TRUE">file://C:\Users\xbenitogranell2\Documents\BioGeoDataR\dem\dem2.bil</linkage><protocol Sync="TRUE">Local Area Network</protocol></itemLocation><imsContentType Sync="TRUE">002</imsContentType><nativeExtBox><westBL Sync="TRUE">-90.000000</westBL><eastBL Sync="TRUE">-30.000000</eastBL><southBL Sync="TRUE">-59.999878</southBL><northBL Sync="TRUE">30.000122</northBL><exTypeCode Sync="TRUE">1</exTypeCode></nativeExtBox></itemProps><RasterProperties><General><PixelDepth Sync="TRUE">16</PixelDepth><HasColormap Sync="TRUE">FALSE</HasColormap><CompressionType Sync="TRUE">None</CompressionType><NumBands Sync="TRUE">1</NumBands><Format Sync="TRUE">BIL</Format><HasPyramids Sync="TRUE">TRUE</HasPyramids><SourceType Sync="TRUE">continuous</SourceType><PixelType Sync="TRUE">signed integer</PixelType><NoDataValue Sync="TRUE">32767</NoDataValue></General></RasterProperties></DataProperties><SyncDate>20160819</SyncDate><SyncTime>11264700</SyncTime><ModDate>20160819</ModDate><ModTime>11264700</ModTime></Esri><dataIdInfo><envirDesc Sync="TRUE"> Version 6.2 (Build 9200) ; Esri ArcGIS 10.4.1.5686</envirDesc><dataLang><languageCode value="eng" Sync="TRUE"></languageCode><countryCode value="USA" Sync="TRUE"></countryCode></dataLang><idCitation><resTitle Sync="TRUE">dem2.bil</resTitle><presForm><PresFormCd value="005" Sync="TRUE"></PresFormCd></presForm></idCitation><spatRpType><SpatRepTypCd value="002" Sync="TRUE"></SpatRepTypCd></spatRpType></dataIdInfo><mdLang><languageCode value="eng" Sync="TRUE"></languageCode><countryCode value="USA" Sync="TRUE"></countryCode></mdLang><mdChar><CharSetCd value="004" Sync="TRUE"></CharSetCd></mdChar><distInfo><distFormat><formatName Sync="TRUE">Raster Dataset</formatName></distFormat></distInfo><mdHrLv><ScopeCd value="005" Sync="TRUE"></ScopeCd></mdHrLv><mdHrLvName Sync="TRUE">dataset</mdHrLvName><spatRepInfo><Georect><cellGeo><CellGeoCd Sync="TRUE" value="002"></CellGeoCd></cellGeo><numDims Sync="TRUE">2</numDims><tranParaAv Sync="TRUE">1</tranParaAv><chkPtAv Sync="TRUE">0</chkPtAv><cornerPts><pos Sync="TRUE">-90.000000 -59.999878</pos></cornerPts><cornerPts><pos Sync="TRUE">-90.000000 30.000122</pos></cornerPts><cornerPts><pos Sync="TRUE">-30.000000 30.000122</pos></cornerPts><cornerPts><pos Sync="TRUE">-30.000000 -59.999878</pos></cornerPts><centerPt><pos Sync="TRUE">-60.000000 -14.999878</pos></centerPt><axisDimension type="002"><dimSize Sync="TRUE">7200</dimSize><dimResol><value Sync="TRUE">0.008333</value></dimResol></axisDimension><axisDimension type="001"><dimSize Sync="TRUE">10800</dimSize><dimResol><value Sync="TRUE">0.008333</value></dimResol></axisDimension><ptInPixel><PixOrientCd Sync="TRUE" value="001"></PixOrientCd></ptInPixel></Georect></spatRepInfo><contInfo><ImgDesc><contentTyp><ContentTypCd Sync="TRUE" value="001"></ContentTypCd></contentTyp><covDim><Band><dimDescrp Sync="TRUE">Band_1</dimDescrp><bitsPerVal Sync="TRUE">16</bitsPerVal></Band></covDim></ImgDesc></contInfo><mdDateSt Sync="TRUE">20160819</mdDateSt></metadata>
